,id,popularity,release_date,title,vote_average,vote_count
0,278,36.9269,1994-09-23,The Shawshank Redemption,8.7,29857
1,238,31.9743,1972-03-14,The Godfather,8.687,22541
2,240,15.4289,1974-12-20,The Godfather Part II,8.571,13647
3,424,20.0604,1993-12-15,Schindler's List,8.566,17168
4,389,16.9499,1957-04-10,12 Angry Men,8.555,9794
5,129,18.1347,2001-07-20,Spirited Away,8.534,18019
6,155,40.8598,2008-07-16,The Dark Knight,8.527,35274
7,19404,7.4706,1995-10-20,Dilwale Dulhania Le Jayenge,8.518,4564
8,497,19.2181,1999-12-10,The Green Mile,8.505,18916
9,122,24.4279,2003-12-17,The Lord of the Rings: The Return of the King,8.494,26114
10,496243,22.814,2019-05-30,Parasite,8.493,20221
11,680,20.2156,1994-09-10,Pulp Fiction,8.486,29781
12,372058,18.7485,2016-08-26,Your Name.,8.479,12324
13,157336,50.3921,2014-11-05,Interstellar,8.468,39027
14,429,18.4054,1966-12-23,"The Good, the Bad and the Ugly",8.468,9457
15,13,31.4994,1994-06-23,Forrest Gump,8.5,29329
16,769,21.5977,1990-09-12,GoodFellas,8.452,14079
17,346,7.3614,1954-04-26,Seven Samurai,8.45,4129
18,12477,0.0099,1988-04-16,Grave of the Fireflies,8.444,6385
19,637,11.6701,1997-12-20,Life Is Beautiful,8.44,13825
20,278,36.9269,1994-09-23,The Shawshank Redemption,8.7,29857
21,238,31.9743,1972-03-14,The Godfather,8.687,22541
22,240,15.4289,1974-12-20,The Godfather Part II,8.571,13647
23,424,20.0604,1993-12-15,Schindler's List,8.566,17168
24,389,16.9499,1957-04-10,12 Angry Men,8.555,9794
25,129,18.1347,2001-07-20,Spirited Away,8.534,18019
26,155,40.8598,2008-07-16,The Dark Knight,8.527,35274
27,19404,7.4706,1995-10-20,Dilwale Dulhania Le Jayenge,8.518,4564
28,497,19.2181,1999-12-10,The Green Mile,8.505,18916
29,122,24.4279,2003-12-17,The Lord of the Rings: The Return of the King,8.494,26114
30,496243,22.814,2019-05-30,Parasite,8.493,20221
31,680,20.2156,1994-09-10,Pulp Fiction,8.486,29781
32,372058,18.7485,2016-08-26,Your Name.,8.479,12324
33,157336,50.3921,2014-11-05,Interstellar,8.468,39027
34,429,18.4054,1966-12-23,"The Good, the Bad and the Ugly",8.468,9457
35,13,31.4994,1994-06-23,Forrest Gump,8.5,29329
36,769,21.5977,1990-09-12,GoodFellas,8.452,14079
37,346,7.3614,1954-04-26,Seven Samurai,8.45,4129
38,12477,0.0099,1988-04-16,Grave of the Fireflies,8.444,6385
39,637,11.6701,1997-12-20,Life Is Beautiful,8.44,13825
40,550,27.8732,1999-10-15,Fight Club,8.438,31545
41,14537,3.6991,1962-09-15,Harakiri,8.437,1170
42,120,24.9495,2001-12-18,The Lord of the Rings: The Fellowship of the Ring,8.429,27105
43,598,11.2763,2002-08-30,City of God,8.428,8036
44,11216,8.6291,1988-11-17,Cinema Paradiso,8.424,4741
45,40096,2.3796,2000-09-15,A Dog's Will,8.4,1205
46,667257,1.4434,2021-06-17,Impossible Things,8.421,419
47,539,18.1236,1960-06-22,Psycho,8.415,10839
48,121,17.6118,2002-12-18,The Lord of the Rings: The Two Towers,8.413,23518
49,510,8.349,1975-11-19,One Flew Over the Cuckoo's Nest,8.412,11247
50,255709,4.3591,2013-10-02,Hope,8.397,825
51,696374,2.2768,2020-05-29,Gabriel's Inferno,8.396,2444
52,324857,19.9736,2018-12-06,Spider-Man: Into the Spider-Verse,8.394,16928
53,1891,9.4677,1980-05-20,The Empire Strikes Back,8.391,18129
54,4935,13.285,2004-09-09,Howl's Moving Castle,8.387,10858
55,311,11.3932,1984-05-23,Once Upon a Time in America,8.385,5921
56,378064,7.4555,2016-09-17,A Silent Voice: The Movie,8.4,4378
57,807,29.4982,1995-09-22,Se7en,8.4,22711
58,244786,16.0969,2014-10-10,Whiplash,8.374,16362
59,423,19.0625,2002-09-17,The Pianist,8.374,9958
60,724089,2.8426,2020-07-31,Gabriel's Inferno: Part II,8.371,1536
61,27205,33.9724,2010-07-15,Inception,8.371,38783
62,761053,3.0653,2020-11-19,Gabriel's Inferno: Part III,8.362,1073
63,770156,4.6213,2020-10-19,Lucy Shimmers and the Prince of Peace,8.36,349
64,12493,3.4989,1963-03-01,High and Low,8.3,1088
65,274,4.3592,1991-02-14,The Silence of the Lambs,8.347,17642
66,567,12.2075,1954-08-01,Rear Window,8.342,7038
67,1058694,2.5451,2023-10-19,Radical,8.34,490
68,1218925,21.4518,2025-09-19,Chainsaw Man - The Movie: Reze Arc,8.336,736
69,569094,24.0208,2023-05-31,Spider-Man: Across the Spider-Verse,8.3,8317
70,73,8.4342,1998-07-01,American History X,8.327,12367
71,105,19.1866,1985-07-03,Back to the Future,8.324,21446
72,128,11.5675,1997-07-12,Princess Mononoke,8.3,8807
73,620249,3.5442,2019-08-27,The Legend of Hei,8.3,444
74,1184918,19.236,2024-09-12,The Wild Robot,8.311,5777
75,3782,3.7555,1952-10-09,Ikiru,8.3,1306
76,10494,13.0989,1998-02-28,Perfect Blue,8.302,3080
77,207,11.297,1989-06-02,Dead Poets Society,8.302,12338
78,372754,2.0471,2016-02-20,Dou kyu sei – Classmates,8.3,426
79,820067,2.8195,2022-05-20,The Quintessential Quintuplets Movie,8.3,431
80,533514,2.7952,2020-09-18,Violet Evergarden: The Movie,8.295,491
81,101,35.4013,1994-09-14,Léon: The Professional,8.295,15838
82,42269,1.6608,1974-12-21,We All Loved Each Other So Much,8.3,632
83,644479,1.3211,2019-11-01,Dedicated to my ex,8.3,513
84,914,6.1962,1940-10-15,The Great Dictator,8.284,3632
85,599,11.8322,1950-08-10,Sunset Boulevard,8.282,2869
86,3082,9.4394,1936-02-05,Modern Times,8.281,4008
87,15804,2.3922,1991-07-27,A Brighter Summer Day,8.28,375
88,335,9.7216,1968-12-21,Once Upon a Time in the West,8.28,4791
89,1585,8.7719,1946-12-20,It's a Wonderful Life,8.278,4805
90,1139087,3.822,2023-09-24,Once Upon a Studio,8.274,418
91,652837,3.8756,2020-12-25,"Josee, the Tiger and the Fish",8.27,572
92,77338,16.1204,2011-11-02,The Intouchables,8.27,18198
93,1356039,11.8868,2025-02-27,Counterattack,8.26,793
94,28,17.6219,1979-05-19,Apocalypse Now,8.266,8911
95,18491,13.2959,1997-07-19,Neon Genesis Evangelion: The End of Evangelion,8.261,1797
96,29259,8.6735,1960-03-18,Le Trou,8.261,552
97,975,3.8693,1957-10-25,Paths of Glory,8.257,3211
98,901,10.9812,1931-02-06,City Lights,8.257,2401
99,632632,1.6985,2020-08-22,Given,8.3,413
100,92321,0.0035,2011-09-17,Hotarubi no Mori e,8.254,1203
101,572154,2.6367,2019-06-15,Rascal Does Not Dream of a Dreaming Girl,8.253,576
102,637920,7.9084,2019-10-10,Miracle in Cell No. 7,8.252,4529
103,8587,20.8448,1994-06-15,The Lion King,8.252,19438
104,654299,1.3039,2019-12-24,Out of the Clear Blue Sky,8.25,376
105,10376,3.3864,1998-10-28,The Legend of 1900,8.2,2408
106,630566,3.1882,2020-10-09,Clouds,8.239,1045
107,447362,3.5846,2020-11-27,Life in a Year,8.239,1950
108,670,15.344,2003-11-21,Oldboy,8.239,9621
109,603,30.0884,1999-03-31,The Matrix,8.239,27462
110,299534,15.5144,2019-04-24,Avengers: Endgame,8.236,27325
111,299536,27.3859,2018-04-25,Avengers: Infinity War,8.2,31553
112,504253,4.0633,2018-09-01,I Want to Eat Your Pancreas,8.2,1726
113,508965,7.3811,2019-11-08,Klaus,8.223,4566
114,490132,12.4577,2018-11-16,Green Book,8.223,12634
115,24188,1.2082,1962-12-05,Il Sorpasso,8.222,823
116,98,14.5394,2000-05-04,Gladiator,8.222,20576
117,527641,4.8348,2019-03-14,Five Feet Apart,8.221,5866
118,92060,1.4682,1983-11-14,Michael Jackson's Thriller,8.2,737
119,857,11.9153,1998-07-24,Saving Private Ryan,8.221,16930
120,37257,3.0695,1957-12-17,Witness for the Prosecution,8.219,1627
121,110420,3.227,2012-07-21,Wolf Children,8.2,2436
122,25237,6.8547,1985-10-17,Come and See,8.219,1763
123,568332,1.0629,2018-12-31,Taylor Swift: Reputation Stadium Tour,8.217,423
124,1186532,4.2051,2024-08-22,The Forge,8.2,322
125,265177,2.1939,2014-09-19,Mommy,8.2,2817
126,16869,22.4513,2009-08-02,Inglourious Basterds,8.215,23824
127,618344,2.6293,2020-05-05,Justice League Dark: Apokolips War,8.209,1546
128,1160164,5.1393,2023-10-13,TAYLOR SWIFT | THE ERAS TOUR,8.208,510
129,995133,3.0599,2022-12-25,"The Boy, the Mole, the Fox and the Horse",8.207,690
130,16672,1.4079,1964-02-15,Woman in the Dunes,8.207,505
131,1124,25.5569,2006-10-17,The Prestige,8.205,17286
132,694,18.1744,1980-05-23,The Shining,8.205,18661
133,315162,12.7959,2022-12-07,Puss in Boots: The Last Wish,8.204,8656
134,635302,7.8172,2020-10-16,Demon Slayer -Kimetsu no Yaiba- The Movie: Mugen Train,8.201,4411
135,50014,10.0954,2011-08-09,The Help,8.201,8887
136,11324,21.3485,2010-02-14,Shutter Island,8.2,25495
137,11,17.3502,1977-05-25,Star Wars,8.2,22002
138,354912,23.8445,2017-10-27,Coco,8.199,20708
139,283566,4.3512,2021-03-08,Evangelion: 3.0+1.0 Thrice Upon a Time,8.2,916
140,278,36.9269,1994-09-23,The Shawshank Redemption,8.7,29857
141,238,31.9743,1972-03-14,The Godfather,8.687,22541
142,240,15.4289,1974-12-20,The Godfather Part II,8.571,13647
143,424,20.0604,1993-12-15,Schindler's List,8.566,17168
144,389,16.9499,1957-04-10,12 Angry Men,8.555,9794
145,129,18.1347,2001-07-20,Spirited Away,8.534,18019
146,155,40.8598,2008-07-16,The Dark Knight,8.527,35274
147,19404,7.4706,1995-10-20,Dilwale Dulhania Le Jayenge,8.518,4564
148,497,19.2181,1999-12-10,The Green Mile,8.505,18916
149,122,24.4279,2003-12-17,The Lord of the Rings: The Return of the King,8.494,26114
150,496243,22.814,2019-05-30,Parasite,8.493,20221
151,680,20.2156,1994-09-10,Pulp Fiction,8.486,29781
152,372058,18.7485,2016-08-26,Your Name.,8.479,12324
153,157336,50.3921,2014-11-05,Interstellar,8.468,39027
154,429,18.4054,1966-12-23,"The Good, the Bad and the Ugly",8.468,9457
155,13,31.4994,1994-06-23,Forrest Gump,8.5,29329
156,769,21.5977,1990-09-12,GoodFellas,8.452,14079
157,346,7.3614,1954-04-26,Seven Samurai,8.45,4129
158,12477,0.0099,1988-04-16,Grave of the Fireflies,8.444,6385
159,637,11.6701,1997-12-20,Life Is Beautiful,8.44,13825
160,550,27.8732,1999-10-15,Fight Club,8.438,31545
161,14537,3.6991,1962-09-15,Harakiri,8.437,1170
162,120,24.9495,2001-12-18,The Lord of the Rings: The Fellowship of the Ring,8.429,27105
163,598,11.2763,2002-08-30,City of God,8.428,8036
164,11216,8.6291,1988-11-17,Cinema Paradiso,8.424,4741
165,40096,2.3796,2000-09-15,A Dog's Will,8.4,1205
166,667257,1.4434,2021-06-17,Impossible Things,8.421,419
167,539,18.1236,1960-06-22,Psycho,8.415,10839
168,121,17.6118,2002-12-18,The Lord of the Rings: The Two Towers,8.413,23518
169,510,8.349,1975-11-19,One Flew Over the Cuckoo's Nest,8.412,11247
170,255709,4.3591,2013-10-02,Hope,8.397,825
171,696374,2.2768,2020-05-29,Gabriel's Inferno,8.396,2444
172,324857,19.9736,2018-12-06,Spider-Man: Into the Spider-Verse,8.394,16928
173,1891,9.4677,1980-05-20,The Empire Strikes Back,8.391,18129
174,4935,13.285,2004-09-09,Howl's Moving Castle,8.387,10858
175,311,11.3932,1984-05-23,Once Upon a Time in America,8.385,5921
176,378064,7.4555,2016-09-17,A Silent Voice: The Movie,8.4,4378
177,807,29.4982,1995-09-22,Se7en,8.4,22711
178,244786,16.0969,2014-10-10,Whiplash,8.374,16362
179,423,19.0625,2002-09-17,The Pianist,8.374,9958
180,724089,2.8426,2020-07-31,Gabriel's Inferno: Part II,8.371,1536
181,27205,33.9724,2010-07-15,Inception,8.371,38783
182,761053,3.0653,2020-11-19,Gabriel's Inferno: Part III,8.362,1073
183,770156,4.6213,2020-10-19,Lucy Shimmers and the Prince of Peace,8.36,349
184,12493,3.4989,1963-03-01,High and Low,8.3,1088
185,274,4.3592,1991-02-14,The Silence of the Lambs,8.347,17642
186,567,12.2075,1954-08-01,Rear Window,8.342,7038
187,1058694,2.5451,2023-10-19,Radical,8.34,490
188,1218925,21.4518,2025-09-19,Chainsaw Man - The Movie: Reze Arc,8.336,736
189,569094,24.0208,2023-05-31,Spider-Man: Across the Spider-Verse,8.3,8317
190,73,8.4342,1998-07-01,American History X,8.327,12367
191,105,19.1866,1985-07-03,Back to the Future,8.324,21446
192,128,11.5675,1997-07-12,Princess Mononoke,8.3,8807
193,620249,3.5442,2019-08-27,The Legend of Hei,8.3,444
194,1184918,19.236,2024-09-12,The Wild Robot,8.311,5777
195,3782,3.7555,1952-10-09,Ikiru,8.3,1306
196,10494,13.0989,1998-02-28,Perfect Blue,8.302,3080
197,207,11.297,1989-06-02,Dead Poets Society,8.302,12338
198,372754,2.0471,2016-02-20,Dou kyu sei – Classmates,8.3,426
199,820067,2.8195,2022-05-20,The Quintessential Quintuplets Movie,8.3,431
200,533514,2.7952,2020-09-18,Violet Evergarden: The Movie,8.295,491
201,101,35.4013,1994-09-14,Léon: The Professional,8.295,15838
202,42269,1.6608,1974-12-21,We All Loved Each Other So Much,8.3,632
203,644479,1.3211,2019-11-01,Dedicated to my ex,8.3,513
204,914,6.1962,1940-10-15,The Great Dictator,8.284,3632
205,599,11.8322,1950-08-10,Sunset Boulevard,8.282,2869
206,3082,9.4394,1936-02-05,Modern Times,8.281,4008
207,15804,2.3922,1991-07-27,A Brighter Summer Day,8.28,375
208,335,9.7216,1968-12-21,Once Upon a Time in the West,8.28,4791
209,1585,8.7719,1946-12-20,It's a Wonderful Life,8.278,4805
210,1139087,3.822,2023-09-24,Once Upon a Studio,8.274,418
211,652837,3.8756,2020-12-25,"Josee, the Tiger and the Fish",8.27,572
212,77338,16.1204,2011-11-02,The Intouchables,8.27,18198
213,1356039,11.8868,2025-02-27,Counterattack,8.26,793
214,28,17.6219,1979-05-19,Apocalypse Now,8.266,8911
215,18491,13.2959,1997-07-19,Neon Genesis Evangelion: The End of Evangelion,8.261,1797
216,29259,8.6735,1960-03-18,Le Trou,8.261,552
217,975,3.8693,1957-10-25,Paths of Glory,8.257,3211
218,901,10.9812,1931-02-06,City Lights,8.257,2401
219,632632,1.6985,2020-08-22,Given,8.3,413
220,278,36.9269,1994-09-23,The Shawshank Redemption,8.7,29857
221,238,31.9743,1972-03-14,The Godfather,8.687,22541
222,240,15.4289,1974-12-20,The Godfather Part II,8.571,13647
223,424,20.0604,1993-12-15,Schindler's List,8.566,17168
224,389,16.9499,1957-04-10,12 Angry Men,8.555,9794
225,129,18.1347,2001-07-20,Spirited Away,8.534,18019
226,155,40.8598,2008-07-16,The Dark Knight,8.527,35274
227,19404,7.4706,1995-10-20,Dilwale Dulhania Le Jayenge,8.518,4564
228,497,19.2181,1999-12-10,The Green Mile,8.505,18916
229,122,24.4279,2003-12-17,The Lord of the Rings: The Return of the King,8.494,26114
230,496243,22.814,2019-05-30,Parasite,8.493,20221
231,680,20.2156,1994-09-10,Pulp Fiction,8.486,29781
232,372058,18.7485,2016-08-26,Your Name.,8.479,12324
233,157336,50.3921,2014-11-05,Interstellar,8.468,39027
234,429,18.4054,1966-12-23,"The Good, the Bad and the Ugly",8.468,9457
235,13,31.4994,1994-06-23,Forrest Gump,8.5,29329
236,769,21.5977,1990-09-12,GoodFellas,8.452,14079
237,346,7.3614,1954-04-26,Seven Samurai,8.45,4129
238,12477,0.0099,1988-04-16,Grave of the Fireflies,8.444,6385
239,637,11.6701,1997-12-20,Life Is Beautiful,8.44,13825
240,550,27.8732,1999-10-15,Fight Club,8.438,31545
241,14537,3.6991,1962-09-15,Harakiri,8.437,1170
242,120,24.9495,2001-12-18,The Lord of the Rings: The Fellowship of the Ring,8.429,27105
243,598,11.2763,2002-08-30,City of God,8.428,8036
244,11216,8.6291,1988-11-17,Cinema Paradiso,8.424,4741
245,40096,2.3796,2000-09-15,A Dog's Will,8.4,1205
246,667257,1.4434,2021-06-17,Impossible Things,8.421,419
247,539,18.1236,1960-06-22,Psycho,8.415,10839
248,121,17.6118,2002-12-18,The Lord of the Rings: The Two Towers,8.413,23518
249,510,8.349,1975-11-19,One Flew Over the Cuckoo's Nest,8.412,11247
250,255709,4.3591,2013-10-02,Hope,8.397,825
251,696374,2.2768,2020-05-29,Gabriel's Inferno,8.396,2444
252,324857,19.9736,2018-12-06,Spider-Man: Into the Spider-Verse,8.394,16928
253,1891,9.4677,1980-05-20,The Empire Strikes Back,8.391,18129
254,4935,13.285,2004-09-09,Howl's Moving Castle,8.387,10858
255,311,11.3932,1984-05-23,Once Upon a Time in America,8.385,5921
256,378064,7.4555,2016-09-17,A Silent Voice: The Movie,8.4,4378
257,807,29.4982,1995-09-22,Se7en,8.4,22711
258,244786,16.0969,2014-10-10,Whiplash,8.374,16362
259,423,19.0625,2002-09-17,The Pianist,8.374,9958
260,724089,2.8426,2020-07-31,Gabriel's Inferno: Part II,8.371,1536
261,27205,33.9724,2010-07-15,Inception,8.371,38783
262,761053,3.0653,2020-11-19,Gabriel's Inferno: Part III,8.362,1073
263,770156,4.6213,2020-10-19,Lucy Shimmers and the Prince of Peace,8.36,349
264,12493,3.4989,1963-03-01,High and Low,8.3,1088
265,274,4.3592,1991-02-14,The Silence of the Lambs,8.347,17642
266,567,12.2075,1954-08-01,Rear Window,8.342,7038
267,1058694,2.5451,2023-10-19,Radical,8.34,490
268,1218925,21.4518,2025-09-19,Chainsaw Man - The Movie: Reze Arc,8.336,736
269,569094,24.0208,2023-05-31,Spider-Man: Across the Spider-Verse,8.3,8317
270,73,8.4342,1998-07-01,American History X,8.327,12367
271,105,19.1866,1985-07-03,Back to the Future,8.324,21446
272,128,11.5675,1997-07-12,Princess Mononoke,8.3,8807
273,620249,3.5442,2019-08-27,The Legend of Hei,8.3,444
274,1184918,19.236,2024-09-12,The Wild Robot,8.311,5777
275,3782,3.7555,1952-10-09,Ikiru,8.3,1306
276,10494,13.0989,1998-02-28,Perfect Blue,8.302,3080
277,207,11.297,1989-06-02,Dead Poets Society,8.302,12338
278,372754,2.0471,2016-02-20,Dou kyu sei – Classmates,8.3,426
279,820067,2.8195,2022-05-20,The Quintessential Quintuplets Movie,8.3,431
280,533514,2.7952,2020-09-18,Violet Evergarden: The Movie,8.295,491
281,101,35.4013,1994-09-14,Léon: The Professional,8.295,15838
282,42269,1.6608,1974-12-21,We All Loved Each Other So Much,8.3,632
283,644479,1.3211,2019-11-01,Dedicated to my ex,8.3,513
284,914,6.1962,1940-10-15,The Great Dictator,8.284,3632
285,599,11.8322,1950-08-10,Sunset Boulevard,8.282,2869
286,3082,9.4394,1936-02-05,Modern Times,8.281,4008
287,15804,2.3922,1991-07-27,A Brighter Summer Day,8.28,375
288,335,9.7216,1968-12-21,Once Upon a Time in the West,8.28,4791
289,1585,8.7719,1946-12-20,It's a Wonderful Life,8.278,4805
290,1139087,3.822,2023-09-24,Once Upon a Studio,8.274,418
291,652837,3.8756,2020-12-25,"Josee, the Tiger and the Fish",8.27,572
292,77338,16.1204,2011-11-02,The Intouchables,8.27,18198
293,1356039,11.8868,2025-02-27,Counterattack,8.26,793
294,28,17.6219,1979-05-19,Apocalypse Now,8.266,8911
295,18491,13.2959,1997-07-19,Neon Genesis Evangelion: The End of Evangelion,8.261,1797
296,29259,8.6735,1960-03-18,Le Trou,8.261,552
297,975,3.8693,1957-10-25,Paths of Glory,8.257,3211
298,901,10.9812,1931-02-06,City Lights,8.257,2401
299,632632,1.6985,2020-08-22,Given,8.3,413
300,92321,0.0035,2011-09-17,Hotarubi no Mori e,8.254,1203
301,572154,2.6367,2019-06-15,Rascal Does Not Dream of a Dreaming Girl,8.253,576
302,637920,7.9084,2019-10-10,Miracle in Cell No. 7,8.252,4529
303,8587,20.8448,1994-06-15,The Lion King,8.252,19438
304,654299,1.3039,2019-12-24,Out of the Clear Blue Sky,8.25,376
305,10376,3.3864,1998-10-28,The Legend of 1900,8.2,2408
306,630566,3.1882,2020-10-09,Clouds,8.239,1045
307,447362,3.5846,2020-11-27,Life in a Year,8.239,1950
308,670,15.344,2003-11-21,Oldboy,8.239,9621
309,603,30.0884,1999-03-31,The Matrix,8.239,27462
310,299534,15.5144,2019-04-24,Avengers: Endgame,8.236,27325
311,299536,27.3859,2018-04-25,Avengers: Infinity War,8.2,31553
312,504253,4.0633,2018-09-01,I Want to Eat Your Pancreas,8.2,1726
313,508965,7.3811,2019-11-08,Klaus,8.223,4566
314,490132,12.4577,2018-11-16,Green Book,8.223,12634
315,24188,1.2082,1962-12-05,Il Sorpasso,8.222,823
316,98,14.5394,2000-05-04,Gladiator,8.222,20576
317,527641,4.8348,2019-03-14,Five Feet Apart,8.221,5866
318,92060,1.4682,1983-11-14,Michael Jackson's Thriller,8.2,737
319,857,11.9153,1998-07-24,Saving Private Ryan,8.221,16930
320,37257,3.0695,1957-12-17,Witness for the Prosecution,8.219,1627
321,110420,3.227,2012-07-21,Wolf Children,8.2,2436
322,25237,6.8547,1985-10-17,Come and See,8.219,1763
323,568332,1.0629,2018-12-31,Taylor Swift: Reputation Stadium Tour,8.217,423
324,1186532,4.2051,2024-08-22,The Forge,8.2,322
325,265177,2.1939,2014-09-19,Mommy,8.2,2817
326,16869,22.4513,2009-08-02,Inglourious Basterds,8.215,23824
327,618344,2.6293,2020-05-05,Justice League Dark: Apokolips War,8.209,1546
328,1160164,5.1393,2023-10-13,TAYLOR SWIFT | THE ERAS TOUR,8.208,510
329,995133,3.0599,2022-12-25,"The Boy, the Mole, the Fox and the Horse",8.207,690
330,16672,1.4079,1964-02-15,Woman in the Dunes,8.207,505
331,1124,25.5569,2006-10-17,The Prestige,8.205,17286
332,694,18.1744,1980-05-23,The Shining,8.205,18661
333,315162,12.7959,2022-12-07,Puss in Boots: The Last Wish,8.204,8656
334,635302,7.8172,2020-10-16,Demon Slayer -Kimetsu no Yaiba- The Movie: Mugen Train,8.201,4411
335,50014,10.0954,2011-08-09,The Help,8.201,8887
336,11324,21.3485,2010-02-14,Shutter Island,8.2,25495
337,11,17.3502,1977-05-25,Star Wars,8.2,22002
338,354912,23.8445,2017-10-27,Coco,8.199,20708
339,283566,4.3512,2021-03-08,Evangelion: 3.0+1.0 Thrice Upon a Time,8.2,916
340,441130,5.9085,2020-10-26,Wolfwalkers,8.195,1347
341,324786,12.0067,2016-10-07,Hacksaw Ridge,8.191,14632
342,313106,4.6103,2013-11-23,Doctor Who: The Day of the Doctor,8.191,766
343,284,5.7967,1960-06-21,The Apartment,8.19,2585
344,290098,13.0607,2016-06-01,The Handmaiden,8.19,4208
345,68718,24.6439,2012-12-25,Django Unchained,8.187,27642
346,620683,0.8848,2019-12-26,My Mom Is a Character 3,8.182,493
347,185,10.1833,1971-10-28,A Clockwork Orange,8.179,13644
348,522924,3.6383,2019-08-08,The Art of Racing in the Rain,8.177,1646
349,77,10.6121,2000-10-11,Memento,8.176,15957
350,5156,2.9885,1948-07-21,Bicycle Thieves,8.172,2608
351,629,13.1247,1995-07-19,The Usual Suspects,8.169,11199
352,537061,1.6541,2019-10-07,Steven Universe: The Movie,8.169,841
353,18148,3.862,1953-11-03,Tokyo Story,8.168,1194
354,26451,1.0788,1970-10-16,Investigation of a Citizen Above Suspicion,8.167,854
355,348,16.4639,1979-05-25,Alien,8.2,16073
356,490,3.2923,1957-02-16,The Seventh Seal,8.162,3287
357,1422,20.5321,2006-10-04,The Departed,8.159,15938
358,489,12.2857,1997-12-05,Good Will Hunting,8.158,13580
359,361743,22.161,2022-05-21,Top Gun: Maverick,8.156,10631
360,476292,8.3968,2018-02-24,Maquia: When the Promised Flower Blooms,8.155,689
361,111,23.141,1983-12-09,Scarface,8.156,12779
362,399106,1.4495,2016-06-16,Piper,8.151,1709
363,81481,2.4324,2011-09-22,Silenced,8.151,750
364,37165,13.3091,1998-06-04,The Truman Show,8.151,19862
365,20941,2.2693,2005-01-28,Innocent Voices,8.148,513
366,426,10.9612,1958-05-09,Vertigo,8.146,6234
367,10098,5.6113,1921-01-21,The Kid,8.1,2318
368,289,5.662,1943-01-15,Casablanca,8.1,5928
369,9702,4.8393,1993-02-05,Bound by Honor,8.142,1486
370,851644,7.4728,2022-10-06,20th Century Girl,8.1,795
371,517814,3.0075,2018-09-20,Capernaum,8.1,1932
372,280,16.2942,1991-07-03,Terminator 2: Judgment Day,8.14,13995
373,797,3.3068,1966-10-18,Persona,8.139,2367
374,872,3.7042,1952-04-10,Singin' in the Rain,8.138,3427
375,3780,1.5897,1965-03-04,Red Beard,8.1,400
376,592350,2.693,2019-12-20,My Hero Academia: Heroes Rising,8.1,1251
377,606856,3.2019,2019-12-20,Togo,8.133,2210
378,666,1.3908,1998-04-03,Central Station,8.1,1027
379,693134,21.0332,2024-02-27,Dune: Part Two,8.13,7583
380,475557,25.0805,2019-10-01,Joker,8.127,27371
381,103,15.5845,1976-02-09,Taxi Driver,8.127,13232
382,935,8.4906,1964-01-29,Dr. Strangelove or: How I Learned to Stop Worrying and Love the Bomb,8.125,6047
383,458220,3.5066,2021-01-28,Palmer,8.124,1862
384,20914,1.8366,1975-10-24,My Friends,8.122,739
385,575813,4.4854,2019-10-25,Better Days,8.121,535
386,600,9.9869,1987-06-26,Full Metal Jacket,8.12,11263
387,810693,8.5522,2021-12-24,Jujutsu Kaisen 0,8.117,1673
388,500,18.2603,1992-09-02,Reservoir Dogs,8.116,15201
389,829402,4.4851,2024-06-14,Ultraman: Rising,8.114,367
390,1103621,3.7783,2024-04-04,How to Make Millions Before Grandma Dies,8.115,374
391,422,2.5059,1963-02-14,8½,8.11,2488
392,980477,24.8568,2025-01-29,Ne Zha 2,8.11,603
393,531428,4.4556,2019-09-06,Portrait of a Lady on Fire,8.109,2870
394,406997,6.8601,2017-11-13,Wonder,8.108,8179
395,10681,23.873,2008-06-22,WALL·E,8.108,19972
396,46738,8.8985,2010-09-17,Incendies,8.107,3170
397,38288,0.3752,1996-03-29,"“The Shorts” by Aldo, Giovanni and Giacomo",8.104,359
398,146233,15.9754,2013-09-19,Prisoners,8.102,12809
399,1398,3.5781,1979-05-25,Stalker,8.101,2449
400,600354,5.9782,2020-12-23,The Father,8.097,3546
401,508442,19.0155,2020-12-25,Soul,8.096,11222
402,103663,10.2507,2012-10-25,The Hunt,8.097,4630
403,655,16.5111,1984-07-16,"Paris, Texas",8.095,2158
404,100,2.1992,1998-08-28,"Lock, Stock and Two Smoking Barrels",8.097,7068
405,823219,13.4504,2024-08-29,Flow,8.097,2666
406,398818,9.135,2017-10-01,Call Me by Your Name,8.095,12619
407,19,3.1969,1927-01-10,Metropolis,8.095,3045
408,791373,12.8636,2021-03-18,Zack Snyder's Justice League,8.094,10660
409,149871,2.5289,2013-11-23,The Tale of The Princess Kaguya,8.094,1937
410,996,6.9994,1944-07-06,Double Indemnity,8.1,1986
411,812225,3.7882,2023-06-16,Black Clover: Sword of the Wizard King,8.092,359
412,843,7.4164,2000-09-29,In the Mood for Love,8.092,3171
413,38,12.7732,2004-03-19,Eternal Sunshine of the Spotless Mind,8.091,16073
414,755812,3.1039,2020-09-25,"Miraculous World: New York, United HeroeZ",8.1,1121
415,11878,2.7976,1961-04-25,Yojimbo,8.089,1646
416,664767,3.4499,2020-04-12,Mortal Kombat Legends: Scorpion's Revenge,8.088,1438
417,411088,15.0215,2017-01-06,The Invisible Guest,8.088,4889
418,24382,0.9905,1958-07-26,Big Deal on Madonna Street,8.087,768
419,239,4.3245,1959-03-19,Some Like It Hot,8.086,3795
420,470044,2.2841,2018-10-19,The Hate U Give,8.085,2203
421,1244492,6.2762,2024-06-28,Look Back,8.084,498
422,795607,2.0234,2021-07-23,Green Snake,8.084,353
423,387,11.8099,1981-09-17,Das Boot,8.084,2449
424,614,2.2608,1957-08-28,Wild Strawberries,8.083,1776
425,12445,16.1175,2011-07-12,Harry Potter and the Deathly Hallows: Part 2,8.081,21730
426,705,1.9447,1950-11-09,All About Eve,8.1,1661
427,406,8.1659,1995-05-31,La Haine,8.082,4451
428,1026227,2.2579,2023-10-26,There's Still Tomorrow,8.08,1497
429,803796,41.2733,2025-06-20,KPop Demon Hunters,8.075,2456
430,20532,1.1057,1954-03-31,Sansho the Bailiff,8.1,415
431,20334,6.1982,1940-01-12,The Shop Around the Corner,8.078,817
432,7345,10.918,2007-12-26,There Will Be Blood,8.1,7264
433,55823,0.5008,1959-10-28,The Great War,8.1,363
434,831827,0.9804,2021-11-24,Far from the Tree,8.1,385
435,610892,1.7218,2019-09-06,Violet Evergarden: Eternity and the Auto Memory Doll,8.1,446
436,1091,9.0327,1982-06-25,The Thing,8.068,7748
437,282848,0.9733,2013-12-25,Doctor Who: The Time of the Doctor,8.065,308
438,21634,1.7592,2009-01-24,Prayers for Bobby,8.065,619
439,2457,1.1382,1945-03-15,Children of Paradise,8.065,447
440,8392,10.653,1988-04-16,My Neighbor Totoro,8.062,8653
441,7347,2.8263,2007-10-05,Elite Squad,8.062,2637
442,832,2.4222,1931-05-11,M,8.1,2419
443,359940,6.8542,2017-12-01,"Three Billboards Outside Ebbing, Missouri",8.1,10731
444,133919,1.1431,1974-09-15,Scenes from a Marriage,8.058,395
445,31439,1.5263,1994-05-18,To Live,8.058,364
446,663558,3.0282,2021-02-06,New Gods: Nezha Reborn,8.056,506
447,11423,7.7246,2003-04-25,Memories of Murder,8.056,4442
448,62,13.0504,1968-04-02,2001: A Space Odyssey,8.1,12381
449,522518,2.6886,2019-05-03,A Dog's Journey,8.055,1599
450,11659,1.4066,2003-06-22,The Best of Youth,8.053,599
451,640344,0.6824,2020-01-17,Me Against You: Mr. S's Vendetta,8.05,471
452,4348,21.0759,2005-09-16,Pride & Prejudice,8.05,8635
453,1955,6.4098,1980-10-09,The Elephant Man,8.049,3845
454,762975,6.3935,2022-07-29,Purple Hearts,8.048,2835
455,518068,2.872,2018-08-01,Along with the Gods: The Last 49 Days,8.048,734
456,532067,2.059,2019-08-30,KONOSUBA – God's blessing on this wonderful world! Legend of Crimson,8.047,601
457,1064486,5.0316,2024-10-17,Memoir of a Snail,8.045,739
458,381284,18.9197,2016-12-10,Hidden Figures,8.045,10285
459,42229,1.1635,1977-08-11,A Special Day,8.045,747
460,638507,4.1395,2019-12-03,How to Train Your Dragon: Homecoming,8.044,1085
461,992,2.0079,1924-04-17,Sherlock Jr.,8.0,1137
462,439,3.0957,1960-02-05,La Dolce Vita,8.042,2007
463,334543,14.0806,2016-11-24,Lion,8.041,6884
464,548,4.3354,1950-08-26,Rashomon,8.041,2464
465,11645,3.282,1985-06-01,Ran,8.039,1759
466,397567,3.1265,2017-12-20,Along with the Gods: The Two Worlds,8.0,1167
467,582,3.4096,2006-03-23,The Lives of Others,8.038,4031
468,310569,0.8763,2015-06-04,The Second Mother,8.036,770
469,872585,25.3001,2023-07-19,Oppenheimer,8.033,11432
470,800,4.2239,1950-12-09,The Young and the Damned,8.033,525
471,414419,10.1539,2011-03-27,Kill Bill: The Whole Bloody Affair,8.0,1163
472,120467,12.2665,2014-02-26,The Grand Budapest Hotel,8.032,15823
473,26022,3.124,2010-02-10,My Name Is Khan,8.031,1409
474,437068,2.2286,2017-08-02,A Taxi Driver,8.029,1125
475,106646,16.7443,2013-12-25,The Wolf of Wall Street,8.027,25568
476,555604,3.6163,2022-11-09,Guillermo del Toro's Pinocchio,8.025,3262
477,550776,2.76,2018-09-30,Believe Me: The Abduction of Lisa McVey,8.024,677
478,279,9.1334,1984-09-19,Amadeus,8.023,4663
479,538362,0.4627,2018-09-12,On My Skin,8.02,1881
480,610461,0.2273,2020-02-14,"Veinteañera, divorciada y fantástica",8.0,390
481,9277,14.417,1973-12-25,The Sting,8.018,2886
482,400608,1.6359,2016-06-03,Bo Burnham: Make Happy,8.007,422
483,307,1.3812,1945-10-08,"Rome, Open City",8.0,962
484,938,9.3386,1965-12-18,For a Few Dollars More,8.016,4345
485,147,2.7154,1959-06-03,The 400 Blows,8.0,2296
486,51822,2.2523,2002-11-08,Love Hurts,8.014,355
487,821,2.5024,1961-12-18,Judgment at Nuremberg,8.013,917
488,472454,1.7819,2017-10-27,Ayla: The Daughter of War,8.012,388
489,641,5.2316,2000-10-06,Requiem for a Dream,8.012,10777
490,28178,7.4891,2009-06-08,Hachi: A Dog's Tale,8.008,7071
491,673,24.4161,2004-05-31,Harry Potter and the Prisoner of Azkaban,8.009,22888
492,823754,1.1291,2021-07-22,Bo Burnham: Inside,8.007,583
493,347688,0.7985,2015-07-09,Scooby-Doo! and KISS: Rock and Roll Mystery,8.007,336
494,20530,1.2395,1949-09-13,Late Spring,8.006,464
495,14696,1.0763,1953-03-26,Ugetsu,8.006,630
496,204,2.042,1953-04-22,The Wages of Fear,8.006,1056
497,359724,9.5173,2019-11-13,Ford v Ferrari,8.005,8791
498,521,5.1903,1954-05-29,Dial M for Murder,8.0,2805
499,43949,17.4957,2010-08-06,Flipped,8.001,3267
500,43949,17.4957,2010-08-06,Flipped,8.001,3267
501,14,19.3784,1999-09-15,American Beauty,8.001,12848
502,400928,5.2997,2017-04-07,Gifted,7.999,5862
503,55960,1.009,1956-08-23,"Toto, Peppino, and the Hussy",7.999,370
504,140420,6.4284,2012-11-02,Paperman,7.998,1778
505,264644,12.1406,2015-10-16,Room,7.997,9584
506,20453,5.5902,2009-12-23,3 Idiots,7.997,2646
507,526702,2.4745,2020-11-27,Black Beauty,7.996,351
508,947,4.7914,1962-12-11,Lawrence of Arabia,7.994,3350
509,595,4.3163,1962-12-20,To Kill a Mockingbird,7.994,2810
510,698687,11.303,2024-09-11,Transformers One,7.992,1526
511,515001,6.9688,2019-10-18,Jojo Rabbit,7.992,10235
512,524,21.104,1995-11-22,Casino,7.991,6405
513,8422,1.2869,1960-10-07,Rocco and His Brothers,7.99,648
514,785534,1.0063,2021-03-12,Paper Lives,7.989,407
515,678580,0.7218,2021-07-15,El mesero,7.989,356
516,339877,1.6941,2017-06-22,Loving Vincent,7.989,2572
517,3175,20.5963,1975-12-18,Barry Lyndon,7.989,3107
518,19426,1.1056,1957-10-03,Nights of Cabiria,8.0,845
519,530915,8.2014,2019-12-25,1917,7.987,13330
520,13223,13.521,2008-12-12,Gran Torino,7.987,11381
521,530915,8.2014,2019-12-25,1917,7.987,13330
522,2517,1.7045,2004-08-07,Nobody Knows,7.984,619
523,11658,1.436,2004-02-05,Tae Guk Gi: The Brotherhood of War,7.983,754
524,780,1.6299,1928-04-21,The Passion of Joan of Arc,7.985,1067
525,455661,0.3816,2017-06-01,In a Heartbeat,7.982,1015
526,19542,1.7282,1948-09-06,The Red Shoes,7.985,730
527,568160,4.6133,2019-07-19,Weathering with You,8.0,2566
528,449176,14.1797,2018-02-16,"Love, Simon",7.981,6210
529,11778,7.4912,1978-12-08,The Deer Hunter,7.979,4157
530,15,14.6449,1941-04-17,Citizen Kane,7.979,5950
531,429210,0.7885,2017-08-24,Bingo: The King of the Mornings,7.978,407
532,962,1.4674,1925-07-13,The Gold Rush,8.0,1785
533,25376,2.7241,2009-08-13,The Secret in Their Eyes,7.977,2793
534,640,10.3582,2002-12-16,Catch Me If You Can,7.977,16816
535,1059,2.2794,1958-12-28,The Hidden Fortress,7.976,681
536,906126,6.6913,2023-12-15,Society of the Snow,7.976,3431
537,337404,27.3671,2021-05-26,Cruella,7.974,9929
538,838240,5.931,2023-12-06,Robot Dreams,7.974,760
539,76,10.2455,1995-01-27,Before Sunrise,7.971,4574
540,10515,6.3435,1986-08-02,Castle in the Sky,7.972,4595
541,862,27.926,1995-11-22,Toy Story,7.971,19606
542,24,18.4172,2003-10-10,Kill Bill: Vol. 1,7.971,18634
543,329,12.8343,1993-06-11,Jurassic Park,7.966,17582
544,38286,0.7551,1997-12-27,Three Men and a Leg,7.965,2146
545,213,5.9598,1959-08-06,North by Northwest,7.966,4439
546,11104,7.8548,1994-07-14,Chungking Express,7.964,2126
547,895,1.8693,1966-12-16,Andrei Rublev,7.964,924
548,424694,13.0413,2018-10-24,Bohemian Rhapsody,7.961,17579
549,678512,7.0664,2023-07-03,Sound of Freedom,7.96,2695
550,14160,16.1139,2009-05-28,Up,7.96,21388
551,627,15.2364,1996-02-23,Trainspotting,8.0,10246
552,11712,1.4934,1962-01-01,Sanjuro,7.958,704
553,24428,53.73,2012-04-25,The Avengers,7.957,36246
554,3090,6.3155,1948-01-15,The Treasure of the Sierra Madre,8.0,1311
555,1396,2.3698,1975-03-07,Mirror,8.0,1068
556,12761,2.4344,1978-10-08,Autumn Sonata,8.0,683
557,7508,3.6342,2007-12-21,Like Stars on Earth,7.956,1296
558,679,17.3646,1986-07-18,Aliens,7.956,10639
559,28422,2.1319,2008-11-29,Love Exposure,7.955,506
560,28422,2.1319,2008-11-29,Love Exposure,7.955,506
561,574074,1.1349,2019-01-18,Kitbull,7.954,393
562,70,6.6533,2004-12-05,Million Dollar Baby,7.954,10197
563,10386,5.5278,1999-08-06,The Iron Giant,8.0,6052
564,37797,6.8504,1995-07-15,Whisper of the Heart,7.949,2225
565,30017,1.1539,1990-05-09,Close-Up,7.949,441
566,48035,0.8678,1955-01-09,Ordet,7.948,403
567,745,10.9844,1999-08-06,The Sixth Sense,7.948,12620
568,6977,9.2568,2007-11-09,No Country for Old Men,7.947,13039
569,81,5.0969,1984-03-11,Nausicaä of the Valley of the Wind,7.946,3987
570,237791,0.9799,2014-04-10,The Way He Looks,7.942,975
571,12104,6.2071,1982-07-14,Pink Floyd: The Wall,7.942,1611
572,197,12.0899,1995-05-24,Braveheart,7.941,10909
573,149,10.1086,1988-06-10,Akira,7.94,4658
574,78,23.619,1982-06-25,Blade Runner,7.94,14745
575,29264,1.5155,1962-05-16,The Exterminating Angel,7.939,717
576,726684,3.1475,2021-05-15,Miraculous World: Shanghai - The Legend of Ladydragon,7.938,680
577,28978,1.5581,1928-01-06,The Circus,7.938,873
578,242828,3.1549,2014-07-19,When Marnie Was There,7.937,1923
579,41050,8.6915,1961-01-24,La Notte,7.937,725
580,15244,0.9845,1956-11-11,A Man Escaped,7.937,602
581,930094,7.1741,2023-07-27,"Red, White & Royal Blue",7.936,1509
582,25538,2.8154,2000-09-20,Yi Yi,7.9,651
583,962232,1.4525,2022-10-26,Beyond the Universe,7.934,342
584,1580,2.7004,1948-02-01,Rope,7.934,2954
585,76203,6.4953,2013-10-18,12 Years a Slave,7.933,11850
586,634649,24.5109,2021-12-15,Spider-Man: No Way Home,7.932,21628
587,1087192,23.0041,2025-06-06,How to Train Your Dragon,7.931,2642
588,1000492,1.5326,2023-03-29,All Your Faces,7.936,668
589,6715,1.5156,1995-04-21,The Cure,7.93,348
590,234,1.6259,1920-02-27,The Cabinet of Dr. Caligari,7.9,1734
591,5925,6.9167,1963-07-03,The Great Escape,7.928,2781
592,949,22.8291,1995-12-15,Heat,7.928,8131
593,489412,0.8888,2012-08-24,It's Such a Beautiful Day,7.9,364
594,180147,1.1415,2013-03-28,We Are the Nobles,7.927,528
595,1050035,5.8899,2023-06-02,Monster,7.926,834
596,315465,5.3325,2015-07-11,The Boy and the Beast,7.926,1576
597,1084736,8.0057,2024-06-28,The Count of Monte Cristo,7.925,1956
598,160885,0.2796,1999-05-12,Tel chi el telùn,7.925,335
599,9323,7.0191,1995-11-18,Ghost in the Shell,7.925,3780
600,447365,15.2211,2023-05-03,Guardians of the Galaxy Vol. 3,7.924,8063
601,13398,2.0393,2003-12-05,Tokyo Godfathers,7.922,1475
602,1646,6.6293,2007-01-05,Freedom Writers,7.9,2378
603,85,13.2583,1981-06-12,Raiders of the Lost Ark,7.921,13429
604,142061,2.0635,2013-01-03,"Batman: The Dark Knight Returns, Part 2",7.921,1575
605,296096,13.822,2016-06-01,Me Before You,7.92,13085
606,10404,1.7762,1991-12-18,Raise the Red Lantern,7.92,783
607,8290,3.0074,1966-12-08,Don't Look Now... We're Being Shot At!,7.923,1444
608,961,2.0533,1926-12-25,The General,7.919,1382
609,152532,4.3974,2013-11-01,Dallas Buyers Club,7.919,8941
610,38360,1.3839,1957-10-12,The Cranes Are Flying,7.918,441
611,23282,1.529,1920-08-29,One Week,7.918,312
612,3777,2.1556,1957-01-15,Throne of Blood,7.918,959
613,18438,1.5551,2009-05-14,Castaway on the Moon,7.917,726
614,11010,1.4152,1994-09-22,The Postman,7.917,1199
615,770,7.609,1939-12-15,Gone with the Wind,7.917,4316
616,194,12.4402,2001-04-25,Amélie,7.916,12245
617,9764,1.974,1975-08-02,Dersu Uzala,7.914,607
618,378108,1.484,2016-11-12,In This Corner of the World,7.911,612
619,150540,15.9206,2015-06-17,Inside Out,7.91,23215
620,10997,2.8927,1993-01-01,Farewell My Concubine,7.91,663
621,829,14.2086,1974-06-20,Chinatown,7.91,4181
622,405,1.1319,1954-09-23,La Strada,7.91,1151
623,51482,5.4395,2007-08-31,Death Note Relight 1: Visions of a God,7.907,377
624,21334,1.6702,1997-08-01,Children of Heaven,7.907,700
625,122906,12.0048,2013-09-04,About Time,7.907,9112
626,20722,0.7101,2008-06-10,La Maison en Petits Cubes,7.906,456
627,110,2.9257,1994-05-12,Three Colors: Red,7.906,1524
628,118340,10.532,2014-07-30,Guardians of the Galaxy,7.905,29392
629,1578,14.2749,1980-11-14,Raging Bull,7.9,4675
630,10728,0.8274,1926-10-13,Faust,7.9,384
631,1892,9.1683,1983-05-25,Return of the Jedi,7.904,16694
632,775,2.1149,1902-06-15,A Trip to the Moon,7.904,1954
633,33,14.573,1992-08-07,Unforgiven,7.904,4844
634,28971,2.2904,1952-10-16,Limelight,7.903,580
635,1092,5.5049,1949-08-31,The Third Man,7.903,2054
636,597,30.1884,1997-12-18,Titanic,7.903,26851
637,503314,1.1618,2018-12-14,Dragon Ball Super: Broly,7.901,3076
638,10242,4.5456,1962-10-31,What Ever Happened to Baby Jane?,7.902,1136
639,827,1.2281,1955-01-29,Diabolique,7.9,1072
640,10674,17.679,1998-06-18,Mulan,7.901,10294
641,60243,2.0823,2011-02-15,A Separation,7.9,1926
642,29455,1.5029,1963-02-11,Winter Light,7.9,492
643,15383,1.6599,1969-09-10,Army of Shadows,7.9,730
644,313369,13.9522,2016-12-01,La La Land,7.899,17889
645,14836,22.4621,2009-02-05,Coraline,7.899,8804
646,1162,1.12,1962-05-23,The Miracle Worker,7.899,332
647,671,22.059,2001-11-16,Harry Potter and the Philosopher's Stone,7.898,29221
648,776503,7.7174,2021-08-13,CODA,7.898,2509
649,752,13.9,2006-02-23,V for Vendetta,7.898,15370
650,530254,6.3208,2018-06-27,The Witch: Part 1. The Subversion,7.9,708
651,360814,3.5886,2016-12-21,Dangal,7.896,1118
652,1000837,9.2003,2024-09-19,I'm Still Here,7.894,1004
653,223,4.746,1940-03-23,Rebecca,7.894,1936
654,404378,5.9853,2016-11-04,A Street Cat Named Bob,7.893,1530
655,740937,5.3067,2022-10-12,Simone: Woman of the Century,7.903,378
656,94047,1.668,2011-12-21,My Way,7.892,438
657,49964,1.4699,1987-07-01,Where Is The Friend's House?,7.892,422
658,920394,0.6231,2022-01-21,My Father's Violin,7.9,338
659,916224,6.9093,2022-11-11,Suzume,7.891,1670
660,554596,2.432,2019-03-15,"No manches, Frida 2: paraíso destruido",7.89,935
661,7984,2.4305,1993-12-27,In the Name of the Father,7.89,1916
662,804,11.5771,1953-08-26,Roman Holiday,7.89,2216
663,334533,3.0684,2016-07-08,Captain Fantastic,7.889,6745
664,210577,19.5768,2014-10-01,Gone Girl,7.889,19704
665,11036,27.6392,2004-06-25,The Notebook,7.889,12362
666,615457,13.2933,2021-03-18,Nobody,7.887,8086
667,615453,9.4817,2019-07-26,Ne Zha,7.889,812
668,573164,1.2232,2021-08-12,An Egg Rescue,7.9,415
669,488623,3.5981,2017-11-29,Forgotten,7.886,1292
670,426618,0.9679,2018-09-14,Where Hands Touch,7.9,531
671,1402,11.2344,2006-12-14,The Pursuit of Happyness,7.886,10439
672,52629,6.3057,2010-09-03,El Infierno,7.885,745
673,7857,3.1279,1973-12-18,Amarcord,7.884,1190
674,610150,5.0343,2022-06-11,Dragon Ball Super: Super Hero,7.883,2984
675,354857,2.5648,2015-09-01,Regular Show: The Movie,7.9,414
676,183011,1.8684,2013-07-30,Justice League: The Flashpoint Paradox,7.884,1943
677,20803,3.3632,1973-09-17,Ivan Vasilyevich Changes His Profession,7.884,395
678,2011,2.4802,2007-06-27,Persepolis,7.885,2105
679,17295,1.5239,1966-09-08,The Battle of Algiers,7.882,871
680,662,1.4341,1962-02-16,La Jetée,7.9,974
681,10238,1.9712,1972-12-21,Cries and Whispers,7.88,766
682,665,7.3613,1959-11-18,Ben-Hur,7.879,3052
683,505262,3.286,2018-08-03,My Hero Academia: Two Heroes,7.879,1087
684,158445,3.0837,2013-01-23,Miracle in Cell No. 7,7.9,486
685,833,0.9902,1952-01-20,Umberto D.,7.9,725
686,667520,3.469,2020-06-18,A Whisker Away,7.877,1471
687,20271,1.2647,1961-12-20,Divorce Italian Style,7.877,522
688,582927,1.1082,2019-10-21,I'm No Longer Here,7.876,521
689,491480,6.9353,2019-02-14,The Boy Who Harnessed the Wind,7.876,1829
690,654,5.174,1954-06-22,On the Waterfront,7.875,1732
691,393,12.6501,2004-04-16,Kill Bill: Vol. 2,7.875,14844
692,1607,5.5312,1993-10-01,A Bronx Tale,7.871,2770
693,458302,1.2829,2018-12-12,"Remi, Nobody's Boy",7.87,457
694,24238,3.0477,2009-04-09,Mary and Max,7.87,2206
695,47796,0.5153,1962-09-22,Mamma Roma,7.9,434
696,16237,1.8588,2006-09-15,Teen Titans: Trouble in Tokyo,7.868,446
697,265195,3.5768,2014-08-21,Wild Tales,7.867,3684
698,316029,9.7579,2017-12-20,The Greatest Showman,7.866,9932
699,761898,2.7488,2021-10-30,Sword Art Online the Movie - Progressive - Aria of a Starless Night,7.9,319
700,11293,13.7042,1973-05-09,Paper Moon,7.865,806
701,455714,4.1933,2017-05-03,Bad Genius,7.864,837
702,961323,14.3233,2023-06-23,Nimona,7.861,1326
703,774531,3.9898,2024-05-31,Young Woman and the Sea,7.869,407
704,482321,4.9098,2021-10-14,Ron's Gone Wrong,7.863,1988
705,50759,1.0832,1962-11-18,An Autumn Afternoon,7.9,314
706,3112,2.6303,1955-07-26,The Night of the Hunter,7.9,1787
707,944401,3.4391,2023-09-27,Dogman,7.86,1334
708,369557,4.7329,2016-03-11,Sing Street,7.9,2413
709,698948,14.8282,2022-07-18,Thirteen Lives,7.859,1454
710,1081676,1.8397,2023-09-26,Forgotten Love,7.858,343
711,25364,1.5021,1951-06-29,Ace in the Hole,7.858,728
712,381341,7.7241,2016-02-11,Perfect Strangers,7.857,4588
713,331482,17.142,2019-12-25,Little Women,7.856,6732
714,10191,12.6116,2010-03-18,How to Train Your Dragon,7.856,14148
715,777,0.8713,1937-06-04,Grand Illusion,7.862,762
716,613,6.6437,2004-09-16,Downfall,7.856,4209
717,522212,3.828,2019-12-25,Just Mercy,7.855,2452
718,501929,4.6199,2021-04-22,The Mitchells vs. the Machines,7.854,3257
719,453,9.8569,2001-12-14,A Beautiful Mind,7.854,10897
720,3034,13.9624,1974-12-15,Young Frankenstein,7.853,3351
721,32085,0.9784,1982-10-01,Vincent,7.852,904
722,16,2.4242,2000-09-01,Dancer in the Dark,7.852,1954
723,550205,2.8689,2021-01-15,Wish Dragon,7.85,1444
724,16804,1.8591,2008-09-13,Departures,7.851,904
725,698508,8.8129,2022-01-21,Redeeming Love,7.849,716
726,89,7.0091,1989-05-24,Indiana Jones and the Last Crusade,7.849,10894
727,323272,27.778,2015-08-28,War Room,7.837,572
728,11656,3.6557,1960-02-08,The Virgin Spring,7.848,664
729,275,17.8246,1996-03-08,Fargo,7.848,8916
730,585,27.0477,2001-11-01,"Monsters, Inc.",7.847,19526
731,1214484,1.0991,2024-11-01,Let Go,7.852,359
732,505192,3.1495,2018-06-02,Shoplifters,7.844,2250
733,59440,8.2043,2011-09-09,Warrior,7.846,4919
734,399174,6.8366,2018-03-23,Isle of Dogs,7.844,5303
735,33320,2.5805,2002-09-14,Millennium Actress,7.844,986
736,968,3.9911,1975-09-21,Dog Day Afternoon,7.844,3283
737,235,8.4489,1986-08-08,Stand by Me,7.843,6365
738,581528,4.9152,2019-05-15,"The Gangster, the Cop, the Devil",7.842,1412
739,546554,12.6722,2019-11-27,Knives Out,7.842,13720
740,152601,10.8143,2013-12-18,Her,7.841,15095
741,293299,0.9823,2014-10-25,Feast,7.84,890
742,435129,4.9341,2017-11-17,The Breadwinner,7.838,904
743,23160,3.6476,2001-02-01,Werckmeister Harmonies,7.839,373
744,115,11.1324,1998-03-06,The Big Lebowski,7.839,11979
745,677638,2.0861,2020-06-30,We Bare Bears: The Movie,7.8,838
746,379170,5.5111,2016-01-01,Sherlock: The Abominable Bride,7.836,2320
747,2062,14.1262,2007-06-28,Ratatouille,7.837,18241
748,93,4.2959,1959-07-01,Anatomy of a Murder,7.835,1126
749,438695,10.3173,2021-12-01,Sing 2,7.834,4711
750,266856,5.5056,2014-11-07,The Theory of Everything,7.834,11011
751,31442,1.1186,1962-05-09,Ivan's Childhood,7.834,813
752,406785,1.1556,2016-11-23,Inner Workings,7.833,303
753,33602,1.5836,2010-02-06,Temple Grandin,7.833,534
754,11953,1.8323,1980-04-26,Kagemusha,7.833,718
755,9479,10.0026,1993-10-09,The Nightmare Before Christmas,7.832,10205
756,3083,1.8388,1939-10-19,Mr. Smith Goes to Washington,7.832,1168
757,581,8.7584,1990-03-30,Dances with Wolves,7.833,4599
758,178682,1.7973,2013-06-01,The Wizards Return: Alex vs. Alex,7.831,1068
759,31411,1.1907,1928-09-10,The Cameraman,7.831,422
760,47931,1.438,2010-10-08,Elite Squad: The Enemy Within,7.83,1998
761,16859,8.4063,1989-07-29,Kiki's Delivery Service,7.8,4467
762,24167,2.1806,1960-12-22,Two Women,7.828,564
763,6075,6.9808,1993-11-10,Carlito's Way,7.827,3397
764,391,5.5084,1964-09-12,A Fistful of Dollars,7.826,4615
765,52345,1.256,2003-08-22,Lisbela and the Prisoner,7.826,402
766,5924,15.7442,1973-12-16,Papillon,7.827,2075
767,86000,2.2342,2011-10-20,Always,7.825,306
768,1280,1.9726,2004-10-15,3-Iron,7.825,1240
769,430424,1.1886,2017-10-25,See You Up There,7.827,1344
770,83564,5.1877,2012-02-10,La luna,7.824,833
771,27064,2.132,1985-09-20,Mishima: A Life in Four Chapters,7.824,339
772,2440,3.1738,2000-09-09,Joint Security Area,7.824,801
773,32480,0.8292,1981-12-23,The Marquis of Grillo,7.823,494
774,714888,1.0872,2022-09-29,Argentina 1985,7.82,727
775,445030,1.6918,2017-07-15,"No Game, No Life: Zero",7.82,427
776,22,20.4936,2003-07-09,Pirates of the Caribbean: The Curse of the Black Pearl,7.82,21931
777,1376434,7.6786,2025-06-05,Predator: Killer of Killers,7.819,1108
778,779047,0.8567,2021-03-03,Us Again,7.8,342
779,554590,4.4628,2019-08-30,Tod@s Caen,7.819,480
780,826,2.7702,1957-10-11,The Bridge on the River Kwai,7.819,2323
781,805,8.562,1968-06-12,Rosemary's Baby,7.819,4288
782,303867,0.5627,2015-01-22,World of Tomorrow,7.818,357
783,263115,11.8322,2017-02-28,Logan,7.8,20178
784,11697,2.1956,1962-04-13,The Man Who Shot Liberty Valance,7.8,1255
785,25606,1.1326,1975-03-27,Fantozzi: White Collar Blues,7.817,866
786,14574,9.7432,2008-05-07,The Boy in the Striped Pyjamas,7.817,7558
787,3078,3.8253,1934-02-22,It Happened One Night,7.817,1373
788,650031,0.9201,2021-10-28,The Shadow in My Eye,7.816,539
789,596,1.5059,1940-03-15,The Grapes of Wrath,7.816,1081
790,107,7.4269,2000-09-01,Snatch,7.817,9791
791,12,28.3732,2003-05-30,Finding Nemo,7.817,20321
792,552532,2.0526,2020-01-27,Charm City Kings,7.815,493
793,314365,9.584,2015-11-06,Spotlight,7.816,8671
794,10315,6.9408,2009-10-14,Fantastic Mr. Fox,7.815,5968
795,5801,2.0384,1955-08-26,Pather Panchali,7.815,476
796,631,1.1062,1927-11-04,Sunrise: A Song of Two Humans,7.814,883
797,502,16.151,1964-10-07,Fail Safe,7.8,453
798,594634,1.2984,2019-10-10,Close to the Horizon,7.8,500
799,522402,3.9774,2021-11-04,Finch,7.81,3856
800,200727,7.1366,2014-10-16,"Love, Rosie",7.811,6450
801,4977,5.5412,2006-10-01,Paprika,7.811,2781
802,10774,3.8162,1976-11-27,Network,7.809,1963
803,80,2.9836,2004-06-16,Before Sunset,7.809,3715
804,367412,13.4364,2013-01-18,Whiplash,7.809,393
805,1394,1.019,1983-05-01,Nostalgia,7.8,592
806,198,1.4254,1942-03-06,To Be or Not to Be,7.808,811
807,419478,4.3805,2018-03-22,Midnight Sun,7.805,3534
808,152742,1.9539,2013-01-01,The Best Offer,7.8,3008
809,15859,1.6984,2004-11-05,A Moment to Remember,7.805,357
810,11830,1.9919,1985-11-23,Tampopo,7.805,415
811,562,18.4623,1988-07-15,Die Hard,7.805,12075
812,301,8.4016,1959-03-08,Rio Bravo,7.806,1240
813,10193,14.1086,2010-06-16,Toy Story 3,7.804,15514
814,531,1.9325,1993-12-17,The Wrong Trousers,7.804,1131
815,84892,6.2454,2012-09-20,The Perks of Being a Wallflower,7.803,11048
816,762,7.9948,1975-04-03,Monty Python and the Holy Grail,7.8,6282
817,527774,11.8359,2021-03-03,Raya and the Last Dragon,7.802,7196
818,398924,0.7875,2017-01-18,A Bag of Marbles,7.805,890
819,16761,1.1389,2006-04-21,A Movie of Eggs,7.8,315
820,2118,4.8614,1997-09-19,L.A. Confidential,7.802,5425
821,393559,4.3451,2016-09-22,My Life as a Zucchini,7.8,1480
822,335578,8.5853,2015-12-03,Land of Mine,7.8,1446
823,285700,0.7938,2014-08-09,The Fool,7.801,307
824,674,26.021,2005-11-16,Harry Potter and the Goblet of Fire,7.801,21902
825,5915,8.9563,2007-09-21,Into the Wild,7.8,10009
826,1018,15.5538,2001-06-06,Mulholland Drive,7.8,6893
827,348892,1.9566,2015-07-17,Bajrangi Bhaijaan,7.799,532
828,10775,4.1757,2002-12-12,Infernal Affairs,7.799,1815
829,45752,1.3617,2010-09-14,Scooby-Doo! Camp Scare,7.798,329
830,31011,11.6157,2009-11-06,Mr. Nobody,7.798,6136
831,3870,1.8162,1976-08-28,1900,7.798,668
832,937746,1.6539,2023-09-07,Io Capitano,7.796,800
833,22843,3.1833,2009-06-26,Evangelion: 2.0 You Can (Not) Advance,7.798,974
834,113,1.4998,2003-09-19,"Spring, Summer, Fall, Winter... and Spring",7.796,1176
835,56231,5.157,1971-09-17,The Working Class Goes to Heaven,7.795,371
836,5961,1.4069,1982-12-17,Fanny and Alexander,7.8,857
837,548544,1.1071,2019-08-30,Invisible Life,7.793,338
838,13042,1.0951,2008-06-27,Presto,7.794,1053
839,11621,12.3344,1992-07-18,Porco Rosso,7.795,3635
840,548544,1.1071,2019-08-30,Invisible Life,7.793,338
841,149870,4.4568,2013-07-20,The Wind Rises,7.793,3295
842,49797,6.2626,2010-08-12,I Saw the Devil,7.792,2930
843,49026,18.5055,2012-07-17,The Dark Knight Rises,7.792,24049
844,1366,21.2627,1976-12-03,Rocky,7.792,8463
845,568012,1.5228,2019-01-03,One Piece: Stampede,7.8,635
846,12496,1.3732,2002-11-02,The Twilight Samurai,7.8,349
847,29845,1.4039,1974-11-18,A Woman Under the Influence,7.789,550
848,508943,8.9909,2021-06-17,Luca,7.786,8841
849,14069,3.4704,2006-07-15,The Girl Who Leapt Through Time,7.8,2187
850,142,10.6973,2005-10-22,Brokeback Mountain,7.785,7437
851,976893,9.3453,2023-11-10,Perfect Days,7.8,1801
852,579245,1.1438,2019-10-23,The Specials,7.784,974
853,22683,3.3753,2009-02-07,Gifted Hands: The Ben Carson Story,7.784,770
854,262,6.1859,1982-12-18,The King of Comedy,7.784,2534
855,58129,1.1872,1921-01-01,The Phantom Carriage,7.783,350
856,31056,0.9178,1988-08-21,A Short Film About Love,7.783,407
857,11602,0.9245,1961-10-16,Through a Glass Darkly,7.8,530
858,9475,5.6948,1992-12-23,Scent of a Woman,7.781,3832
859,29458,1.1123,2000-09-01,One Hundred Steps,7.779,726
860,785084,15.0982,2022-12-09,The Whale,7.778,4517
861,783675,1.9268,2022-12-03,The First Slam Dunk,7.8,514
862,438631,32.924,2021-09-15,Dune,7.8,14516
863,359156,0.8896,2015-09-08,Don't Be Bad,7.778,1029
864,901563,2.4978,2022-11-01,Close,7.8,963
865,277216,8.0318,2015-08-11,Straight Outta Compton,7.777,4123
866,11005,4.54,1990-12-04,Awakenings,7.777,2807
867,593,3.0984,1972-03-20,Solaris,7.777,1795
868,2721,1.6148,1969-02-26,Z,7.776,606
869,1208348,18.5227,2025-11-20,Rental Family,7.775,520
870,712454,1.175,2021-09-22,The Summit of the Gods,7.775,400
871,165,7.701,1989-11-22,Back to the Future Part II,7.775,13710
872,5000,1.012,1952-05-09,Forbidden Games,7.8,343
873,934,0.813,1955-04-13,Rififi,7.774,627
874,71157,1.6147,2011-10-06,Polisse,7.773,1295
875,14282,3.7377,1993-06-05,Ninja Scroll,7.773,726
876,632322,3.3487,2020-10-23,All My Life,7.772,509
877,25050,1.6113,2008-06-28,Still Walking,7.772,427
878,715931,5.2229,2022-12-02,Emancipation,7.77,1233
879,136,1.6264,1932-01-01,Freaks,7.77,1283
880,887,1.3248,1946-12-25,The Best Years of Our Lives,7.769,721
881,5511,24.1773,1967-10-25,Le Samouraï,7.8,1220
882,911430,35.7864,2025-06-25,F1,7.766,3464
883,144,5.6988,1987-09-23,Wings of Desire,7.765,1468
884,13855,2.3298,2008-02-14,The Chaser,7.764,1484
885,20873,0.9629,1969-05-23,The Diamond Arm,7.763,320
886,925,5.2196,1989-06-14,Do the Right Thing,7.8,1945
887,141,8.1122,2001-01-19,Donnie Darko,7.763,13227
888,169813,1.2519,2013-08-23,Short Term 12,7.762,1383
889,51533,2.0003,2010-12-20,Let the Bullets Fly,7.762,344
890,22504,0.9295,1980-03-19,The King and the Mockingbird,7.8,407
891,14756,2.4586,2008-12-12,Ip Man,7.762,4030
892,760774,3.9517,2023-12-21,One Life,7.761,919
893,6844,6.8298,1956-10-05,The Ten Commandments,7.761,1799
894,9421,1.4706,1998-04-15,The Dinner Game,7.76,2032
895,269149,30.7329,2016-02-11,Zootopia,7.759,17754
896,24480,1.0047,2009-05-28,Partly Cloudy,7.759,1086
897,12429,5.8886,2008-07-19,Ponyo,7.758,4714
898,946,1.4746,1948-04-28,Letter from an Unknown Woman,7.8,331
899,587,9.9349,2003-12-10,Big Fish,7.758,7651
900,553,3.1815,2003-05-21,Dogville,7.758,2632
901,523781,2.0072,2020-08-21,Words on Bathroom Walls,7.757,651
902,86837,2.8431,2012-09-20,Amour,7.8,1746
903,1417,7.8425,2006-10-11,Pan's Labyrinth,7.757,11292
904,808,31.4093,2001-05-18,Shrek,7.757,18458
905,1010581,33.1701,2023-06-08,My Fault,7.756,4009
906,18079,1.5016,2000-08-31,Nine Queens,7.756,798
907,10229,2.9082,2002-01-25,A Walk to Remember,7.756,4213
908,583,6.6924,1979-08-17,Life of Brian,7.756,4824
909,273248,12.5804,2015-12-25,The Hateful Eight,7.755,15072
910,17483,1.3447,2007-06-16,Shelter,7.755,497
911,40662,2.4347,2010-07-27,Batman: Under the Red Hood,7.754,1700
912,117,6.0287,1987-06-03,The Untouchables,7.754,6076
913,937278,10.1017,2022-12-28,A Man Called Otto,7.753,3480
914,652722,1.586,2019-12-06,In the Arms of an Assassin,7.753,431
915,126319,1.4659,2012-12-12,Ernest & Celestine,7.8,662
916,28162,1.486,1946-12-15,A Matter of Life and Death,7.752,458
917,428493,1.7968,2017-08-31,God's Own Country,7.8,964
918,1480,2.6267,1958-03-30,Touch of Evil,7.75,1563
919,396535,11.903,2016-07-20,Train to Busan,7.749,8211
920,166428,10.1713,2019-01-03,How to Train Your Dragon: The Hidden World,7.749,6988
921,1675,1.0899,1973-05-24,Day for Night,7.749,643
922,380,6.4026,1988-12-12,Rain Man,7.749,6932
923,423612,1.1502,2018-10-03,Never Look Away,7.748,743
924,143,3.5133,1930-04-29,All Quiet on the Western Front,7.747,908
925,14811,3.1724,1971-11-03,Fiddler on the Roof,7.746,621
926,5991,0.8668,1924-12-23,The Last Laugh,7.746,345
927,1700,17.2044,1990-11-30,Misery,7.745,5116
928,792,10.7357,1986-12-19,Platoon,7.745,4989
929,113833,1.1032,2014-05-25,The Normal Heart,7.7,904
930,211954,1.6138,2013-07-20,Instructions Not Included,7.742,948
931,322,5.5204,2003-10-08,Mystic River,7.742,7297
932,570503,2.0315,2019-08-28,Tune in for Love,7.741,317
933,203217,0.495,2013-06-21,My Mom Is a Character,7.741,681
934,15265,1.0753,1956-08-24,The Red Balloon,7.741,433
935,359784,1.7166,2016-06-16,Maudie,7.74,568
936,9552,20.0237,1973-12-26,The Exorcist,7.74,8500
937,903,5.4172,1967-11-01,Cool Hand Luke,7.739,1576
938,585511,12.993,2022-08-05,Luck,7.736,1907
939,404,2.6868,1999-10-15,The Straight Story,7.7,1745
940,585511,12.993,2022-08-05,Luck,7.736,1907
941,123025,1.8502,2012-09-25,"Batman: The Dark Knight Returns, Part 1",7.735,1680
942,12444,13.3358,2010-11-17,Harry Potter and the Deathly Hallows: Part 1,7.735,20146
943,609242,2.8676,2020-01-16,The Heist of the Century,7.734,837
944,45269,4.2528,2010-11-26,The King's Speech,7.734,9184
945,27670,0.6514,1984-12-20,Nothing Left to Do But Cry,7.734,1179
946,5528,4.6434,2004-03-17,The Chorus,7.734,2572
947,873,3.4531,1985-12-18,The Color Purple,7.733,1932
948,303,5.6788,1946-08-21,Notorious,7.733,1720
949,1426776,11.4748,2025-06-05,STRAW,7.732,923
950,703,16.6391,1977-04-19,Annie Hall,7.732,4174
951,334,12.461,1999-12-17,Magnolia,7.732,3915
952,492188,8.8419,2019-09-28,Marriage Story,7.731,7322
953,96721,17.3894,2013-09-02,Rush,7.732,7675
954,25253,3.2477,1963-11-27,Crooks in Clover,7.731,551
955,15916,2.7034,1985-12-22,Angel's Egg,7.73,554
956,15121,7.3239,1965-03-29,The Sound of Music,7.73,3565
957,11902,4.4491,1995-05-13,Underground,7.73,758
958,22596,2.3865,1923-04-01,Safety Last!,7.7,561
959,216,0.8799,1974-03-05,Ali: Fear Eats the Soul,7.7,446
960,30959,1.9392,1965-01-06,Kwaidan,7.728,441
961,12405,5.1271,2008-11-12,Slumdog Millionaire,7.728,11158
962,12516,2.1152,1990-05-11,Dreams,7.7,540
963,382591,3.0133,2016-12-07,Two Is a Family,7.727,3044
964,597316,1.9807,2021-09-22,My Little Pony: A New Generation,7.7,329
965,177572,16.55,2014-10-24,Big Hero 6,7.725,16388
966,61979,6.8754,2010-12-03,Three Steps Above Heaven,7.7,3187
967,20126,8.394,1975-03-07,Deep Red,7.725,1571
968,10020,14.5593,1991-10-22,Beauty and the Beast,7.725,10536
969,11299,2.4344,2001-09-01,Cowboy Bebop: The Movie,7.724,1001
970,2108,8.7886,1985-02-15,The Breakfast Club,7.7,8423
971,882569,9.8271,2023-04-19,Guy Ritchie's The Covenant,7.723,3061
972,579974,8.2141,2022-03-24,RRR,7.723,1543
973,1139817,3.8837,2024-09-12,Officer Black Belt,7.717,341
974,49046,6.3873,2022-10-07,All Quiet on the Western Front,7.721,4543
975,10227,1.8236,1967-12-13,PlayTime,7.722,647
976,2204,0.7805,1974-05-17,Alice in the Cities,7.722,329
977,545611,11.1123,2022-03-24,Everything Everywhere All at Once,7.722,7715
978,9806,13.534,2004-11-05,The Incredibles,7.721,18667
979,272,16.4304,2005-06-10,Batman Begins,7.721,22309
980,666277,8.7035,2023-06-02,Past Lives,7.72,2211
981,980,0.9954,1943-03-11,The Ox-Bow Incident,7.7,421
982,525,8.0565,1980-06-16,The Blues Brothers,7.719,4500
983,162,18.8066,1990-12-07,Edward Scissorhands,7.719,13612
984,843906,1.4918,2021-09-14,Straight Outta Nowhere: Scooby-Doo! Meets Courage the Cowardly Dog,7.718,397
985,1139817,3.8837,2024-09-12,Officer Black Belt,7.717,341
986,980489,17.4472,2023-08-09,Gran Turismo,7.717,3288
987,369299,1.4314,2016-05-13,Don't Blame the Kid,7.717,658
988,336804,5.1733,2015-06-17,Mustang,7.717,1437
989,696,13.2037,1979-04-25,Manhattan,7.717,2573
990,205,2.4725,2004-12-22,Hotel Rwanda,7.716,3101
991,9800,11.9428,1993-12-22,Philadelphia,7.715,4548
992,1040,1.823,1963-03-27,The Leopard,7.714,927
993,1626,1.1716,1962-09-20,Vivre Sa Vie,7.7,687
994,705861,3.9635,2022-06-03,Hustle,7.712,2762
995,602063,3.8433,2021-04-23,Rurouni Kenshin: The Final,7.712,536
996,221732,1.7062,2014-09-13,Rurouni Kenshin Part III: The Legend Ends,7.711,552
997,23832,0.9844,1966-04-07,For Love and Gold,7.711,389
998,453191,0.8847,2017-06-21,The Big Bad Fox and Other Tales,7.71,311
999,374473,1.8673,2016-10-21,"I, Daniel Blake",7.71,1507
1000,32579,1.6561,2007-07-27,Under the Same Moon,7.71,310
1001,49687,0.9597,1964-12-18,Marriage Italian Style,7.709,538
1002,24657,3.9441,1986-05-09,The Sacrifice,7.709,602
1003,603692,13.2456,2023-03-22,John Wick: Chapter 4,7.708,7724
1004,242582,21.0331,2014-10-23,Nightcrawler,7.709,11535
1005,12491,0.8665,1961-09-25,Accattone,7.708,511
1006,11171,16.4092,2005-03-30,Mysterious Skin,7.708,1235
1007,486589,2.6088,2019-07-25,Red Shoes and the Seven Dwarfs,7.705,1125
1008,40619,1.6546,2010-06-17,Day & Night,7.705,936
1009,672,15.0005,2002-11-13,Harry Potter and the Chamber of Secrets,7.705,23304
1010,963,5.0492,1941-10-18,The Maltese Falcon,7.704,1844
1011,843241,1.4895,2021-07-02,The Seven Deadly Sins: Cursed by Light,7.703,509
1012,297222,5.1776,2014-12-18,PK,7.703,1125
1013,688,3.3188,1995-06-02,The Bridges of Madison County,7.703,2324
1014,396,1.689,1966-06-22,Who's Afraid of Virginia Woolf?,7.703,891
1015,309,1.8686,1998-06-19,The Celebration,7.703,1227
1016,28276,2.261,1959-05-12,Good Morning,7.7,307
1017,30018,2.0215,2009-05-28,Mother,7.701,1652
1018,502033,2.2312,2020-11-20,Sound of Metal,7.698,2779
1019,451945,1.1503,2017-08-23,BPM (Beats per Minute),7.698,1374
1020,502033,2.2312,2020-11-20,Sound of Metal,7.698,2779
1021,451945,1.1503,2017-08-23,BPM (Beats per Minute),7.698,1374
1022,851,1.6685,1945-11-24,Brief Encounter,7.7,691
1023,3114,2.7511,1956-05-16,The Searchers,7.697,1544
1024,177945,1.351,2013-09-24,"Like Father, Like Son",7.695,785
1025,4480,1.0427,1986-08-27,Jean de Florette,7.7,603
1026,286217,21.1948,2015-09-30,The Martian,7.692,20893
1027,16052,1.8211,1997-03-21,Selena,7.692,1294
1028,2493,6.864,1987-09-25,The Princess Bride,7.692,4986
1029,1027014,10.0022,2022-09-28,Entergalactic,7.691,476
1030,773,3.6757,2006-07-26,Little Miss Sunshine,7.691,7701
1031,993,9.9177,1972-12-10,Sleuth,7.69,687
1032,632,1.3492,1953-05-29,Stalag 17,7.689,649
1033,336808,1.0399,2015-05-25,Embrace of the Serpent,7.688,495
1034,234200,1.7781,2014-09-12,Pride,7.688,1390
1035,137182,0.499,2012-10-09,The Broken Circle Breakdown,7.688,1117
1036,19026,1.455,2006-10-25,Azur & Asmar: The Princes' Quest,7.688,658
1037,10757,2.4349,2001-12-14,Kabhi Khushi Kabhie Gham,7.687,590
1038,9023,5.4356,2002-05-24,Spirit: Stallion of the Cimarron,7.687,4831
1039,158,1.2792,1997-02-20,Knockin' on Heaven's Door,7.687,571
1040,713776,0.638,2020-03-07,If Anything Happens I Love You,7.686,970
1041,375794,2.487,2016-09-02,"No manches, Frida",7.686,937
1042,44214,20.2931,2010-12-03,Black Swan,7.685,15365
1043,5544,3.3066,1959-06-10,Hiroshima Mon Amour,7.685,905
1044,336,3.1209,1971-10-29,"Duck, You Sucker",7.7,1154
1045,573699,1.826,2019-01-11,White Snake,7.684,542
1046,1633,8.5702,1991-12-27,Fried Green Tomatoes,7.684,1448
1047,413594,2.1653,2017-02-18,Sword Art Online the Movie: Ordinal Scale,7.7,734
1048,990,2.191,1961-09-25,The Hustler,7.7,1055
1049,613868,1.4588,2019-12-10,Cousins,7.681,349
1050,337960,0.8416,2015-08-27,Holding the Man,7.681,456
1051,13187,1.3277,1965-12-09,A Charlie Brown Christmas,7.681,762
1052,9912,1.8265,2005-10-12,The World's Fastest Indian,7.681,854
1053,767,13.0613,2009-07-15,Harry Potter and the Half-Blood Prince,7.681,20541
1054,527776,2.7095,2019-08-22,Overcomer,7.68,302
1055,244063,1.2807,2014-01-08,Boys,7.68,725
1056,82702,14.0513,2014-06-05,How to Train Your Dragon 2,7.7,10277
1057,30588,1.3518,1947-08-27,Monsieur Verdoux,7.68,462
1058,1632,5.5306,1988-12-08,Mississippi Burning,7.68,1883
1059,578,19.0999,1975-06-20,Jaws,7.679,11347
1060,14438,23.6603,2008-09-26,Fireproof,7.678,839
1061,2433,1.5056,1967-03-08,The Young Girls of Rochefort,7.678,645
1062,11362,4.5946,2002-01-23,The Count of Monte Cristo,7.677,1968
1063,1175942,19.0837,2025-07-24,The Bad Guys 2,7.676,688
1064,393729,1.2197,2016-08-31,Divines,7.676,678
1065,83666,15.4808,2012-05-16,Moonrise Kingdom,7.676,6242
1066,539517,1.8043,2018-10-04,Constantine: City of Demons - The Movie,7.675,649
1067,30020,1.969,1997-09-28,Taste of Cherry,7.7,687
1068,13466,2.3953,1999-02-19,October Sky,7.675,1394
1069,218,15.3463,1984-10-26,The Terminator,7.675,14336
1070,48831,0.6747,1969-06-04,My Night at Maud's,7.7,348
1071,11787,1.4826,1950-12-04,Harvey,7.673,673
1072,11220,3.9964,1995-09-06,Fallen Angels,7.673,1249
1073,14580,1.2727,1953-10-14,The Big Heat,7.672,541
1074,675,13.0769,2007-07-08,Harry Potter and the Order of the Phoenix,7.672,20567
1075,656563,0.6624,2020-04-30,Rich in Love,7.671,630
1076,506574,17.9039,2019-08-02,Descendants 3,7.671,1600
1077,11474,12.4768,1979-02-01,The Warriors,7.671,2322
1078,1908,1.0714,1960-07-07,Inherit the Wind,7.671,456
1079,435366,1.8204,2017-02-09,Fabricated City,7.67,347
1080,556984,3.7275,2020-09-25,The Trial of the Chicago 7,7.669,3279
1081,522627,5.3407,2020-01-01,The Gentlemen,7.668,6435
1082,479718,4.1035,2017-10-03,The Outlaws (The Roundup),7.668,517
1083,22881,5.1811,2009-11-20,The Blind Side,7.668,6731
1084,965150,9.7263,2022-10-21,Aftersun,7.7,1762
1085,51739,4.3323,2010-07-16,The Secret World of Arrietty,7.667,3094
1086,21135,1.9449,1962-04-13,L'Eclisse,7.667,524
1087,1075,1.4799,1998-06-01,"Black Cat, White Cat",7.667,803
1088,974036,2.7575,2024-02-22,Ordinary Angels,7.662,356
1089,766507,17.4676,2022-08-02,Prey,7.666,7543
1090,238628,1.2048,2013-10-17,Tangerines,7.666,577
1091,13151,2.3355,1998-09-22,Scooby-Doo on Zombie Island,7.666,827
1092,3763,1.4597,1964-11-21,Onibaba,7.666,465
1093,1062722,32.7876,2025-10-17,Frankenstein,7.667,3039
1094,845,5.6325,1951-06-27,Strangers on a Train,7.665,1844
1095,68,3.1912,1985-02-20,Brazil,7.665,3621
1096,12219,2.553,1997-08-17,12 Angry Men,7.664,427
1097,5910,1.6072,1997-10-30,Fireworks,7.663,756
1098,1587,4.7249,1993-12-17,What's Eating Gilbert Grape,7.662,4203
1099,288,3.2708,1952-06-09,High Noon,7.662,1543
1100,1311031,78.2015,2025-07-18,Demon Slayer: Kimetsu no Yaiba Infinity Castle,7.66,749
1101,938008,3.4214,2022-07-13,The Killer,7.661,413
1102,227932,0.4681,2016-12-22,My Mom Is a Character 2,7.66,524
1103,8358,22.2775,2000-12-22,Cast Away,7.66,12098
1104,167581,1.375,2013-05-27,Free Fall,7.7,828
1105,14813,5.5606,1983-10-19,Mickey's Christmas Carol,7.659,972
1106,10633,3.8773,1967-08-02,In the Heat of the Night,7.7,1207
1107,4808,3.2432,1963-12-01,Charade,7.659,1502
1108,653,3.9657,1922-02-16,Nosferatu,7.659,2402
1109,587272,2.6291,2019-08-02,Father There Is Only One,7.658,761
1110,15999,2.945,2001-04-21,Vampire Hunter D: Bloodlust,7.658,772
1111,4497,5.5109,1962-04-01,Viridiana,7.658,541
1112,1592,5.0904,1996-03-06,Primal Fear,7.657,3793
1113,891,6.3294,1976-04-09,All the President's Men,7.656,2023
1114,414906,26.203,2022-03-01,The Batman,7.7,11662
1115,1726,15.9249,2008-04-30,Iron Man,7.656,27811
1116,672322,3.296,2021-06-04,Rurouni Kenshin: The Beginning,7.655,530
1117,446159,1.3167,2019-08-29,Bacurau,7.655,1121
1118,15794,1.5042,1949-09-02,White Heat,7.655,527
1119,792307,13.4102,2023-12-07,Poor Things,7.7,5331
1120,792307,13.4102,2023-12-07,Poor Things,7.7,5331
1121,100402,7.5106,2014-03-20,Captain America: The Winter Soldier,7.654,19776
1122,8416,5.6986,1971-01-29,The Conformist,7.654,750
1123,812,18.3127,1992-11-25,Aladdin,7.654,11876
1124,573171,2.0264,2022-12-14,Little Eggs: A Frozen Rescue,7.653,362
1125,50531,0.4532,2000-12-15,Ask Me If I'm Happy,7.653,1715
1126,49992,0.5634,1998-12-22,Lucky and Zorba,7.653,631
1127,678,1.7646,1947-11-25,Out of the Past,7.653,632
1128,886396,1.6375,2022-10-17,Batman and Superman: Battle of the Super Sons,7.7,341
1129,728118,0.7682,2021-02-26,"Quo Vadis, Aida?",7.651,464
1130,575452,3.1007,2019-05-23,The Traitor,7.651,1410
1131,371645,3.5893,2016-01-22,Hunt for the Wilderpeople,7.65,2258
1132,840430,4.3762,2023-10-27,The Holdovers,7.6,2397
1133,776305,4.2718,2021-07-16,Belle,7.647,848
1134,508933,1.0043,2018-03-13,Ricky Gervais: Humanity,7.648,507
1135,869626,1.9567,2022-06-24,Marcel the Shell with Shoes On,7.646,676
1136,871,6.8644,1968-02-07,Planet of the Apes,7.646,3860
1137,247,5.5571,1956-06-06,The Killing,7.646,1680
1138,508439,8.3774,2020-02-29,Onward,7.645,6486
1139,514439,4.5741,2019-04-10,Breakthrough,7.644,1138
1140,20139,1.1787,1961-12-19,The Children's Hour,7.642,393
1141,12548,1.3245,1953-09-17,I Vitelloni,7.6,726
1142,1904,3.3359,2005-12-06,Memoirs of a Geisha,7.642,3328
1143,728118,0.7682,2021-02-26,"Quo Vadis, Aida?",7.651,464
1144,144288,8.0293,2013-02-01,Berserk: The Golden Age Arc III - The Advent,7.641,396
1145,108,3.1208,1993-09-08,Three Colors: Blue,7.641,1854
1146,966220,5.5856,2022-05-03,Sniper: The White Raven,7.639,858
1147,726759,7.7505,2023-03-15,Tetris,7.642,1666
1148,381289,3.5877,2017-01-19,A Dog's Purpose,7.638,3486
1149,13830,3.7907,2002-02-27,Shottas,7.638,355
1150,29154,1.5418,1988-03-11,Stand and Deliver,7.637,428
1151,4347,17.6474,2007-02-27,Atonement,7.637,4613
1152,770254,2.3772,2021-12-03,Back to the Outback,7.636,774
1153,471707,1.0888,2019-09-10,Corpus Christi,7.6,589
1154,13929,0.8869,1997-11-24,Geri's Game,7.636,1196
1155,4495,0.9248,1973-10-08,The Spirit of the Beehive,7.6,389
1156,24160,0.6174,1982-12-22,My Friends Act II,7.635,360
1157,8016,0.9112,1948-07-11,"Germany, Year Zero",7.6,418
1158,137113,12.3373,2014-05-27,Edge of Tomorrow,7.633,14829
1159,1678,4.5595,1954-11-03,Godzilla,7.6,1078
1160,498249,0.9496,2018-11-21,Bad Seeds,7.633,620
1161,137113,12.3373,2014-05-27,Edge of Tomorrow,7.633,14829
1162,16306,1.4466,1973-12-01,Fantastic Planet,7.633,1078
1163,11898,1.2063,1949-06-21,Kind Hearts and Coronets,7.633,592
1164,55,3.9067,2000-06-16,Amores Perros,7.633,2854
1165,110160,1.0854,2012-05-18,Laurence Anyways,7.6,889
1166,1939,13.0994,1944-10-11,Laura,7.632,889
1167,567410,1.1799,2019-09-19,System Crasher,7.631,377
1168,37247,7.5724,1967-12-21,The Graduate,7.631,3615
1169,513434,2.0013,2017-11-04,One Cut of the Dead,7.63,953
1170,342470,3.3833,2020-02-28,All the Bright Places,7.63,2991
1171,313297,4.271,2016-08-18,Kubo and the Two Strings,7.6,3758
1172,76341,15.8634,2015-05-13,Mad Max: Fury Road,7.63,23801
1173,20123,1.085,1988-12-21,Time of the Gypsies,7.6,428
1174,261,1.4494,1958-08-29,Cat on a Hot Tin Roof,7.629,821
1175,212,1.7103,1944-09-01,Arsenic and Old Lace,7.629,1019
1176,799766,3.1394,2024-12-06,Better Man,7.628,798
1177,4995,10.1845,1997-10-10,Boogie Nights,7.628,3480
1178,3309,1.4799,1945-10-20,Mildred Pierce,7.628,436
1179,950396,18.3512,2025-02-13,The Gorge,7.626,3471
1180,28580,0.9495,1945-11-29,The Lost Weekend,7.6,653
1181,13363,5.0256,2007-06-10,The Man from Earth,7.627,2829
1182,228205,6.445,2015-04-09,The Longest Ride,7.626,3295
1183,164,4.3424,1961-10-06,Breakfast at Tiffany's,7.625,4430
1184,1002185,1.4234,2023-09-08,A Million Miles Away,7.625,506
1185,744114,2.9784,2022-10-20,My Policeman,7.625,754
1186,627725,4.9995,2020-03-06,The Banker,7.627,1081
1187,10754,0.7315,1988-03-11,A Short Film About Killing,7.625,388
1188,8832,0.7645,2008-05-28,Il Divo,7.625,1174
1189,426426,12.841,2018-11-21,Roma,7.6,4076
1190,329865,13.8226,2016-11-10,Arrival,7.624,19040
1191,74308,9.2822,2011-04-24,Detachment,7.624,1938
1192,15251,0.4447,1983-10-15,Eddie Murphy: Delirious,7.624,343
1193,10451,1.7041,1994-08-03,Eat Drink Man Woman,7.62,391
1194,724495,10.4136,2022-09-16,The Woman King,7.623,2314
1195,137,18.4497,1993-02-11,Groundhog Day,7.623,8713
1196,99,1.8869,1999-04-16,All About My Mother,7.623,2031
1197,939243,19.3762,2024-12-19,Sonic the Hedgehog 3,7.62,3157
1198,419430,13.8006,2017-02-24,Get Out,7.622,18604
1199,293660,16.3243,2016-02-09,Deadpool,7.622,32421
1200,38251,0.7707,1991-02-02,Mediterraneo,7.622,1051
1201,207703,11.3688,2015-01-24,Kingsman: The Secret Service,7.62,17622
1202,14784,12.9958,2006-09-09,The Fall,7.6,1484
1203,702,1.925,1951-09-18,A Streetcar Named Desire,7.619,1449
1204,803700,1.0074,2022-12-21,The Eight Mountains,7.618,810
1205,9343,1.7792,1982-03-02,Fitzcarraldo,7.618,858
1206,1933,4.5291,2001-08-02,The Others,7.617,7028
1207,650,5.3751,1991-07-12,Boyz n the Hood,7.6,2196
1208,534780,1.4895,2018-10-05,Andhadhun,7.616,603
1209,13386,0.2947,1981-03-05,I'm Starting from Three,7.616,695
1210,11657,2.3313,1970-10-19,Le Cercle Rouge,7.615,710
1211,42987,1.2803,1963-11-14,The Servant,7.614,368
1212,25188,2.2143,1971-10-03,The Last Picture Show,7.614,754
1213,19101,2.0961,1995-05-10,A Little Princess,7.614,1025
1214,17835,15.3919,1985-08-06,Threads,7.6,389
1215,995,11.2201,1939-03-02,Stagecoach,7.614,1209
1216,61202,2.6932,2011-07-15,Zindagi Na Milegi Dobara,7.613,397
1217,17057,3.9299,1950-05-17,In a Lonely Place,7.613,652
1218,1084242,133.1806,2025-11-26,Zootopia 2,7.612,1925
1219,309809,4.0385,2015-07-29,The Little Prince,7.6,2930
1220,12093,3.6305,2002-08-23,Lilya 4-ever,7.6,648
1221,10331,3.1167,1968-10-04,Night of the Living Dead,7.612,2675
1222,9693,5.8291,2006-09-22,Children of Men,7.612,7693
1223,583083,3.3333,2020-07-24,The Kissing Booth 2,7.611,5109
1224,72213,2.1318,2011-09-30,Courageous,7.61,397
1225,38757,23.329,2010-11-24,Tangled,7.61,12221
1226,283995,20.1086,2017-04-19,Guardians of the Galaxy Vol. 2,7.609,22692
1227,793,18.3244,1986-09-19,Blue Velvet,7.6,3743
1228,496450,4.552,2023-07-05,"Miraculous: Ladybug & Cat Noir, The Movie",7.6,936
1229,364111,1.2739,2015-09-19,The Anthem of the Heart,7.608,426
1230,39324,2.1125,1993-02-24,Dragon Ball Z: The History of Trunks,7.6,588
1231,25858,3.1798,1948-04-27,Drunken Angel,7.608,302
1232,1232827,2.4076,2024-09-06,The Girl with the Needle,7.6,331
1233,14624,2.0992,2007-03-09,The Ultimate Gift,7.607,487
1234,9289,2.8153,1962-09-25,The Longest Day,7.607,1001
1235,642,3.0289,1969-09-23,Butch Cassidy and the Sundance Kid,7.607,2413
1236,537116,5.9271,2021-11-11,"tick, tick... BOOM!",7.6,2260
1237,180299,3.3154,2014-03-27,The Raid 2,7.6,2534
1238,127501,1.2423,2012-09-13,Barfi!,7.606,357
1239,11482,4.5955,1976-05-26,The Tenant,7.606,1211
1240,614917,4.5771,2021-11-18,King Richard,7.604,2782
1241,364111,1.2739,2015-09-19,The Anthem of the Heart,7.608,426
1242,1712,2.9103,1956-11-08,Giant,7.604,739
1243,863,19.5571,1999-10-30,Toy Story 2,7.604,14698
1244,13002,2.942,2006-09-19,Barbie in the 12 Dancing Princesses,7.603,1233
1245,11321,4.982,2008-12-18,Seven Pounds,7.603,7134
1246,819,15.3443,1996-10-18,Sleepers,7.603,3783
1247,820,5.9496,1991-12-20,JFK,7.604,2351
1248,25768,1.259,1928-05-09,"Steamboat Bill, Jr.",7.601,382
1249,1093,1.3237,1958-01-29,Elevator to the Gallows,7.601,681
1250,343,5.3923,1971-12-20,Harold and Maude,7.601,1182
1251,63,13.7546,1995-12-29,Twelve Monkeys,7.601,8956
1252,26371,2.6057,1987-09-18,Maurice,7.6,594
1253,21191,3.0499,2009-03-20,Sin Nombre,7.6,749
1254,19995,35.9985,2009-12-16,Avatar,7.6,33553
1255,348678,2.4005,2015-12-25,A Man Called Ove,7.599,1281
1256,616,6.6638,2003-12-05,The Last Samurai,7.599,7386
1257,76600,27.51,2022-12-14,Avatar: The Way of Water,7.598,13787
1258,910,1.9143,1946-08-22,The Big Sleep,7.598,1133
1259,81401,1.5173,2011-03-31,The Turin Horse,7.597,407
1260,4922,7.1653,2008-12-25,The Curious Case of Benjamin Button,7.598,13537
1261,1541,14.6104,1991-05-24,Thelma & Louise,7.6,3779
1262,466282,5.6145,2018-08-17,To All the Boys I've Loved Before,7.596,8664
1263,1579,20.29,2006-12-07,Apocalypto,7.596,6115
1264,768744,8.3879,2021-08-06,My Hero Academia: World Heroes' Mission,7.595,609
1265,476968,2.358,2018-03-23,"Paul, Apostle of Christ",7.595,396
1266,417261,2.4392,2018-01-26,Forever My Girl,7.6,1353
1267,15137,2.8797,2007-09-01,Evangelion: 1.0 You Are (Not) Alone,7.593,1063
1268,10835,4.6747,1989-03-24,The Killer,7.6,870
1269,71,2.4092,2000-09-28,Billy Elliot,7.593,4033
1270,589739,0.9754,2019-08-14,Hair Love,7.593,483
1271,222935,5.6831,2014-06-02,The Fault in Our Stars,7.593,11482
1272,17058,1.2792,1945-12-25,Scarlet Street,7.593,425
1273,244,6.5009,1933-03-15,King Kong,7.6,1583
1274,502356,19.7716,2023-04-05,The Super Mario Bros. Movie,7.592,10307
1275,10322,3.8697,1979-12-19,Being There,7.592,1105
1276,841755,2.6463,2021-08-30,Mortal Kombat Legends: Battle of the Realms,7.591,477
1277,976,1.4099,1957-07-04,Sweet Smell of Success,7.591,568
1278,320007,4.228,2015-06-11,Victoria,7.59,1323
1279,283587,2.3765,2015-09-11,Beasts of No Nation,7.59,1841
1280,4951,9.5786,1999-03-30,10 Things I Hate About You,7.59,8778
1281,335984,16.8195,2017-10-04,Blade Runner 2049,7.589,14842
1282,4982,13.9318,2007-11-02,American Gangster,7.589,5899
1283,11972,1.1677,1952-03-28,The Little World of Don Camillo,7.584,303
1284,643,1.5473,1925-12-24,Battleship Potemkin,7.588,1272
1285,630,12.5962,1939-08-15,The Wizard of Oz,7.587,6021
1286,576,2.7582,1969-06-19,The Wild Bunch,7.587,1298
1287,637649,17.661,2021-04-22,Wrath of Man,7.586,5950
1288,33997,2.161,2009-09-24,Desert Flower,7.585,472
1289,3933,18.5819,2005-09-12,Corpse Bride,7.585,10042
1290,624932,0.4161,2019-08-26,Dave Chappelle: Sticks & Stones,7.584,364
1291,333339,14.0174,2018-03-28,Ready Player One,7.584,16644
1292,54186,2.1547,2010-06-04,Confessions,7.6,961
1293,31417,1.1942,1960-01-11,Eyes Without a Face,7.6,787
1294,27040,2.7215,1943-01-01,Meshes of the Afternoon,7.584,432
1295,3482,10.3321,1964-09-24,The Train,7.584,364
1296,746,4.3958,1987-10-04,The Last Emperor,7.584,1874
1297,801335,11.4875,2021-02-27,Girl in the Basement,7.583,821
1298,64690,8.153,2011-09-15,Drive,7.583,13395
1299,284053,10.4633,2017-10-02,Thor: Ragnarok,7.581,21770
1300,16219,2.9611,1992-03-06,Gladiator,7.582,382
1301,981,1.8784,1940-12-05,The Philadelphia Story,7.582,957
1302,976573,14.5586,2023-06-14,Elemental,7.582,5175
1303,4481,1.6672,1986-11-19,Manon of the Spring,7.6,556
1304,3580,18.2754,2008-10-24,Changeling,7.6,4417
1305,1654,5.1616,1967-06-15,The Dirty Dozen,7.581,1290
1306,940721,8.9279,2023-11-03,Godzilla Minus One,7.582,3018
1307,221731,4.1645,2014-08-01,Rurouni Kenshin Part II: Kyoto Inferno,7.58,641
1308,12501,2.1109,1958-09-30,The Big Country,7.58,398
1309,530079,1.4843,2019-06-21,Ride Your Wave,7.6,363
1310,198375,3.0459,2013-05-31,The Garden of Words,7.579,2184
1311,1879,1.5303,1967-12-11,Guess Who's Coming to Dinner,7.579,899
1312,64,1.6376,2002-03-15,Talk to Her,7.579,1410
1313,225745,1.5095,2013-04-20,Steins;Gate: The Movie - Load Region of Déjà Vu,7.6,387
1314,1124566,21.7862,2025-08-20,Sentimental Value,7.6,627
1315,804095,11.2694,2022-11-11,The Fabelmans,7.577,2684
1316,398978,5.9202,2019-11-01,The Irishman,7.577,7374
1317,11969,13.9387,1993-12-25,Tombstone,7.578,2388
1318,2013,4.0657,2007-05-23,The Diving Bell and the Butterfly,7.576,1249
1319,489999,3.616,2018-08-24,Searching,7.575,4149
1320,57158,10.2205,2013-12-11,The Hobbit: The Desolation of Smaug,7.575,13976
1321,10363,4.3826,1960-03-10,Purple Noon,7.575,582
1322,315846,9.4605,2015-06-13,Our Little Sister,7.573,544
1323,284427,2.1852,2014-09-25,Who Am I,7.573,1677
1324,264660,20.5847,2015-01-21,Ex Machina,7.573,14062
1325,18925,2.8116,2006-09-29,Facing the Giants,7.573,492
1326,11159,4.7133,1996-05-24,Secrets & Lies,7.6,710
1327,8440,1.9031,2003-04-11,Carandiru,7.6,597
1328,4235,1.0749,1969-12-05,The Sicilian Clan,7.573,356
1329,568124,16.1908,2021-10-13,Encanto,7.572,10083
1330,28145,1.3285,1969-12-10,"They Shoot Horses, Don't They?",7.6,355
1331,1954,7.5954,2004-01-17,The Butterfly Effect,7.572,8072
1332,921,3.1434,2005-06-02,Cinderella Man,7.571,2360
1333,7214,8.8113,2005-01-14,Coach Carter,7.57,3213
1334,586863,2.6223,2019-11-14,Les Misérables,7.568,1591
1335,585244,1.6645,2020-03-12,I Still Believe,7.569,1218
1336,36557,9.8858,2006-11-14,Casino Royale,7.569,11475
1337,21575,9.5094,2009-08-26,A Prophet,7.569,1693
1338,1544,2.3698,2006-01-27,Imagine Me & You,7.6,1092
1339,870,0.7382,2002-10-12,Dolls,7.569,349
1340,1278263,2.0457,2024-09-18,The Seed of the Sacred Fig,7.557,430
1341,9377,6.1254,1986-06-11,Ferris Bueller's Day Off,7.567,5294
1342,2649,9.204,1997-09-12,The Game,7.568,7191
1343,532,1.3466,1996-03-07,A Close Shave,7.568,911
1344,1913,1.7855,2004-09-03,The Sea Inside,7.567,991
1345,11909,2.5947,1990-08-17,Bullet in the Head,7.566,309
1346,639988,19.1488,2025-09-24,No Other Choice,7.565,773
1347,244267,1.9158,2014-07-18,I Origins,7.565,3407
1348,17431,17.6845,2009-06-12,Moon,7.565,6141
1349,3558,4.1956,1999-12-21,"Girl, Interrupted",7.565,4086
1350,538858,1.478,2018-10-12,Tumbbad,7.564,313
1351,366170,1.5194,2016-04-23,Yu-Gi-Oh!: The Dark Side of Dimensions,7.6,455
1352,277834,3.3341,2016-10-13,Moana,7.564,13571
1353,47909,0.8528,2010-05-13,Poetry,7.564,329
1354,12102,3.882,1979-12-07,Kramer vs. Kramer,7.564,2407
1355,9016,5.2935,2002-11-26,Treasure Planet,7.563,4524
1356,782,4.3191,1997-07-09,Gattaca,7.565,6798
1357,18,16.7036,1997-05-02,The Fifth Element,7.563,11490
1358,707886,1.5602,2020-06-19,Feel the Beat,7.562,1159
1359,18329,4.0444,1997-05-30,Happy Together,7.6,777
1360,4638,6.7515,2007-02-14,Hot Fuzz,7.562,8162
1361,596054,0.6856,2019-08-15,Heroic Losers,7.561,603
1362,13562,3.8374,1936-09-02,My Man Godfrey,7.561,383
1363,11544,13.6247,2002-06-21,Lilo & Stitch,7.562,6992
1364,10950,3.5869,2001-12-28,I Am Sam,7.6,2452
1365,514754,1.567,2018-06-15,Bao,7.56,1279
1366,431693,5.2524,2019-12-04,Spies in Disguise,7.56,2931
1367,39323,3.3761,1990-10-17,Dragon Ball Z: Bardock - The Father of Goku,7.6,758
1368,783,3.2724,1982-12-01,Gandhi,7.561,2468
1369,352173,1.4448,2015-07-30,Drishyam,7.559,473
1370,9394,2.8064,1970-12-22,They Call Me Trinity,7.559,1419
1371,13980,1.9827,2007-09-29,Sword of the Stranger,7.558,454
1372,11688,10.5573,2000-12-15,The Emperor's New Groove,7.557,7196
1373,618588,7.5125,2024-02-22,Arthur the King,7.559,895
1374,533535,31.8006,2024-07-24,Deadpool & Wolverine,7.556,8321
1375,1372,5.0853,2006-12-08,Blood Diamond,7.555,8180
1376,30368,2.635,1949-10-17,Stray Dog,7.555,344
1377,21542,5.2719,2003-12-12,Love Don't Co$t a Thing,7.555,663
1378,730840,1.9418,2021-07-21,Trollhunters: Rise of the Titans,7.554,349
1379,948,15.7039,1978-10-24,Halloween,7.6,6074
1380,306819,3.2787,2015-11-27,The Danish Girl,7.553,5903
1381,13396,1.3059,1982-12-26,The Snowman,7.551,343
1382,246741,2.289,2014-06-19,What We Do in the Shadows,7.55,3856
1383,38234,5.2693,2010-04-17,Undisputed III: Redemption,7.55,992
1384,13310,2.2393,2008-10-24,Let the Right One In,7.55,3194
1385,878361,2.049,2023-04-27,Big George Foreman,7.549,335
1386,451915,7.4751,2018-10-12,Beautiful Boy,7.548,2814
1387,334541,7.3444,2016-11-17,Manchester by the Sea,7.549,6307
1388,29084,0.5471,1943-09-28,Le Corbeau,7.5,308
1389,1022789,19.8951,2024-06-11,Inside Out 2,7.546,6494
1390,1628,1.05,1962-01-23,Jules and Jim,7.546,1040
1391,433,16.2798,1964-12-17,Mary Poppins,7.546,4942
1392,71859,3.7116,2011-09-28,We Need to Talk About Kevin,7.544,3037
1393,24807,1.1091,1936-04-09,Mr. Deeds Goes to Town,7.544,399
1394,12498,2.5847,1996-08-30,Sling Blade,7.544,844
1395,765,5.5753,1987-03-13,Evil Dead II,7.544,3407
1396,106,16.4661,1987-06-12,Predator,7.544,8894
1397,399566,11.821,2021-03-24,Godzilla vs. Kong,7.543,10500
1398,1883,7.4393,1992-11-18,Malcolm X,7.542,1846
1399,11528,3.5697,1993-04-07,The Sandlot,7.5,1286
1400,4960,2.4323,2008-10-24,"Synecdoche, New York",7.542,1554
1401,429450,3.9247,2016-12-07,Pandora,7.541,502
1402,228150,13.6276,2014-10-15,Fury,7.541,12753
1403,907,4.9126,1965-12-22,Doctor Zhivago,7.5,1250
1404,881,5.5491,1992-12-11,A Few Good Men,7.54,4039
1405,638,5.8762,1997-01-15,Lost Highway,7.5,2885
1406,581577,1.2994,2020-04-17,Persian Lessons,7.539,473
1407,375572,0.6815,2016-04-07,Italian Race,7.539,961
1408,281957,22.9298,2015-12-25,The Revenant,7.539,19069
1409,138843,15.9729,2013-07-18,The Conjuring,7.539,12525
1410,2009,0.8726,2007-08-24,"4 Months, 3 Weeks and 2 Days",7.539,800
1411,747,5.4689,2004-04-09,Shaun of the Dead,7.54,9165
1412,109424,23.1758,2013-10-10,Captain Phillips,7.538,7369
1413,16633,3.63,1980-10-02,Somewhere in Time,7.538,642
1414,13696,1.084,1938-11-26,Angels with Dirty Faces,7.538,346
1415,9366,5.7387,1997-02-27,Donnie Brasco,7.538,4770
1416,338,1.7112,2003-02-13,"Good Bye, Lenin!",7.538,2583
1417,41411,2.756,2010-03-10,The Round Up,7.537,1033
1418,8327,2.4934,1973-11-29,The Holy Mountain,7.537,998
1419,756999,9.1287,2022-06-16,The Black Phone,7.536,5692
1420,722778,1.2448,2021-11-24,The Hand of God,7.536,1756
1421,24653,0.5425,2004-09-24,The Consequences of Love,7.536,889
1422,967,7.2381,1960-10-13,Spartacus,7.536,2330
1423,220,2.9342,1955-04-10,East of Eden,7.536,797
1424,552178,3.1633,2019-11-22,Dark Waters,7.534,2465
1425,507569,0.4615,2018-08-18,The Seven Deadly Sins: Prisoners of the Sky,7.535,1068
1426,12163,11.3501,2008-09-07,The Wrestler,7.535,3937
1427,204553,1.7438,2013-07-03,Cold Eyes,7.534,369
1428,37769,0.3951,1976-04-15,The Second Tragic Fantozzi,7.534,618
1429,824,12.8878,2001-05-18,Moulin Rouge!,7.5,4778
1430,319,3.6594,1993-09-09,True Romance,7.534,2989
1431,308369,1.6821,2015-06-12,Me and Earl and the Dying Girl,7.532,2714
1432,9040,2.8319,1973-12-18,Serpico,7.532,2136
1433,5165,10.1337,1960-09-14,L'Avventura,7.532,746
1434,433471,1.2224,2017-06-16,Lou,7.5,420
1435,416144,8.0382,2019-03-14,Hotel Mumbai,7.531,1708
1436,856,8.3601,1988-06-22,Who Framed Roger Rabbit,7.531,6081
1437,915935,8.2567,2023-08-23,Anatomy of a Fall,7.53,3167
1438,682507,3.9636,2022-07-14,Where the Crawdads Sing,7.53,2217
1439,629542,9.9108,2022-03-17,The Bad Guys,7.5,2476
1440,629542,9.9108,2022-03-17,The Bad Guys,7.529,2475
1441,127585,9.5105,2014-05-15,X-Men: Days of Future Past,7.529,16066
1442,83389,2.9554,2011-07-16,From Up on Poppy Hill,7.529,1907
1443,15472,3.6591,2009-02-27,The Girl with the Dragon Tattoo,7.529,3166
1444,899405,1.4874,2021-12-10,Anonymously Yours,7.528,375
1445,556901,1.4413,2019-07-21,Teen Titans Go! vs. Teen Titans,7.528,514
1446,484468,2.3442,2019-02-20,The Wolf's Call,7.529,2133
1447,228326,5.8532,2014-10-01,The Book of Life,7.528,2890
1448,127533,3.1761,2012-08-25,Rurouni Kenshin Part I: Origins,7.528,887
1449,15014,1.6417,1984-02-23,Bianca,7.528,399
1450,11178,1.6217,2001-07-27,My Sassy Girl,7.528,638
1451,39107,2.7176,1995-03-04,Dragon Ball Z: Fusion Reborn,7.528,909
1452,1949,17.7098,2007-03-02,Zodiac,7.527,11369
1453,470878,2.4257,2018-02-14,I Can Only Imagine,7.526,493
1454,20108,0.9203,1966-05-25,Au Hasard Balthazar,7.5,500
1455,13528,2.1471,1944-05-04,Gaslight,7.5,553
1456,4550,3.3978,2005-07-29,Lady Vengeance,7.526,1880
1457,73456,3.3968,2011-08-11,Barbie: Princess Charm School,7.525,854
1458,11782,3.3798,1992-04-16,Hard Boiled,7.5,903
1459,4909,3.3448,1973-05-16,The Day of the Jackal,7.525,659
1460,9056,3.314,1985-12-14,Police Story,7.524,1009
1461,900,5.5155,1938-02-18,Bringing Up Baby,7.527,1054
1462,200481,0.8388,2013-02-12,The Blue Umbrella,7.523,578
1463,22292,1.5041,1947-05-25,The Ghost and Mrs. Muir,7.5,345
1464,4553,3.7507,2004-09-24,The Machinist,7.523,6043
1465,339,1.3747,1991-12-12,Night on Earth,7.5,1017
1466,850165,8.1787,2023-12-21,The Iron Claw,7.525,1184
1467,774370,6.0682,2025-01-24,Dog Man,7.509,335
1468,597922,1.6315,2022-09-23,The Greatest Beer Run Ever,7.522,876
1469,481848,5.8755,2020-02-19,The Call of the Wild,7.523,3905
1470,176241,2.9326,2009-09-10,Prison Break: The Final Break,7.523,712
1471,111083,4.1363,2012-12-21,The Body,7.522,1391
1472,10161,1.8339,1989-04-07,My Left Foot: The Story of Christy Brown,7.521,1003
1473,668742,0.7699,2020-07-29,Father There Is Only One 2,7.52,569
1474,256040,2.8289,2015-07-10,Bāhubali: The Beginning,7.52,906
1475,1786,1.6172,1987-10-07,Au Revoir les Enfants,7.52,711
1476,615,13.2785,2004-02-25,The Passion of the Christ,7.52,5028
1477,8429,0.9448,1946-12-10,Paisan,7.5,343
1478,2487,1.1284,1973-12-01,Lady Snowblood,7.5,404
1479,229,5.1334,1935-04-20,Bride of Frankenstein,7.518,1080
1480,483184,2.0603,2018-05-17,Dogman,7.517,2277
1481,916405,2.0911,2022-05-12,The Quiet Girl,7.52,549
1482,58451,0.7986,1972-12-21,The Adventures of Pinocchio,7.516,322
1483,9495,8.533,1994-05-11,The Crow,7.516,4435
1484,265169,1.0315,2014-06-13,Winter Sleep,7.5,612
1485,200085,2.5061,2013-08-14,The Flu,7.515,1263
1486,571,15.5065,1963-03-28,The Birds,7.5,4389
1487,71883,2.3237,2009-08-14,Redline,7.5,544
1488,59436,4.0752,2011-05-11,Midnight in Paris,7.514,7657
1489,15371,4.1716,1979-07-06,The Castle of Cagliostro,7.514,1115
1490,5708,1.4711,2007-09-12,Control,7.514,914
1491,10787,4.707,1933-10-31,The Invisible Man,7.513,929
1492,6620,3.4096,1954-09-01,Sabrina,7.5,1336
1493,552095,1.1326,2018-10-04,PAW Patrol: Mighty Pups,7.5,585
1494,179144,2.1374,2013-05-21,The Great Beauty,7.512,3279
1495,20992,1.2295,1997-12-12,Brother,7.5,446
1496,9340,16.9905,1985-06-07,The Goonies,7.512,6128
1497,2034,9.4609,2001-10-05,Training Day,7.512,6453
1498,1061699,3.0661,2024-12-06,The Six Triple Eight,7.511,639
1499,7549,3.1157,2006-01-26,Fearless,7.511,1373
1500,3001,1.4524,1966-07-13,How to Steal a Million,7.5,644
1501,982,6.3896,1962-10-24,The Manchurian Candidate,7.511,789
1502,601,13.5507,1982-06-11,E.T. the Extra-Terrestrial,7.511,11839
1503,19413,0.5911,1976-09-23,"Ugly, Dirty and Bad",7.5,339
1504,10778,2.9479,2001-10-26,The Man Who Wasn't There,7.51,1719
1505,838209,6.0714,2024-02-22,Exhuma,7.509,640
1506,795514,3.0722,2021-03-17,The Fallout,7.5,1277
1507,774370,6.0682,2025-01-24,Dog Man,7.509,335
1508,614409,2.8369,2021-02-12,To All the Boys: Always and Forever,7.509,2044
1509,32600,0.8294,1925-03-15,Seven Chances,7.509,317
1510,7500,1.3728,1993-09-10,Sonatine,7.509,676
1511,79,4.9441,2002-12-19,Hero,7.509,2442
1512,575264,13.7997,2023-07-08,Mission: Impossible - Dead Reckoning Part One,7.508,4953
1513,18900,1.3031,1967-12-15,In Cold Blood,7.5,418
1514,13413,1.8041,2008-11-17,BURN·E,7.508,790
1515,11506,0.8575,1963-09-23,The Silence,7.508,396
1516,966,7.212,1960-10-12,The Magnificent Seven,7.508,1947
1517,456929,1.329,2018-04-06,Champions,7.507,764
1518,11113,2.5414,1964-12-01,My Fair Lady,7.507,1405
1519,828613,1.4705,2022-09-08,About Fate,7.506,508
1520,11046,3.0463,1968-12-04,Where Eagles Dare,7.506,962
1521,898,1.3098,1962-07-04,Birdman of Alcatraz,7.506,334
1522,330459,8.5913,2016-12-14,Rogue One: A Star Wars Story,7.504,16184
1523,40823,0.4761,2003-06-13,The Man Who Copied,7.504,372
1524,16391,1.6182,1947-05-26,Black Narcissus,7.5,540
1525,13377,1.5297,1966-12-18,How the Grinch Stole Christmas!,7.504,1117
1526,10734,3.419,1979-06-22,Escape from Alcatraz,7.503,3074
1527,1859,1.7129,1939-11-16,Ninotchka,7.504,423
1528,648,1.7611,1946-10-29,Beauty and the Beast,7.505,655
1529,592,2.7276,1974-04-12,The Conversation,7.504,1987
1530,145,1.5238,1996-07-05,Breaking the Waves,7.5,1095
1531,607259,14.5912,2021-06-18,Fatherhood,7.503,1500
1532,575604,2.4782,2020-11-23,The Call,7.503,939
1533,76696,1.6684,2011-06-01,Sidewalls,7.5,310
1534,34106,1.073,1938-09-01,You Can't Take It with You,7.5,441
1535,15917,1.4864,2002-07-11,Devdas,7.503,368
1536,3529,5.5075,1934-05-25,The Thin Man,7.503,523
1537,3116,14.1517,1969-05-25,Midnight Cowboy,7.503,1553
1538,221,4.2691,1955-10-27,Rebel Without a Cause,7.503,1731
1539,612706,1.2123,2020-08-07,Work It,7.502,1210
1540,612706,1.2123,2020-08-07,Work It,7.502,1210
1541,576920,3.3069,2020-12-10,Silver Skates,7.502,302
1542,31682,1.6333,1957-02-22,The Incredible Shrinking Man,7.502,546
1543,21734,1.6675,1943-01-12,Shadow of a Doubt,7.502,1123
1544,10377,3.3524,1992-03-13,My Cousin Vinny,7.501,1809
1545,10110,2.8377,1987-12-09,Empire of the Sun,7.501,2075
1546,1368,16.7778,1982-10-22,First Blood,7.501,6772
1547,776,1.0791,1939-07-09,The Rules of the Game,7.501,651
1548,500664,13.6527,2018-05-31,Upgrade,7.501,4868
1549,491418,4.052,2018-11-13,Instant Family,7.5,3179
1550,4291,1.3996,1999-06-05,Kikujiro,7.5,587
1551,1600,3.4045,1991-05-15,The Double Life of Véronique,7.5,876
1552,10843,3.1986,1985-10-11,After Hours,7.499,1688
1553,483983,7.2388,2018-09-27,Balloon,7.498,467
1554,258480,9.4124,2015-11-20,Carol,7.498,3917
1555,132344,2.5438,2013-04-05,Before Midnight,7.498,2644
1556,8321,7.7237,2008-02-08,In Bruges,7.499,5652
1557,364137,1.0382,2015-11-04,All Three of Us,7.497,501
1558,786,7.5952,2000-09-15,Almost Famous,7.497,3037
1559,468284,0.4674,2017-09-14,The Insult,7.496,469
1560,375262,8.2313,2018-11-23,The Favourite,7.496,5834
1561,1051,7.8994,1971-10-09,The French Connection,7.496,2084
1562,676701,1.5785,2022-08-24,"Tad, the Lost Explorer and the Emerald Tablet",7.495,333
1563,566525,8.8067,2021-09-01,Shang-Chi and the Legend of the Ten Rings,7.495,10216
1564,31216,1.1731,2008-06-01,I Can't Think Straight,7.495,327
1565,20875,1.517,1965-07-24,Operation Y and Other Shurik's Adventures,7.495,508
1566,620,17.1522,1984-06-08,Ghostbusters,7.495,9601
1567,69,8.1956,2005-09-13,Walk the Line,7.496,3079
1568,332562,5.3527,2018-10-03,A Star Is Born,7.494,12124
1569,382614,1.4422,2017-06-16,The Book of Henry,7.5,1340
1570,345938,10.4161,2017-03-02,The Shack,7.493,2224
1571,176983,2.635,2012-12-15,One Piece Film: Z,7.493,552
1572,14919,2.1006,1993-12-25,Batman: Mask of the Phantasm,7.493,1222
1573,475,7.053,1967-08-13,Bonnie and Clyde,7.492,1761
1574,430,1.0975,1961-12-15,"One, Two, Three",7.5,413
1575,192,7.0785,1986-09-24,The Name of the Rose,7.492,3261
1576,864101,2.4169,2022-12-22,Mira,7.491,404
1577,586940,1.2644,2019-11-06,I Lost My Body,7.491,1318
1578,487558,16.2375,2018-08-09,BlacKkKlansman,7.491,7985
1579,85350,12.1923,2014-06-05,Boyhood,7.491,5440
1580,85350,12.1923,2014-06-05,Boyhood,7.491,5440
1581,75233,1.0445,2011-08-31,"Oslo, August 31st",7.491,503
1582,11970,16.3569,1997-06-13,Hercules,7.491,7835
1583,451657,0.8113,2018-02-07,Custody,7.483,720
1584,228203,11.3695,2015-02-20,"McFarland, USA",7.49,919
1585,203833,2.8488,2013-11-08,The Book Thief,7.49,4477
1586,1233413,42.0265,2025-04-16,Sinners,7.488,3843
1587,810171,1.4676,2022-05-11,The Valet,7.5,640
1588,383498,13.805,2018-05-15,Deadpool 2,7.489,18978
1589,63311,4.8989,2011-08-17,The Skin I Live In,7.489,4552
1590,16958,4.2561,1950-05-12,The Asphalt Jungle,7.489,529
1591,13930,1.7089,2000-11-02,For the Birds,7.489,1275
1592,11686,1.0646,1975-06-10,Love and Death,7.489,956
1593,9559,5.5507,1993-11-24,A Perfect World,7.489,1800
1594,8342,0.9039,2001-05-12,No Man's Land,7.5,483
1595,8073,1.2235,1964-08-05,Band of Outsiders,7.489,599
1596,196,5.3425,1990-05-25,Back to the Future Part III,7.489,11330
1597,9516,6.6914,1993-05-26,Menace II Society,7.488,868
1598,923,3.2455,1978-09-02,Dawn of the Dead,7.488,2249
1599,269,3.6382,1960-03-16,Breathless,7.488,1987
1600,43904,0.8881,1934-04-24,L'Atalante,7.486,459
1601,25468,3.935,1981-10-11,My Dinner with Andre,7.486,449
1602,22538,8.7486,2010-08-12,Scott Pilgrim vs. the World,7.5,8426
1603,11854,2.1726,1998-10-16,Kuch Kuch Hota Hai,7.486,423
1604,544510,2.0974,2018-11-10,"Cyrano, My Love",7.485,522
1605,345,13.5589,1999-07-16,Eyes Wide Shut,7.485,6875
1606,701,0.7322,1923-11-19,Our Hospitality,7.5,310
1607,530,2.0643,1990-05-18,A Grand Day Out,7.484,981
1608,522,1.8282,1994-09-28,Ed Wood,7.484,2475
1609,848685,5.1933,2022-07-20,The Beasts,7.483,897
1610,451657,0.8113,2018-02-07,Custody,7.483,720
1611,437586,4.7646,2018-10-19,mid90s,7.483,1750
1612,10907,1.7861,1938-05-13,The Adventures of Robin Hood,7.5,833
1613,983,1.5784,1975-12-03,The Man Who Would Be King,7.483,693
1614,363,1.3526,2004-03-11,Head-On,7.5,614
1615,475888,1.2949,2019-05-03,Tell It to the Bees,7.5,466
1616,11978,3.029,2000-09-13,Men of Honor,7.482,2452
1617,5143,1.245,1986-02-07,Hannah and Her Sisters,7.5,1136
1618,252,5.1733,1971-06-29,Willy Wonka & the Chocolate Factory,7.5,3878
1619,780382,1.3631,2021-10-13,The Wolf and the Lion,7.481,496
1620,252,5.1733,1971-06-29,Willy Wonka & the Chocolate Factory,7.5,3878
1621,780382,1.3631,2021-10-13,The Wolf and the Lion,7.481,496
1622,16642,3.765,1978-09-13,Days of Heaven,7.481,1129
1623,13353,1.8029,1966-10-27,"It's the Great Pumpkin, Charlie Brown",7.5,443
1624,11421,1.8484,2005-05-27,C.R.A.Z.Y.,7.481,496
1625,7735,3.1677,2008-03-13,The Wave,7.481,3549
1626,1251,2.957,2006-12-09,Letters from Iwo Jima,7.48,2225
1627,16328,0.9522,1971-08-04,Johnny Got His Gun,7.479,409
1628,9665,4.1343,1989-12-15,Glory,7.479,1766
1629,589982,0.8547,2019-09-12,Spread Your Wings,7.478,321
1630,16858,1.9521,1979-12-16,All That Jazz,7.5,581
1631,9081,1.0442,2001-10-19,Waking Life,7.478,926
1632,9028,1.6055,1968-11-22,The Great Silence,7.478,447
1633,186,6.8307,2006-02-24,Lucky Number Slevin,7.478,4376
1634,216156,0.8881,2013-11-28,Still Life,7.477,391
1635,12169,0.9497,2008-07-23,The First Day of the Rest of Your Life,7.477,497
1636,11202,5.9104,1970-01-25,Patton,7.477,1186
1637,588228,10.515,2021-09-03,The Tomorrow War,7.475,3988
1638,877703,6.4161,2023-01-18,Teen Wolf: The Movie,7.475,933
1639,11906,15.7752,1977-02-01,Suspiria,7.475,3142
1640,32909,1.437,2009-11-26,Mulan: Rise of a Warrior,7.474,444
1641,17809,2.6991,1994-12-22,Fist of Legend,7.474,587
1642,15165,3.2026,2004-09-28,Barbie as The Princess & the Pauper,7.5,1525
1643,921655,0.893,2022-03-17,Rescued by Ruby,7.472,352
1644,251516,6.4425,2015-05-22,Kung Fury,7.473,1930
1645,16372,1.5421,1961-11-24,The Innocents,7.472,651
1646,3133,2.5712,1974-01-05,Badlands,7.472,1313
1647,219,2.0484,2006-03-17,Volver,7.5,1870
1648,626872,1.8074,2022-08-03,Emergency Declaration,7.471,419
1649,599521,1.6138,2020-06-13,Z-O-M-B-I-E-S 2,7.471,504
1650,11610,1.158,1972-05-04,"Play It Again, Sam",7.471,633
1651,8703,1.3515,1973-11-16,Three Wishes for Cinderella,7.471,378
1652,5503,10.7306,1993-08-06,The Fugitive,7.471,4683
1653,2501,12.6612,2002-06-14,The Bourne Identity,7.471,9924
1654,389015,7.7503,2017-12-07,"I, Tonya",7.47,6111
1655,293863,4.186,2015-04-16,The Age of Adaline,7.469,7026
1656,284293,10.2893,2014-12-05,Still Alice,7.469,3231
1657,11798,0.7259,2007-04-27,This Is England,7.469,1374
1658,9299,2.1042,1996-04-11,Thesis,7.469,917
1659,3767,4.7505,1946-04-25,Gilda,7.469,639
1660,38396,0.5169,1998-12-18,That's Life,7.468,1377
1661,614934,10.2581,2022-06-22,Elvis,7.467,3803
1662,436969,13.9252,2021-07-28,The Suicide Squad,7.466,9413
1663,401698,2.0631,2016-02-04,Hidden Kisses,7.467,322
1664,346648,5.3717,2017-11-09,Paddington 2,7.467,2718
1665,261470,1.3277,2014-06-20,Sorry If I Call You Love,7.467,519
1666,3035,15.6931,1931-11-21,Frankenstein,7.467,1761
1667,586810,3.851,2023-11-22,Mars Express,7.466,493
1668,301528,28.2006,2019-06-19,Toy Story 4,7.466,10379
1669,13189,1.9064,1984-10-09,A Christmas Carol,7.467,412
1670,12837,1.2029,2008-09-17,The Secret Life of Bees,7.5,564
1671,8055,3.0539,2008-12-10,The Reader,7.5,3333
1672,1813,10.391,1997-10-17,The Devil's Advocate,7.5,6635
1673,929204,5.8426,2024-12-18,Wallace & Gromit: Vengeance Most Fowl,7.465,617
1674,239571,2.5481,2014-10-15,The Best of Me,7.463,2674
1675,27327,1.9464,1974-10-31,Phantom of the Paradise,7.462,732
1676,929170,2.3181,2022-07-23,Honor Society,7.463,423
1677,674324,3.7484,2022-10-20,The Banshees of Inisherin,7.463,3251
1678,431937,0.6118,2017-03-08,Mr & Mme Adelman,7.463,459
1679,375785,1.0835,2018-12-05,Then Came You,7.5,537
1680,37903,1.6387,2009-09-24,The White Ribbon,7.463,1114
1681,37181,0.9808,2009-06-06,About Elly,7.5,537
1682,9428,5.887,2001-10-05,The Royal Tenenbaums,7.463,4908
1683,4689,2.2978,2002-03-29,Sympathy for Mr. Vengeance,7.463,1641
1684,37472,0.4884,2010-04-29,Ip Man 2,7.462,2447
1685,27327,1.9464,1974-10-31,Phantom of the Paradise,7.462,732
1686,15097,1.4898,1994-03-09,Fear City: A Family-Style Comedy,7.462,1327
1687,187,12.9679,2005-04-01,Sin City,7.462,8693
1688,17654,8.5384,2009-08-05,District 9,7.461,10162
1689,771,1.0233,1990-11-16,Home Alone,7.461,12330
1690,395991,5.684,2017-09-22,Only the Brave,7.46,1806
1691,347201,2.0641,2015-08-07,Boruto: Naruto the Movie,7.46,1649
1692,74879,1.4856,2011-09-23,Once Upon a Time in Anatolia,7.46,528
1693,21712,1.028,2004-08-07,Mind Game,7.46,323
1694,13060,1.1072,2006-12-28,Lifted,7.46,802
1695,11549,1.1821,1956-02-05,Invasion of the Body Snatchers,7.46,1170
1696,4593,1.1407,1972-09-15,The Discreet Charm of the Bourgeoisie,7.46,889
1697,1895,7.3658,2005-05-17,Star Wars: Episode III - Revenge of the Sith,7.5,14717
1698,625,2.2194,1984-11-23,The Killing Fields,7.459,812
1699,9509,6.2828,2004-04-23,Man on Fire,7.458,5547
1700,4254,1.2462,2003-11-27,Kal Ho Naa Ho,7.458,437
1701,290,14.3298,1991-08-01,Barton Fink,7.458,1842
1702,11016,1.4336,1948-07-16,Key Largo,7.5,576
1703,9008,8.2665,1999-10-28,The Insider,7.5,2010
1704,786892,11.1804,2024-05-22,Furiosa: A Mad Max Saga,7.455,4690
1705,550988,8.3727,2021-08-11,Free Guy,7.455,9609
1706,317442,3.8635,2014-12-06,The Last: Naruto the Movie,7.5,2366
1707,34148,1.5295,1959-04-09,Imitation of Life,7.455,312
1708,31767,1.7385,1971-07-16,The Devils,7.455,420
1709,11040,1.9498,1970-12-23,Little Big Man,7.5,700
1710,161,8.3686,2001-12-07,Ocean's Eleven,7.455,12364
1711,736073,1.5504,2021-06-21,"Batman: The Long Halloween, Part One",7.454,690
1712,260513,16.7614,2018-06-14,Incredibles 2,7.454,13532
1713,245891,12.072,2014-10-22,John Wick,7.454,20525
1714,28874,2.4785,2009-08-01,Summer Wars,7.454,1007
1715,16619,1.7949,1980-09-19,Ordinary People,7.454,681
1716,11704,2.2071,1982-06-17,The Secret of NIMH,7.5,915
1717,529216,2.3943,2018-11-30,Mirage,7.453,1948
1718,499631,0.2554,2018-01-23,Fabrizio De André: Principe libero,7.453,354
1719,350312,2.6649,2017-04-27,Bāhubali 2: The Conclusion,7.453,832
1720,42994,8.6583,1995-12-23,Memories,7.5,548
1721,1023,1.3308,2005-04-15,Adam's Apples,7.453,769
1722,828,5.0139,1951-09-18,The Day the Earth Stood Still,7.453,1208
1723,114,9.3139,1990-03-23,Pretty Woman,7.453,8857
1724,109689,3.8015,2012-06-22,I Want You,7.5,1943
1725,11349,1.5665,1962-04-12,Cape Fear,7.452,612
1726,568,7.2215,1995-06-30,Apollo 13,7.451,5770
1727,821881,1.2673,2022-09-08,The Swimmers,7.451,628
1728,431580,3.4014,2019-09-19,Abominable,7.451,2152
1729,22584,1.0076,1945-01-20,To Have and Have Not,7.451,567
1730,434616,0.4427,2017-03-01,Patients,7.5,621
1731,129670,2.3813,2013-09-21,Nebraska,7.45,1883
1732,32761,0.9973,1989-10-20,The Seventh Continent,7.45,349
1733,758866,2.2634,2021-08-18,Drive My Car,7.449,1454
1734,613090,0.6116,2019-09-06,"Live Twice, Love Once",7.4,351
1735,529203,4.5971,2020-11-25,The Croods: A New Age,7.449,4085
1736,374720,9.1388,2017-07-19,Dunkirk,7.449,17354
1737,24226,6.2927,1982-12-08,The Verdict,7.4,712
1738,3088,1.7214,1946-10-17,My Darling Clementine,7.449,472
1739,1902,2.0092,1997-12-19,Open Your Eyes,7.449,1161
1740,1902,2.0092,1997-12-19,Open Your Eyes,7.449,1161
1741,379,7.1593,1990-09-21,Miller's Crossing,7.449,1805
1742,377273,1.9885,2016-09-01,Aquarius,7.448,501
1743,9075,9.3907,2006-09-14,Black Book,7.4,1229
1744,1677,3.627,2004-10-29,Ray,7.448,2151
1745,109,2.3268,1994-01-26,Three Colors: White,7.448,1301
1746,353081,10.4001,2018-07-25,Mission: Impossible - Fallout,7.448,8982
1747,11327,2.9695,1978-08-31,Midnight Express,7.447,1858
1748,6114,8.632,1992-11-13,Bram Stoker's Dracula,7.447,5659
1749,4024,1.1914,1961-05-25,Last Year at Marienbad,7.447,534
1750,271110,13.0501,2016-04-27,Captain America: Civil War,7.446,23786
1751,244088,0.5423,2013-12-03,Human Capital,7.4,941
1752,13188,3.8437,1951-11-30,Scrooge,7.446,360
1753,154,3.7855,1982-06-04,Star Trek II: The Wrath of Khan,7.446,2083
1754,1076364,2.174,2023-06-15,Carl's Date,7.445,439
1755,26280,1.0536,2009-06-05,I Killed My Mother,7.445,1152
1756,8741,4.1,1998-12-23,The Thin Red Line,7.447,3229
1757,984,6.6412,1971-12-23,Dirty Harry,7.4,2675
1758,574,3.8766,1956-05-16,The Man Who Knew Too Much,7.445,1529
1759,194662,10.5952,2014-10-17,Birdman or (The Unexpected Virtue of Ignorance),7.444,13429
1760,194662,10.5952,2014-10-17,Birdman or (The Unexpected Virtue of Ignorance),7.444,13429
1761,33273,2.0704,2009-11-06,Cell 211,7.444,1336
1762,18917,1.5218,1988-08-03,Alice,7.4,350
1763,18671,0.7527,1950-01-20,Gun Crazy,7.4,303
1764,921785,0.4691,2023-03-02,Mixed by Erry,7.443,481
1765,38985,14.6323,1977-06-24,Sorcerer,7.443,636
1766,13393,0.7223,2005-11-18,My Father and My Son,7.443,371
1767,8333,3.8619,1974-10-02,The Taking of Pelham One Two Three,7.443,606
1768,175,2.7536,1988-05-10,The Big Blue,7.443,1540
1769,339403,18.898,2017-06-28,Baby Driver,7.442,16622
1770,337703,1.6235,2016-03-27,The Red Turtle,7.442,1346
1771,203101,1.6256,2011-04-25,High School of the Dead: Drifters of the Dead,7.442,475
1772,18197,1.5223,1988-09-09,Running on Empty,7.442,346
1773,10604,1.2399,1964-12-14,Zorba the Greek,7.442,373
1774,10437,5.5509,1992-12-11,The Muppet Christmas Carol,7.442,1141
1775,5558,0.8489,1974-09-10,The Phantom of Liberty,7.442,320
1776,327331,1.6433,2019-03-22,The Dirt,7.441,1294
1777,74643,7.5378,2011-10-12,The Artist,7.441,3465
1778,36685,3.319,1975-08-14,The Rocky Horror Picture Show,7.4,3081
1779,1155828,2.3448,2024-07-12,Sing Sing,7.44,334
1780,973164,0.3863,2022-05-24,Ricky Gervais: SuperNature,7.44,326
1781,520763,8.6257,2021-05-21,A Quiet Place Part II,7.44,7232
1782,458156,9.3278,2019-05-15,John Wick: Chapter 3 - Parabellum,7.44,11530
1783,339984,5.5915,2016-03-17,Miracles from Heaven,7.44,1258
1784,675353,9.1548,2022-03-30,Sonic the Hedgehog 2,7.439,5780
1785,660120,3.8421,2021-10-13,The Worst Person in the World,7.439,1759
1786,10747,3.3397,1976-06-30,The Outlaw Josey Wales,7.439,1258
1787,462,16.6255,2000-03-17,Erin Brockovich,7.439,3569
1788,407445,1.4499,2017-10-13,Breathe,7.4,791
1789,319373,1.3553,2015-05-30,Sweet Bean,7.438,591
1790,13403,0.8165,2001-07-20,Hedwig and the Angry Inch,7.438,414
1791,12780,1.8713,1993-09-03,Iron Monkey,7.438,320
1792,12207,3.8386,1994-02-03,The Legend of Drunken Master,7.438,1054
1793,6916,1.4709,1974-03-29,"Watch Out, We're Mad",7.438,873
1794,517093,1.8079,2019-03-21,Balkan Line,7.4,566
1795,15919,2.2269,1955-04-11,Marty,7.437,435
1796,686,5.8521,1997-07-11,Contact,7.437,4872
1797,11615,1.9758,2003-02-21,The Life of David Gale,7.436,2151
1798,2503,6.9533,2007-08-03,The Bourne Ultimatum,7.435,8224
1799,1180634,1.1831,2024-10-21,The Children's Train,7.434,319
1800,42801,1.1519,1963-12-21,"Yesterday, Today and Tomorrow",7.434,462
1801,5781,18.4727,1977-08-17,That Obscure Object of Desire,7.434,435
1802,940,1.5614,1938-10-07,The Lady Vanishes,7.434,1006
1803,395834,6.9259,2017-08-03,Wind River,7.433,5664
1804,250538,6.8028,2014-09-10,The Good Lie,7.433,572
1805,24192,0.7657,1965-03-03,The Gospel According to St. Matthew,7.433,402
1806,11344,2.7402,2005-04-01,A Bittersweet Life,7.433,972
1807,9454,17.6642,1998-07-31,EverAfter,7.4,1545
1808,440298,15.837,2018-06-08,Cold War,7.432,1566
1809,11829,1.7981,1971-10-21,Trinity Is Still My Name,7.4,976
1810,146,7.5534,2000-07-06,"Crouching Tiger, Hidden Dragon",7.432,3490
1811,193756,4.1531,2013-12-24,Lone Survivor,7.431,4652
1812,8740,2.4028,1988-10-27,The Vanishing,7.4,779
1813,666243,2.0942,2021-08-22,The Witcher: Nightmare of the Wolf,7.43,1067
1814,13475,19.5164,2009-05-06,Star Trek,7.43,10350
1815,101299,10.5637,2013-11-15,The Hunger Games: Catching Fire,7.429,18228
1816,13384,1.2138,1970-04-03,Kes,7.429,431
1817,10400,6.3515,1999-09-17,The Hurricane,7.429,1493
1818,394117,2.9747,2017-10-06,The Florida Project,7.428,3035
1819,165213,2.9963,2013-02-21,New World,7.428,524
1820,41498,8.6842,2009-12-12,One Piece Film: Strong World,7.428,389
1821,489418,1.5637,2018-12-05,In Safe Hands,7.427,524
1822,217993,1.4793,2014-01-21,Justice League: War,7.427,1150
1823,19223,0.5389,1994-05-15,A Pure Formality,7.427,382
1824,11356,1.1791,1968-05-16,The Odd Couple,7.427,635
1825,11236,2.5105,1993-08-13,The Secret Garden,7.4,961
1826,9426,16.4901,1986-08-15,The Fly,7.427,4856
1827,4232,36.9375,1996-12-20,Scream,7.427,7737
1828,10867,8.2416,2000-03-16,Malena,7.4,2455
1829,1263421,5.3828,2024-06-05,Baki Hanma VS Kengan Ashura,7.425,318
1830,76758,1.3956,2011-12-15,The Flowers of War,7.425,876
1831,26596,1.2649,1954-05-26,Johnny Guitar,7.4,459
1832,10857,1.2573,1986-10-24,When the Wind Blows,7.425,322
1833,10683,1.9607,1998-10-11,Happiness,7.4,906
1834,4584,4.9491,1995-12-13,Sense and Sensibility,7.425,1808
1835,276624,2.7796,2016-04-23,I Am a Hero,7.424,491
1836,227306,5.971,2014-12-25,Unbroken,7.424,4322
1837,9918,1.7994,2006-01-13,Glory Road,7.424,774
1838,8094,0.8328,2002-08-30,The Magdalene Sisters,7.424,452
1839,3009,1.4806,1962-08-25,The Trial,7.424,544
1840,466272,17.5734,2019-07-24,Once Upon a Time... in Hollywood,7.423,14607
1841,860159,1.6935,2022-04-29,Crush,7.422,478
1842,460555,2.3946,2018-02-16,Operation Red Sea,7.422,427
1843,137106,7.4384,2014-02-06,The Lego Movie,7.422,8318
1844,65218,3.0755,2011-04-15,Lemonade Mouth,7.422,1082
1845,10784,2.303,1972-02-13,Cabaret,7.422,954
1846,3085,3.5779,1940-01-18,His Girl Friday,7.421,913
1847,565310,19.052,2019-07-12,The Farewell,7.42,1516
1848,13689,1.5584,2006-03-30,Peaceful Warrior,7.42,466
1849,292011,3.0468,2019-12-13,Richard Jewell,7.419,2680
1850,16305,0.8583,1941-11-30,Sullivan's Travels,7.419,503
1851,13004,2.7305,2008-09-03,Barbie and the Diamond Castle,7.4,874
1852,10435,2.7786,1992-12-17,Chaplin,7.419,1178
1853,9461,6.4166,1973-08-17,Enter the Dragon,7.419,2044
1854,284052,13.7307,2016-10-25,Doctor Strange,7.418,23201
1855,11562,1.5533,1989-10-13,Crimes and Misdemeanors,7.418,937
1856,7294,1.1366,2002-03-01,The Man Without a Past,7.4,423
1857,242,9.0637,1990-12-25,The Godfather Part III,7.418,6729
1858,176,17.8149,2004-10-01,Saw,7.418,9896
1859,206487,6.929,2014-08-28,Predestination,7.417,6953
1860,46326,1.1887,1938-05-17,Port of Shadows,7.417,303
1861,195,0.8976,1932-10-30,Trouble in Paradise,7.417,303
1862,273481,17.7582,2015-09-17,Sicario,7.416,9362
1863,645886,9.8325,2021-11-24,The Unforgivable,7.415,1989
1864,617653,4.8631,2021-10-13,The Last Duel,7.413,3766
1865,400160,4.5646,2020-08-14,The SpongeBob Movie: Sponge on the Run,7.415,2951
1866,1523,1.9527,2006-09-27,The Last King of Scotland,7.415,2313
1867,839,10.6345,1971-11-13,Duel,7.415,2020
1868,427,5.0792,1958-05-10,Mon Oncle,7.415,603
1869,718930,13.0729,2022-08-03,Bullet Train,7.414,7302
1870,250219,0.6915,2014-02-06,I Can Quit Whenever I Want,7.414,1840
1871,5723,2.7839,2007-03-23,Once,7.414,1431
1872,5123,3.6503,2007-11-21,August Rush,7.414,2804
1873,2690,1.1055,1963-06-05,Irma la Douce,7.4,459
1874,575,8.1609,2001-03-08,The Experiment,7.414,1186
1875,340666,4.6968,2016-11-04,Nocturnal Animals,7.413,8197
1876,190859,6.5061,2014-12-25,American Sniper,7.413,13499
1877,11031,2.9667,1984-03-02,This Is Spinal Tap,7.413,1594
1878,1653,1.6973,2004-02-06,The Motorcycle Diaries,7.413,1404
1879,1391,5.6083,2001-06-08,Y Tu Mamá También,7.413,1699
1880,1391,5.6083,2001-06-08,Y Tu Mamá También,7.413,1699
1881,1054867,38.8158,2025-09-23,One Battle After Another,7.411,2974
1882,516486,5.1918,2020-07-09,Greyhound,7.412,3226
1883,502897,0.8113,2018-06-07,Leto,7.412,336
1884,364433,3.8473,2016-02-25,They Call Me Jeeg,7.412,2571
1885,51828,8.0715,2011-03-02,One Day,7.412,4480
1886,37719,1.0381,1935-11-15,A Night at the Opera,7.412,541
1887,877,14.4343,1932-04-09,Scarface,7.412,673
1888,492,7.7409,1999-10-29,Being John Malkovich,7.412,4701
1889,840326,11.6733,2022-09-09,Sisu,7.412,2713
1890,76589,1.1657,2012-02-28,Justice League: Doom,7.411,921
1891,11030,1.3381,1983-07-15,Zelig,7.411,907
1892,376290,11.9248,2016-11-25,Miss Sloane,7.41,1944
1893,374461,1.9682,2016-09-16,Mr. Church,7.41,512
1894,24182,0.5843,1992-03-26,"Dearest Relatives, Poisonous Relations",7.4,371
1895,4032,5.7353,1991-11-27,My Girl,7.409,2256
1896,794,8.852,1976-06-25,The Omen,7.408,2343
1897,20982,3.7447,2007-08-04,Naruto Shippuden the Movie,7.408,1051
1898,1359,20.8689,2000-04-13,American Psycho,7.408,12039
1899,466420,10.5345,2023-10-18,Killers of the Flower Moon,7.407,4003
1900,1359,20.8689,2000-04-13,American Psycho,7.408,12039
1901,87827,8.0824,2012-11-20,Life of Pi,7.407,13626
1902,37916,1.3507,1974-12-18,Swept Away,7.407,333
1903,988402,1.603,2023-10-13,Humanist Vampire Seeking Consenting Suicidal Person,7.4,362
1904,747059,14.6371,2020-12-25,Burrow,7.406,302
1905,466420,10.5345,2023-10-18,Killers of the Flower Moon,7.407,4003
1906,1847,2.4395,1973-03-08,The Long Goodbye,7.406,741
1907,226,2.2303,1999-09-02,Boys Don't Cry,7.406,1425
1908,1294203,9.69,2025-02-12,My Fault: London,7.405,532
1909,451480,5.4,2018-04-19,The Guernsey Literary & Potato Peel Pie Society,7.405,1386
1910,14257,3.8125,1971-12-08,Delusions of Grandeur,7.405,728
1911,823,2.1483,1999-11-17,Jin-Roh: The Wolf Brigade,7.405,544
1912,1220564,17.0157,2025-07-23,The Secret Agent,7.404,431
1913,630220,0.6356,2020-01-02,18 Presents,7.404,706
1914,4203,1.1559,1988-03-25,Women on the Verge of a Nervous Breakdown,7.4,980
1915,1923,6.5262,1992-06-03,Twin Peaks: Fire Walk with Me,7.4,2206
1916,639,7.0213,1989-07-12,When Harry Met Sally...,7.404,4506
1917,508883,7.4498,2023-07-14,The Boy and the Heron,7.403,2543
1918,9549,4.5468,1983-10-20,The Right Stuff,7.403,941
1919,312221,7.1393,2015-11-25,Creed,7.402,7853
1920,2898,3.6739,1997-12-19,As Good as It Gets,7.4,4046
1921,644583,4.957,2021-02-12,The Mauritanian,7.401,1250
1922,481432,30.8401,2018-05-31,Happy as Lazzaro,7.401,759
1923,10474,3.8269,1995-04-21,The Basketball Diaries,7.401,2148
1924,8681,11.4554,2008-02-18,Taken,7.401,11918
1925,660000,1.9676,2021-10-20,Lost Illusions,7.399,541
1926,432836,1.877,2017-09-07,Memoir of a Murderer,7.401,365
1927,265712,5.8126,2014-08-08,Stand by Me Doraemon,7.4,576
1928,14092,1.565,2008-07-12,Ghost in the Shell 2.0,7.4,456
1929,2767,1.3474,1991-10-16,The Lovers on the Bridge,7.4,370
1930,736074,1.3008,2021-07-26,"Batman: The Long Halloween, Part Two",7.399,567
1931,44012,0.8925,1976-01-21,"Jeanne Dielman, 23, quai du Commerce, 1080 Bruxelles",7.399,374
1932,388,4.2809,2006-03-17,Inside Man,7.399,6238
1933,994108,3.1242,2023-12-22,All of Us Strangers,7.398,976
1934,94329,16.9815,2012-03-22,The Raid,7.398,3770
1935,27632,0.8557,1960-08-11,Black Sunday,7.398,586
1936,6003,4.0809,1968-04-02,Romeo and Juliet,7.4,720
1937,768362,3.5809,2023-01-19,Missing,7.397,1233
1938,582014,4.9638,2020-12-13,Promising Young Woman,7.397,3609
1939,26963,1.53,2009-02-09,The Secret of Kells,7.397,764
1940,10849,1.4402,1985-03-01,The Purple Rose of Cairo,7.397,1118
1941,1567,1.0558,1999-02-17,I Stand Alone,7.397,567
1942,626,1.1201,1929-06-05,Un Chien Andalou,7.398,1392
1943,463257,5.3114,2019-08-09,The Peanut Butter Falcon,7.397,1566
1944,429617,15.919,2019-06-28,Spider-Man: Far From Home,7.396,16725
1945,13199,5.1267,1992-03-13,American Me,7.396,390
1946,37135,19.0107,1999-06-17,Tarzan,7.395,7227
1947,9662,1.5686,2003-06-11,The Triplets of Belleville,7.4,1021
1948,4174,2.0324,1945-11-08,Spellbound,7.395,956
1949,1360,2.7221,2002-08-29,Frida,7.395,2148
1950,46838,3.2109,2010-01-22,Tucker and Dale vs. Evil,7.394,3062
1951,11471,3.3388,1986-08-02,A Better Tomorrow,7.393,598
1952,476299,3.524,2018-03-14,Ghostland,7.394,2601
1953,447332,10.3885,2018-04-03,A Quiet Place,7.393,15126
1954,13382,5.826,1964-12-06,Rudolph the Red-Nosed Reindeer,7.393,635
1955,382748,2.2431,2020-03-10,Stargirl,7.392,571
1956,37211,1.1205,1988-11-13,Scooby-Doo! and the Reluctant Werewolf,7.394,334
1957,5967,1.5218,1964-02-19,The Umbrellas of Cherbourg,7.4,862
1958,814,6.9603,1981-08-21,An American Werewolf in London,7.392,2650
1959,697843,30.9552,2023-06-09,Extraction 2,7.391,2805
1960,11545,2.5901,1998-12-11,Rushmore,7.391,2675
1961,813258,1.411,2021-04-02,Monster Pets: A Hotel Transylvania Short,7.4,405
1962,592279,0.9838,2020-02-20,Kalashnikov AK-47,7.388,348
1963,570661,0.6354,2019-04-18,The Collini Case,7.39,428
1964,37094,6.5303,1993-02-26,Falling Down,7.39,4000
1965,855,5.986,2001-12-28,Black Hawk Down,7.4,6227
1966,771077,7.4312,2022-03-30,Rise,7.389,453
1967,290542,1.0839,2014-10-10,You're Not You,7.389,826
1968,166666,5.2084,2013-02-21,3096 Days,7.389,975
1969,22803,9.045,2009-10-15,Law Abiding Citizen,7.389,5570
1970,20558,1.2767,2005-05-13,Scooby-Doo! in Where's My Mummy?,7.4,414
1971,350,14.6128,2006-06-29,The Devil Wears Prada,7.388,12806
1972,380225,0.6368,2016-05-17,Like Crazy,7.388,897
1973,11416,5.6145,1986-09-06,The Mission,7.4,1512
1974,876716,1.5938,2021-11-11,Ciao Alberto,7.385,694
1975,303483,1.9772,2014-12-03,Once in a Lifetime,7.387,326
1976,18333,1.614,1968-02-19,Hour of the Wolf,7.387,538
1977,487670,1.2487,2018-07-24,The Death of Superman,7.4,811
1978,271706,1.5091,2016-07-08,Big Fish & Begonia,7.386,478
1979,1645,5.6242,1996-07-24,A Time to Kill,7.386,2875
1980,763,2.9365,1992-08-13,Braindead,7.386,1808
1981,760,1.512,1973-10-17,The Mad Adventures of Rabbi Jacob,7.387,1038
1982,874300,3.1593,2021-12-16,South Park: Post COVID: The Return of COVID,7.385,465
1983,843847,2.4174,2022-10-20,Jerry & Marge Go Large,7.381,444
1984,15080,2.244,1991-07-20,Only Yesterday,7.385,1218
1985,9361,5.3263,1992-08-26,The Last of the Mohicans,7.385,3347
1986,8810,4.3489,1981-12-24,Mad Max 2,7.385,4087
1987,628,7.6671,1994-11-11,Interview with the Vampire,7.385,6317
1988,36728,2.799,2009-08-01,Naruto Shippuden the Movie: The Will of Fire,7.384,500
1989,153,6.429,2003-09-18,Lost in Translation,7.383,7921
1990,507505,1.1062,2018-08-09,El Angel,7.382,570
1991,273895,10.2792,2014-12-25,Selma,7.382,2299
1992,65754,8.8211,2011-12-14,The Girl with the Dragon Tattoo,7.382,7485
1993,45317,25.3842,2010-12-10,The Fighter,7.4,4643
1994,21832,4.6192,1997-03-15,Neon Genesis Evangelion: Death and Rebirth,7.4,483
1995,4476,4.7834,1994-12-23,Legends of the Fall,7.381,2797
1996,2292,2.7199,1994-10-19,Clerks,7.381,2703
1997,736069,1.5923,2021-04-27,Justice Society: World War II,7.38,598
1998,713,3.7185,1993-05-18,The Piano,7.38,1619
1999,18988,1.0442,1968-08-20,The Lion in Winter,7.379,393
2000,111969,2.3433,2013-06-14,Stuck in Love,7.378,1996
2001,11481,1.8189,1965-06-01,Repulsion,7.378,1079
2002,1669,8.1461,1990-03-02,The Hunt for Red October,7.4,3556
2003,1075794,4.6691,2023-11-17,Leo,7.4,1309
2004,519010,2.2594,2019-03-22,Pain and Glory,7.377,1882
2005,508763,1.8364,2019-01-10,A Dog's Way Home,7.377,1171
2006,290762,1.0896,2015-09-12,Miss You Already,7.377,685
2007,458131,1.2859,2019-04-05,The Best of Enemies,7.4,466
2008,293670,6.4163,2016-05-12,The Wailing,7.376,1988
2009,20312,2.6098,2002-04-13,Interstate 60,7.376,754
2010,11230,5.6461,1978-10-05,Drunken Master,7.376,1074
2011,7249,1.1945,2007-11-27,Futurama: Bender's Big Score,7.376,747
2012,25955,0.8688,1953-05-27,Pickup on South Street,7.375,315
2013,491584,3.3796,2018-05-17,Burning,7.374,1778
2014,7862,0.918,2007-03-22,The Counterfeiters,7.374,673
2015,58,12.5473,2006-07-06,Pirates of the Caribbean: Dead Man's Chest,7.374,16927
2016,81188,5.0736,2012-11-21,Rise of the Guardians,7.373,7060
2017,2899,4.2412,2002-01-30,Asterix & Obelix: Mission Cleopatra,7.374,3732
2018,851303,1.027,2021-10-13,Waiting for Bojangles,7.372,344
2019,274109,2.0011,2015-12-25,Palm Trees in the Snow,7.372,538
2020,621,20.1123,1978-06-16,Grease,7.373,7587
2021,851303,1.027,2021-10-13,Waiting for Bojangles,7.372,344
2022,274109,2.0011,2015-12-25,Palm Trees in the Snow,7.372,538
2023,14433,1.7215,1964-01-22,Zulu,7.372,556
2024,673595,0.5816,2020-02-29,"Maggie Simpson in ""Playdate with Destiny""",7.371,365
2025,615173,8.2472,2022-06-15,The Witch: Part 2. The Other One,7.371,423
2026,88018,3.6612,1929-08-29,The Skeleton Dance,7.371,317
2027,11661,4.4274,2005-11-09,Joyeux Noel,7.371,913
2028,37799,10.3163,2010-10-01,The Social Network,7.37,12957
2029,17681,1.6927,1999-10-05,Scooby-Doo! and the Witch's Ghost,7.4,471
2030,212167,1.765,2013-11-09,Patema Inverted,7.4,457
2031,1542,2.8763,1999-02-19,Office Space,7.369,3310
2032,425,19.1913,2002-03-14,Ice Age,7.369,14107
2033,877957,1.8706,2022-09-09,Drifting Home,7.368,325
2034,637534,2.0149,2021-08-18,The Stronghold,7.368,1405
2035,615777,14.2617,2022-12-22,Babylon,7.368,3668
2036,533444,3.0415,2019-11-15,Waves,7.4,790
2037,433247,0.8922,2017-02-18,First They Killed My Father,7.368,704
2038,414425,2.3115,2017-11-16,Mudbound,7.368,1287
2039,134350,0.7315,2013-09-14,Why Don't You Play in Hell?,7.368,315
2040,11881,4.5102,1947-06-04,Miracle on 34th Street,7.4,824
2041,80278,4.1768,2012-09-09,The Impossible,7.367,6585
2042,49051,13.1789,2012-12-12,The Hobbit: An Unexpected Journey,7.367,19366
2043,17136,0.8837,1944-10-25,The Woman in the Window,7.367,379
2044,4011,8.528,1988-03-30,Beetlejuice,7.367,8309
2045,10024,2.722,2009-06-26,My Sister's Keeper,7.366,2218
2046,6644,3.2456,1966-12-17,El Dorado,7.366,569
2047,402693,1.7915,2016-11-04,100 Meters,7.365,304
2048,265180,3.6926,2014-09-24,Leviathan,7.365,936
2049,49020,2.0198,2011-03-18,Submarine,7.365,1559
2050,13350,0.9504,1988-10-16,Scooby-Doo and the Ghoul School,7.365,308
2051,1427,5.694,2006-09-13,Perfume: The Story of a Murderer,7.365,4912
2052,595975,0.8792,2019-11-06,La Belle Époque,7.364,1059
2053,484747,2.2126,2018-11-14,Little Tickles,7.364,378
2054,11644,5.8132,1981-07-24,Blow Out,7.363,1629
2055,9462,3.9247,1972-12-30,The Way of the Dragon,7.363,1245
2056,1245,5.2002,1993-11-05,The Remains of the Day,7.363,1463
2057,406385,0.3794,2017-02-02,I Can Quit Whenever I Want 2: Masterclass,7.4,1239
2058,284054,11.8976,2018-02-13,Black Panther,7.362,23235
2059,488,2.4334,1952-01-07,The African Queen,7.362,1031
2060,140,1.3447,2004-03-19,Bad Education,7.362,1039
2061,423108,7.354,2021-05-25,The Conjuring: The Devil Made Me Do It,7.361,6432
2062,307081,7.0347,2015-03-24,Southpaw,7.361,5736
2063,16320,5.5514,2005-09-25,Serenity,7.361,3791
2064,13754,1.4774,2006-10-21,Tekkonkinkreet,7.361,406
2065,13321,1.2385,1944-01-28,Lifeboat,7.361,472
2066,8356,1.5128,1957-07-11,An Affair to Remember,7.361,500
2067,118406,2.1102,2012-07-28,Road to Ninja: Naruto the Movie,7.36,1235
2068,10647,3.037,2000-10-20,Pay It Forward,7.36,1957
2069,527,1.4665,1994-09-02,Once Were Warriors,7.36,476
2070,1156594,21.1144,2025-10-15,Our Fault,7.359,619
2071,876792,3.0194,2022-11-25,That Time I Got Reincarnated as a Slime the Movie: Scarlet Bond,7.4,422
2072,376867,5.3314,2016-10-21,Moonlight,7.359,7433
2073,318846,8.9247,2015-12-11,The Big Short,7.359,9674
2074,39148,2.598,1996-03-04,Dragon Ball: The Path to Power,7.359,390
2075,7863,1.5569,1996-08-15,Shine,7.359,693
2076,624479,1.4007,2006-11-02,Superman II: The Richard Donner Cut,7.358,372
2077,408647,1.2423,2017-04-04,Teen Titans: The Judas Contract,7.4,752
2078,297270,4.1907,2014-12-12,Tinker Bell and the Legend of the NeverBeast,7.358,1169
2079,9090,2.3609,1995-09-08,"To Wong Foo, Thanks for Everything! Julie Newmar",7.358,747
2080,184,6.106,1997-12-25,Jackie Brown,7.358,6827
2081,1061474,42.2199,2025-07-09,Superman,7.355,4408
2082,38602,1.1629,1980-12-01,Little Lord Fauntleroy,7.357,314
2083,12311,5.5801,1935-11-22,Mutiny on the Bounty,7.357,375
2084,9560,2.1425,1995-05-27,A Walk in the Clouds,7.357,1104
2085,4034,1.0537,1964-02-05,That Man from Rio,7.357,339
2086,116,7.2186,2005-10-26,Match Point,7.357,4307
2087,1151031,11.3052,2025-05-28,Bring Her Back,7.353,1471
2088,399404,7.5788,2017-11-22,Darkest Hour,7.356,5445
2089,377263,9.1235,2016-09-07,Frantz,7.356,726
2090,249164,2.1203,2014-08-21,If I Stay,7.356,4281
2091,191714,1.4989,2013-09-20,The Lunchbox,7.356,789
2092,6949,4.305,1972-03-09,"What's Up, Doc?",7.4,439
2093,2291,2.28,1990-11-02,Jacob's Ladder,7.356,1836
2094,157354,1.0907,2013-07-26,Fruitvale Station,7.355,1397
2095,57361,1.3605,2010-12-22,The Yellow Sea,7.355,558
2096,15255,4.2343,2006-04-11,Undisputed II: Last Man Standing,7.4,892
2097,658,12.2658,1964-09-20,Goldfinger,7.355,3887
2098,297,5.8256,1998-11-12,Meet Joe Black,7.355,5649
2099,88273,1.5976,2012-03-29,A Royal Affair,7.353,930
2100,82690,12.0995,2012-11-01,Wreck-It Ralph,7.354,12928
2101,64847,1.7646,1973-06-30,Belladonna of Sadness,7.4,353
2102,64682,9.1895,2013-05-09,The Great Gatsby,7.354,12823
2103,1223601,35.8397,2025-10-21,Sisu: Road to Revenge,7.353,578
2104,417320,6.7956,2017-07-21,Descendants 2,7.352,1756
2105,4133,10.8794,2001-04-04,Blow,7.352,4536
2106,840,6.185,1977-12-14,Close Encounters of the Third Kind,7.352,4554
2107,940551,24.3209,2023-12-06,Migration,7.351,2195
2108,14447,1.1123,2008-12-26,A Matter of Loaf and Death,7.351,591
2109,10144,12.1617,1989-11-17,The Little Mermaid,7.351,8319
2110,5548,13.7462,1987-07-17,RoboCop,7.351,5607
2111,439584,0.477,2017-11-30,I Can Quit Whenever I Want 3: Ad Honorem,7.35,989
2112,77016,6.7672,2012-09-20,End of Watch,7.35,3535
2113,38528,0.5908,1976-10-29,Horse Fever,7.35,376
2114,15392,23.4877,1986-03-14,Crossroads,7.35,463
2115,2056,4.0565,2003-12-05,The Station Agent,7.35,765
2116,594,23.5844,2004-06-17,The Terminal,7.35,8546
2117,818647,7.1863,2022-02-04,Through My Window,7.349,3316
2118,701387,22.9305,2025-10-23,Bugonia,7.35,1542
2119,451499,1.4932,2017-02-22,School of Life,7.349,302
2120,14283,1.3798,1998-11-13,The Red Violin,7.349,445
2121,13183,16.6336,2009-03-04,Watchmen,7.349,9819
2122,9065,7.3794,1991-06-27,Europa,7.349,351
2123,180,6.4394,2002-06-20,Minority Report,7.349,9433
2124,508570,1.8061,2020-08-21,The One and Only Ivan,7.3,619
2125,985,3.6882,1977-09-28,Eraserhead,7.348,2685
2126,370172,10.4838,2021-09-29,No Time to Die,7.348,6942
2127,302528,0.9499,2015-10-23,Remember,7.347,740
2128,10549,2.0243,1996-12-25,Hamlet,7.347,507
2129,2134,2.0885,1960-05-25,The Time Machine,7.348,892
2130,245913,1.4378,2016-05-06,Pelé: Birth of a Legend,7.349,1138
2131,3089,2.3594,1948-09-17,Red River,7.346,578
2132,2252,5.8329,2007-09-14,Eastern Promises,7.346,3634
2133,4147,5.0917,2002-07-12,Road to Perdition,7.345,3909
2134,3766,4.198,1947-12-24,The Lady from Shanghai,7.3,711
2135,43316,1.089,1955-08-25,All That Heaven Allows,7.344,323
2136,42726,1.4349,1966-05-27,A Man and a Woman,7.344,304
2137,22164,4.5054,2009-02-07,Blood and Bone,7.344,862
2138,14638,1.0131,1946-08-30,The Killers,7.344,429
2139,11710,0.5628,1974-11-01,The Enigma of Kaspar Hauser,7.344,363
2140,205220,7.0748,2013-11-01,Philomena,7.343,1698
2141,140823,2.1469,2013-11-29,Saving Mr. Banks,7.344,3443
2142,44018,1.5791,1985-12-04,Vagabond,7.343,356
2143,21348,2.2133,1998-12-09,Kirikou and the Sorceress,7.3,1150
2144,2757,3.4551,2002-12-06,Adaptation.,7.343,2713
2145,874,1.7752,1966-12-13,A Man for All Seasons,7.343,482
2146,756,11.7587,1940-11-13,Fantasia,7.343,3276
2147,381288,21.1342,2017-01-19,Split,7.342,18155
2148,14534,4.8398,1993-09-17,Rudy,7.339,732
2149,11305,2.2729,1989-09-06,Mystery Train,7.342,494
2150,2786,2.0562,1965-11-05,Pierrot le Fou,7.3,922
2151,619803,4.8818,2022-05-18,The Roundup 2,7.3,409
2152,36998,0.755,1996-05-22,The Eighth Day,7.3,308
2153,16234,1.4879,2000-12-12,Batman Beyond: Return of the Joker,7.341,1178
2154,9589,1.3002,1981-04-02,Christiane F.,7.341,1415
2155,4816,2.1501,1999-10-06,Ghost Dog: The Way of the Samurai,7.339,1362
2156,1830,4.4518,2005-09-16,Lord of War,7.341,5208
2157,377,9.7818,1984-11-09,A Nightmare on Elm Street,7.341,5616
2158,579741,1.3209,2021-07-22,Words Bubble Up Like Soda Pop,7.34,326
2159,573435,12.6569,2024-06-05,Bad Boys: Ride or Die,7.34,3226
2160,169881,5.3722,2013-12-25,The Physician,7.34,1156
2161,3110,10.3173,1953-04-23,Shane,7.34,667
2162,61791,10.0364,2011-08-03,Rise of the Planet of the Apes,7.339,12582
2163,1554,1.2496,1986-09-20,Down by Law,7.339,821
2164,831405,1.1872,2021-10-09,Injustice,7.338,830
2165,522369,2.0647,2019-10-04,Sorry We Missed You,7.338,812
2166,387426,13.9639,2017-06-28,Okja,7.338,4499
2167,33701,1.6147,1979-11-22,French Fried Vacation 2,7.34,1250
2168,19100,1.1612,2006-06-28,Those Happy Days,7.339,1091
2169,17474,1.8744,1991-09-30,The Man in the Moon,7.338,345
2170,12716,1.0505,1990-08-29,My Father's Glory,7.3,327
2171,507089,10.4308,2023-10-25,Five Nights at Freddy's,7.337,4905
2172,459151,4.6001,2021-07-01,The Boss Baby: Family Business,7.337,2664
2173,339380,1.7744,2018-12-25,On the Basis of Sex,7.337,1113
2174,324552,11.4166,2017-02-08,John Wick: Chapter 2,7.337,14029
2175,675445,5.3419,2021-08-09,PAW Patrol: The Movie,7.336,1257
2176,119450,9.9863,2014-07-08,Dawn of the Planet of the Apes,7.3,12071
2177,11589,2.2328,1970-06-22,Kelly's Heroes,7.336,788
2178,2756,7.8396,1989-08-09,The Abyss,7.337,3345
2179,121986,4.8959,2013-05-17,Frances Ha,7.335,1792
2180,121986,4.8959,2013-05-17,Frances Ha,7.335,1792
2181,17581,3.2737,2008-08-02,Naruto Shippuden the Movie: Bonds,7.335,510
2182,10975,4.7399,1991-02-07,Operation Condor,7.335,624
2183,1214931,27.2788,2025-11-06,Nuremberg,7.334,652
2184,638449,1.8308,2021-07-23,The Last Letter from Your Lover,7.334,655
2185,489930,3.8265,2018-07-20,Blindspotting,7.3,715
2186,12140,2.1055,2004-03-06,Ghost in the Shell 2: Innocence,7.3,956
2187,11206,1.6249,1967-10-26,Wait Until Dark,7.334,585
2188,2666,6.5867,1998-02-27,Dark City,7.334,3110
2189,1116,5.1902,2006-06-23,The Wind That Shakes the Barley,7.3,874
2190,615643,2.0956,2021-02-12,Minari,7.333,1808
2191,587792,5.623,2020-07-10,Palm Springs,7.333,3575
2192,416477,1.7692,2017-03-30,The Big Sick,7.333,2594
2193,21484,11.931,1981-05-27,Possession,7.3,1281
2194,16307,3.2641,1973-12-06,The Wicker Man,7.333,1595
2195,14736,1.734,2000-04-21,Love & Basketball,7.333,463
2196,12776,0.6084,1991-10-24,Johnny Stecchino,7.333,1060
2197,11197,1.7387,2003-09-16,Evil,7.3,386
2198,965,0.9239,1942-07-10,The Magnificent Ambersons,7.333,468
2199,818750,2.056,2022-02-11,The In Between,7.332,823
2200,75656,12.5613,2013-05-29,Now You See Me,7.332,16545
2201,260,4.282,1935-06-06,The 39 Steps,7.3,1030
2202,1241983,12.8882,2025-11-05,Train Dreams,7.331,772
2203,132363,3.0331,2013-08-16,The Butler,7.331,2992
2204,122917,24.5519,2014-12-10,The Hobbit: The Battle of the Five Armies,7.331,15137
2205,27275,0.8344,2004-11-12,G.O.R.A.,7.331,361
2206,15003,1.7237,2008-02-07,Chocolate,7.331,546
2207,663260,8.9796,2021-09-08,Black Box,7.33,1407
2208,205587,5.2916,2014-10-08,The Judge,7.33,4364
2209,28118,1.8035,2009-12-25,The Gruffalo,7.33,333
2210,25403,0.7466,1993-11-12,Dear Diary,7.33,503
2211,315635,18.984,2017-07-05,Spider-Man: Homecoming,7.329,22902
2212,100271,1.1845,2012-04-21,A Letter to Momo,7.329,395
2213,26638,0.8022,1964-09-04,Red Desert,7.3,499
2214,18785,22.207,2009-06-02,The Hangover,7.329,17867
2215,17529,3.9885,1969-06-11,True Grit,7.329,840
2216,9385,1.7458,1976-06-26,The Twelve Tasks of Asterix,7.329,1325
2217,7452,1.6846,1989-10-13,"The Cook, the Thief, His Wife & Her Lover",7.329,694
2218,7340,11.9067,1976-11-03,Carrie,7.329,4230
2219,759,1.6323,1953-07-14,Gentlemen Prefer Blondes,7.329,1042
2220,493529,11.1956,2023-03-23,Dungeons & Dragons: Honor Among Thieves,7.328,4414
2221,1151534,17.2532,2023-09-29,Nowhere,7.327,1525
2222,560057,3.6988,2022-06-24,The Sea Beast,7.327,1654
2223,484751,4.7588,2018-11-28,Through the Fire,7.327,715
2224,58857,1.9302,2010-09-25,13 Assassins,7.327,1231
2225,1052,5.2245,1966-12-18,Blow-Up,7.3,1342
2226,88,10.0174,1987-08-21,Dirty Dancing,7.327,6432
2227,425909,12.2388,2021-11-18,Ghostbusters: Afterlife,7.326,5051
2228,239877,1.0056,2013-11-28,The Mafia Kills Only in Summer,7.326,1125
2229,2502,10.8702,2004-07-23,The Bourne Supremacy,7.326,8017
2230,242643,1.5036,2014-08-12,Batman: Assault on Arkham,7.325,1175
2231,37775,0.5761,1981-02-20,"Bianco, rosso e Verdone",7.325,738
2232,36208,0.602,1918-04-14,A Dog's Life,7.325,354
2233,9504,2.5806,1992-09-10,Glengarry Glen Ross,7.325,1558
2234,740441,1.5448,2023-02-17,Unlocked,7.324,386
2235,433498,16.8801,2017-09-07,Papillon,7.324,2097
2236,31522,0.8674,1961-09-06,A Woman Is a Woman,7.3,396
2237,15764,1.9198,1982-12-08,Sophie's Choice,7.324,917
2238,47735,0.8167,1953-02-09,Summer with Monika,7.3,386
2239,1429,1.7665,2002-12-19,25th Hour,7.323,2521
2240,705996,9.2746,2022-06-29,Decision to Leave,7.321,1453
2241,360365,0.8466,2016-05-04,Tini: The New Life of Violetta,7.322,398
2242,112198,1.394,2012-04-25,What's in a Name,7.322,1780
2243,557,28.2239,2002-05-01,Spider-Man,7.322,20351
2244,470,5.6798,2003-09-06,21 Grams,7.322,3331
2245,258893,1.0028,2014-03-11,Scooby-Doo! WrestleMania Mystery,7.3,330
2246,687,2.5115,1995-12-29,Dead Man Walking,7.321,1466
2247,134,3.9625,2000-08-30,"O Brother, Where Art Thou?",7.321,4500
2248,809107,1.3898,2022-07-09,Z-O-M-B-I-E-S 3,7.32,437
2249,508947,15.0224,2022-03-10,Turning Red,7.32,5696
2250,289222,4.5194,2017-03-24,The Zookeeper's Wife,7.32,1555
2251,54138,6.9361,2013-05-05,Star Trek Into Darkness,7.32,9524
2252,25623,1.8592,1977-08-26,House,7.32,765
2253,866,5.3112,2004-10-29,Finding Neverland,7.32,3699
2254,754609,1.1174,2022-07-15,Mrs. Harris Goes to Paris,7.3,489
2255,66125,0.8028,2011-08-04,Red Dog,7.319,421
2256,25793,6.2621,2009-11-06,Precious,7.319,1740
2257,11901,2.3478,1973-04-19,High Plains Drifter,7.319,1304
2258,11673,1.3165,1990-03-28,Cyrano de Bergerac,7.319,816
2259,7445,6.341,2009-12-02,Brothers,7.319,3861
2260,544401,15.626,2021-02-26,Cherry,7.318,1355
2261,30061,1.4654,2010-02-23,Justice League: Crisis on Two Earths,7.318,762
2262,7979,1.6141,2007-12-14,The Kite Runner,7.318,1232
2263,843527,8.6115,2024-05-02,The Idea of You,7.317,1873
2264,801112,12.1438,2023-05-25,Kidnapped,7.317,355
2265,762509,13.5867,2024-12-18,Mufasa: The Lion King,7.317,2540
2266,755339,1.3891,2020-12-03,Just Another Christmas,7.317,436
2267,228,0.9326,1930-04-01,The Blue Angel,7.3,357
2268,15774,0.8094,2004-12-17,Swades,7.316,369
2269,15157,2.3066,2008-09-16,Another Cinderella Story,7.3,2101
2270,11807,1.5444,2007-10-26,Jab We Met,7.316,310
2271,9571,5.5637,1993-09-24,Dazed and Confused,7.3,2211
2272,2841,1.621,2004-10-27,A Very Long Engagement,7.316,1298
2273,704,1.6105,1964-07-07,A Hard Day's Night,7.316,728
2274,829280,8.0559,2022-11-30,Enola Holmes 2,7.315,1749
2275,9502,12.423,2008-06-04,Kung Fu Panda,7.315,12431
2276,3109,1.8804,1952-07-21,The Quiet Man,7.315,596
2277,3131,6.9451,2002-12-14,Gangs of New York,7.314,7093
2278,400617,11.2052,2017-12-25,Phantom Thread,7.3,3730
2279,342737,5.1356,2016-12-28,20th Century Women,7.313,1218
2280,14551,1.6318,1950-07-06,Winchester '73,7.313,390
2281,10669,2.9546,1972-08-18,Deliverance,7.313,1761
2282,861,18.2203,1990-06-01,Total Recall,7.313,6317
2283,486947,8.0868,2018-02-22,The Guilty,7.312,1810
2284,14645,1.5863,1982-08-25,Santa Claus Is a Stinker,7.311,1050
2285,2977,2.228,2007-03-02,Becoming Jane,7.311,1239
2286,177,2.0688,1991-09-20,The Fisher King,7.311,1432
2287,890980,2.3831,2022-10-06,God's Crooked Lines,7.31,813
2288,11101,4.5509,1993-01-20,Stalingrad,7.31,615
2289,2798,0.6207,1967-10-11,Oscar,7.31,522
2290,621013,1.4977,2020-08-21,Chemical Hearts,7.3,1156
2291,26900,0.6051,1996-11-29,The Bandit,7.309,349
2292,3063,10.807,1933-11-12,Duck Soup,7.309,842
2293,813,10.9709,1980-06-27,Airplane!,7.309,4956
2294,396263,5.2987,2016-10-14,GANTZ:O,7.308,811
2295,259316,11.2027,2016-11-16,Fantastic Beasts and Where to Find Them,7.308,19544
2296,167073,4.2077,2015-10-20,Brooklyn,7.308,3223
2297,45612,15.533,2011-03-30,Source Code,7.308,8951
2298,10397,1.2903,1999-12-25,Angela's Ashes,7.308,344
2299,809,12.5441,2004-05-19,Shrek 2,7.308,13242
2300,396263,5.2987,2016-10-14,GANTZ:O,7.308,811
2301,43266,3.8628,1941-10-28,How Green Was My Valley,7.307,445
2302,15487,1.6192,2005-09-30,The Greatest Game Ever Played,7.307,522
2303,13920,3.5269,2003-10-24,Radio,7.307,810
2304,10911,3.0858,1961-04-27,The Guns of Navarone,7.307,848
2305,922,14.2175,1995-12-23,Dead Man,7.307,1693
2306,440596,0.7382,2017-02-10,Kiss and Cry,7.306,413
2307,82695,12.1848,2012-12-18,Les Misérables,7.3,5519
2308,10312,4.8733,1998-12-25,Patch Adams,7.3,3398
2309,802,3.627,1962-06-13,Lolita,7.306,2215
2310,672208,0.7064,2021-12-15,A Hero,7.3,370
2311,604605,2.2634,2019-09-20,Hello World,7.305,395
2312,504608,17.9658,2019-05-17,Rocketman,7.306,4922
2313,407449,9.6157,2017-09-29,Lucky,7.305,628
2314,49361,1.1096,1972-09-29,Don't Torture a Duckling,7.3,405
2315,10234,2.5296,1997-08-23,Funny Games,7.305,2026
2316,4771,3.0781,2007-09-18,Gone Baby Gone,7.305,4097
2317,429174,0.94,2017-06-01,Loveless,7.304,801
2318,420814,12.9376,2018-08-01,Christopher Robin,7.3,2869
2319,21032,5.8232,1995-12-22,Balto,7.305,2150
2320,11886,15.3692,1973-11-08,Robin Hood,7.305,4596
2321,9539,20.8794,2008-06-12,Martyrs,7.303,2963
2322,1265,7.9379,2007-02-15,Bridge to Terabithia,7.305,5141
2323,801,3.3463,1987-12-23,"Good Morning, Vietnam",7.304,2942
2324,87,11.9327,1984-05-23,Indiana Jones and the Temple of Doom,7.304,9966
2325,451048,5.1543,2021-07-28,Jungle Cruise,7.302,6074
2326,90369,1.0314,2012-09-19,Now Is Good,7.303,1101
2327,80184,3.1715,2011-09-16,The Hidden Face,7.303,1116
2328,44264,8.1789,2010-12-22,True Grit,7.303,5654
2329,4543,2.1923,1983-03-31,Monty Python's The Meaning of Life,7.303,2055
2330,1000866,7.796,2024-11-27,The Marching Band,7.303,462
2331,57212,3.5665,2011-12-25,War Horse,7.303,3617
2332,26736,1.1848,2009-08-28,Wizards of Waverly Place: The Movie,7.302,1775
2333,13635,0.8735,2008-10-22,Mesrine: Killer Instinct,7.303,990
2334,13008,2.0947,2007-07-27,An American Crime,7.3,762
2335,11647,14.876,2003-10-01,Infernal Affairs II,7.3,462
2336,13688,2.1474,2008-01-30,CJ7,7.3,774
2337,892,1.8049,1991-04-17,Delicatessen,7.301,1591
2338,634544,1.0289,2020-11-25,Uncle Frank,7.3,429
2339,442065,1.385,2020-01-23,The Last Full Measure,7.3,480
2340,338766,4.1953,2016-08-11,Hell or High Water,7.3,4774
2341,118412,8.2857,2012-06-23,Berserk: The Golden Age Arc II - The Battle for Doldrey,7.3,453
2342,49538,0.4228,2011-06-01,X-Men: First Class,7.3,13390
2343,9837,11.5604,1998-12-16,The Prince of Egypt,7.3,4233
2344,558,6.6,2004-06-25,Spider-Man 2,7.3,16105
2345,104,8.7803,1998-08-20,Run Lola Run,7.3,2506
2346,626735,2.6797,2022-02-17,Dog,7.3,1730
2347,506528,2.7735,2019-11-01,Harriet,7.299,910
2348,356296,1.3325,2015-10-14,Suburra,7.299,1296
2349,16907,2.9809,2004-08-21,Naruto the Movie: Ninja Clash in the Land of Snow,7.299,603
2350,987,1.0462,1974-11-01,The Front Page,7.299,376
2351,457,2.3502,1955-12-22,Sissi,7.3,510
2352,614587,6.0564,2019-12-06,Lupin III: The First,7.298,310
2353,420809,8.0113,2019-10-16,Maleficent: Mistress of Evil,7.297,6408
2354,19913,7.7789,2009-07-17,(500) Days of Summer,7.298,10871
2355,10794,1.6615,1968-04-04,The Party,7.298,832
2356,583406,1.7709,2021-02-12,Judas and the Black Messiah,7.297,1666
2357,545609,16.0702,2020-04-23,Extraction,7.297,6502
2358,39108,3.8293,1995-07-15,Dragon Ball Z: Wrath of the Dragon,7.297,771
2359,13932,1.0114,2005-03-15,Jack-Jack Attack,7.297,976
2360,20620,2.3273,1966-10-05,Seconds,7.297,422
2361,13932,1.0114,2005-03-15,Jack-Jack Attack,7.297,976
2362,610120,0.776,2019-06-26,Anima,7.296,470
2363,38142,3.6904,2007-03-03,5 Centimeters per Second,7.3,2114
2364,34647,3.101,2010-05-05,Enter the Void,7.3,1945
2365,30421,3.0978,1987-07-18,A Chinese Ghost Story,7.296,329
2366,11537,1.6351,1978-03-01,Snake in the Eagle's Shadow,7.296,348
2367,1491,3.7736,2006-08-18,The Illusionist,7.296,5229
2368,615666,1.4089,2021-11-24,A Boy Called Christmas,7.295,798
2369,390497,1.2389,2016-08-10,Tunnel,7.295,642
2370,46919,3.693,1966-12-30,Daisies,7.295,417
2371,36040,7.8983,1971-07-01,Walkabout,7.295,431
2372,28055,0.9617,1964-03-14,Blood and Black Lace,7.3,464
2373,14320,1.2987,1946-12-26,Great Expectations,7.3,365
2374,10112,5.2989,1970-12-24,The Aristocats,7.295,5307
2375,1083862,8.8202,2023-06-22,Resident Evil: Death Island,7.294,1085
2376,65229,1.241,2011-04-20,Tomboy,7.294,741
2377,53565,0.9945,1928-05-15,Steamboat Willie,7.294,595
2378,199,2.8681,1996-11-22,Star Trek: First Contact,7.294,1917
2379,408220,1.6562,2017-01-24,Justice League Dark,7.293,1122
2380,259693,9.5387,2016-06-08,The Conjuring 2,7.3,9056
2381,8337,8.2897,1988-11-04,They Live,7.3,3372
2382,837335,7.5625,2023-10-12,La Chimera,7.292,547
2383,926393,12.2571,2023-08-30,The Equalizer 3,7.292,3587
2384,912598,1.5691,2022-02-14,Bubble,7.291,469
2385,493922,14.2238,2018-06-07,Hereditary,7.291,8384
2386,318121,2.5635,2016-06-16,The Fundamentals of Caring,7.291,2291
2387,16227,6.9854,1947-09-05,Dark Passage,7.291,344
2388,964980,13.9959,2023-04-05,Air,7.29,2262
2389,854239,2.3057,2022-10-14,Till,7.29,322
2390,454626,13.1996,2020-02-12,Sonic the Hedgehog,7.29,10273
2391,39356,1.2539,2010-03-25,Boy,7.29,474
2392,14554,3.7427,1955-01-13,Bad Day at Black Rock,7.29,407
2393,11426,5.0859,1953-08-28,From Here to Eternity,7.3,693
2394,986056,21.3553,2025-04-30,Thunderbolts*,7.289,3259
2395,259761,0.3072,2014-05-10,Lights Out,7.289,382
2396,17111,3.2091,2004-09-09,Shutter,7.289,1371
2397,842675,3.7873,2023-01-22,The Wandering Earth II,7.288,692
2398,438146,0.6075,2018-08-02,Birds of Passage,7.3,314
2399,14003,1.9465,2005-07-21,Fullmetal Alchemist the Movie: Conqueror of Shamballa,7.288,385
2400,1367,10.1278,1979-06-15,Rocky II,7.288,4710
2401,258230,5.6745,2016-10-07,A Monster Calls,7.3,3509
2402,53457,1.2227,2010-09-16,Sarah's Key,7.287,708
2403,535356,4.4295,2019-05-24,Elisa & Marcela,7.3,400
2404,60308,5.8518,2011-09-23,Moneyball,7.286,5626
2405,11943,2.1455,1972-09-10,Jeremiah Johnson,7.286,676
2406,255,1.1525,1968-09-04,Stolen Kisses,7.3,456
2407,399366,2.7578,2017-10-27,Marrowbone,7.285,1790
2408,2270,7.3209,2007-08-10,Stardust,7.285,4352
2409,1433,1.3541,2001-04-20,The Devil's Backbone,7.285,1331
2410,941,16.4822,1987-03-06,Lethal Weapon,7.285,4933
2411,842924,6.382,2025-06-05,The Life of Chuck,7.3,895
2412,401306,0.6016,1975-12-10,The Seventh Company Has Been Found,7.3,305
2413,298115,1.1322,2014-11-01,Dragons: Dawn of the Dragon Racers,7.3,367
2414,72478,19.7675,2011-03-04,Suicide Room,7.283,474
2415,25673,1.4326,1951-06-12,A Place in the Sun,7.283,413
2416,668461,2.2566,2022-11-18,Slumberland,7.282,916
2417,576845,4.765,2021-10-21,Last Night in Soho,7.282,3776
2418,304357,1.8036,2015-03-20,Woman in Gold,7.282,1438
2419,68734,22.6514,2012-10-11,Argo,7.282,8809
2420,1262,3.0504,2006-11-10,Stranger Than Fiction,7.282,2475
2421,576845,4.765,2021-10-21,Last Night in Soho,7.282,3776
2422,156022,27.8629,2014-09-24,The Equalizer,7.281,9777
2423,30497,5.2933,1974-10-11,The Texas Chain Saw Massacre,7.281,3721
2424,15601,1.1496,2001-03-22,Scooby-Doo and the Cyber Chase,7.3,546
2425,11963,2.5042,1975-09-24,Three Days of the Condor,7.281,1334
2426,9473,2.939,1999-06-24,"South Park: Bigger, Longer & Uncut",7.281,2888
2427,416494,1.7492,2018-02-09,Status Update,7.28,563
2428,335360,4.6194,2017-10-05,My Little Pony: The Movie,7.28,407
2429,785663,1.6414,2021-10-01,Old Henry,7.279,664
2430,453278,19.783,2018-03-28,The Rider,7.3,539
2431,47653,1.5405,1917-06-17,The Immigrant,7.278,311
2432,14698,1.1691,1959-12-22,"Suddenly, Last Summer",7.279,308
2433,13597,11.3367,1986-06-27,Labyrinth,7.3,2675
2434,12902,1.6125,2004-05-20,Scooby-Doo! and the Loch Ness Monster,7.3,447
2435,11948,4.5074,1983-05-28,"Merry Christmas, Mr. Lawrence",7.3,510
2436,9587,4.6421,1994-12-21,Little Women,7.278,1325
2437,9325,7.0214,1967-10-18,The Jungle Book,7.279,6592
2438,8923,2.3897,2005-09-09,Green Street Hooligans,7.278,2520
2439,6404,2.4885,1979-01-17,Nosferatu the Vampyre,7.278,1058
2440,1802,3.503,1995-08-30,La Cérémonie,7.3,386
2441,93289,0.8029,1973-05-24,Now Where Did the Seventh Company Get to?,7.277,377
2442,23566,2.3226,2009-09-15,Barbie and the Three Musketeers,7.3,720
2443,508642,4.2041,2018-03-28,Gonjiam: Haunted Asylum,7.3,884
2444,438148,12.2498,2022-06-29,Minions: The Rise of Gru,7.275,3945
2445,269258,0.5482,2014-12-25,Head Full of Honey,7.276,366
2446,228194,2.0476,2014-08-06,The Hundred-Foot Journey,7.3,1527
2447,23550,0.5275,2001-03-16,His Secret Life,7.276,585
2448,21956,1.3132,2003-09-30,Scooby-Doo! and the Monster of Mexico,7.276,332
2449,11499,1.6255,2008-10-15,Frost/Nixon,7.276,1275
2450,1572,11.7496,1995-05-19,Die Hard: With a Vengeance,7.276,6552
2451,764,4.9994,1981-10-15,The Evil Dead,7.276,4376
2452,1155089,3.1001,2024-01-08,Justice League: Crisis on Infinite Earths Part One,7.275,391
2453,323661,2.464,2015-02-05,Mune: Guardian of the Moon,7.275,589
2454,83533,103.6693,2025-12-17,Avatar: Fire and Ash,7.274,1854
2455,18183,2.9965,1992-04-16,Like Water for Chocolate,7.275,547
2456,590223,3.442,2020-10-16,Love and Monsters,7.274,4357
2457,550231,1.7703,2020-04-16,The Secret: Dare to Dream,7.274,648
2458,300671,7.5595,2016-01-14,13 Hours: The Secret Soldiers of Benghazi,7.272,3865
2459,114150,18.4186,2012-09-28,Pitch Perfect,7.274,6804
2460,10654,1.9818,1979-03-15,Hair,7.3,720
2461,2748,0.9925,1954-09-07,Journey to Italy,7.3,317
2462,779,0.7981,1932-05-06,Vampyr,7.274,583
2463,663870,3.6933,2020-11-19,Riders of Justice,7.274,1027
2464,637693,2.6363,2021-05-20,Spirit Untamed,7.3,543
2465,283591,3.9666,2017-03-23,The Secret Scripture,7.273,308
2466,15384,2.3298,2009-01-07,Red Cliff II,7.3,484
2467,1078605,29.0473,2025-08-04,Weapons,7.3,2978
2468,603661,2.2529,2021-12-09,The Hating Game,7.3,1167
2469,121642,0.6202,2012-09-13,Twice Born,7.272,469
2470,379291,1.9414,2016-03-26,Justice League vs. Teen Titans,7.3,1023
2471,99861,16.9137,2015-04-22,Avengers: Age of Ultron,7.3,24163
2472,34653,2.1126,2009-12-11,A Single Man,7.3,1637
2473,17814,1.4657,1976-10-08,Assault on Precinct 13,7.271,1180
2474,14646,1.1945,1996-09-07,Family Resemblances,7.271,308
2475,2640,11.1725,1989-03-31,Heathers,7.271,1837
2476,690,1.4979,1959-12-16,Pickpocket,7.271,554
2477,381,2.6584,1955-08-03,To Catch a Thief,7.271,1641
2478,50646,8.5528,2011-07-29,"Crazy, Stupid, Love.",7.27,9116
2479,11929,2.6114,1995-03-24,Dolores Claiborne,7.27,857
2480,50646,8.5528,2011-07-29,"Crazy, Stupid, Love.",7.27,9116
2481,15362,1.1309,2008-11-19,Mesrine: Public Enemy #1,7.27,934
2482,11929,2.6114,1995-03-24,Dolores Claiborne,7.27,857
2483,5506,1.8994,1955-12-08,The Ladykillers,7.269,528
2484,1056360,3.4381,2023-11-10,American Fiction,7.266,1273
2485,889699,3.3605,2022-07-13,Holy Spider,7.268,494
2486,37136,6.0775,1988-12-02,The Naked Gun: From the Files of Police Squad!,7.268,4378
2487,13283,2.3506,2007-09-17,Barbie as the Island Princess,7.268,768
2488,11190,0.7641,2003-06-25,The Return,7.3,686
2489,9550,2.4583,2004-08-03,House of Flying Daggers,7.268,1755
2490,449924,1.9129,2019-12-19,Ip Man 4: The Finale,7.266,2089
2491,424488,2.4977,2017-06-09,Megan Leavey,7.267,836
2492,79120,1.014,2011-10-23,Weekend,7.267,557
2493,40794,14.4794,2010-03-12,Loose Cannons,7.267,804
2494,285,12.5656,2007-05-19,Pirates of the Caribbean: At World's End,7.267,15255
2495,498248,4.6479,2018-08-02,Mia and the White Lion,7.266,907
2496,64956,0.8677,2010-12-07,Inception: The Cobol Job,7.266,310
2497,44741,5.5221,1973-03-29,Malicious,7.265,345
2498,12614,1.7864,1982-04-25,Victor/Victoria,7.265,442
2499,11663,2.8451,1991-08-14,The Commitments,7.265,591
2500,11663,2.8451,1991-08-14,The Commitments,7.265,591
2501,1791,4.5493,2001-09-05,The Piano Teacher,7.265,1238
2502,969492,5.2105,2024-02-09,Land of Bad,7.265,1422
2503,19666,1.7232,2001-06-15,Lagaan: Once Upon a Time in India,7.264,622
2504,10559,5.6688,2000-04-28,Frequency,7.264,1955
2505,2277,3.4158,1999-12-17,Bicentennial Man,7.264,3825
2506,286192,0.9631,2014-10-10,Lava,7.263,1123
2507,284689,1.0771,2015-01-16,Testament of Youth,7.263,783
2508,16620,2.3201,1987-07-24,La Bamba,7.263,763
2509,14168,2.9792,1957-08-07,3:10 to Yuma,7.263,405
2510,1147400,5.2144,2023-10-21,"Miraculous World: Paris, Tales of Shadybug and Claw Noir",7.262,622
2511,2657,2.1931,1998-09-17,Pleasantville,7.262,1835
2512,766,6.1924,1992-10-31,Army of Darkness,7.262,3444
2513,3,1.8129,1986-10-17,Shadows in Paradise,7.262,434
2514,17159,0.6743,1987-11-25,Eddie Murphy Raw,7.261,356
2515,11868,13.4863,1958-04-21,Dracula,7.261,691
2516,6145,3.8371,2007-04-19,Fracture,7.261,4228
2517,332270,1.6399,2015-04-02,Battle for Sevastopol,7.26,490
2518,24748,1.28,1963-05-28,Hud,7.26,341
2519,19908,15.1716,2009-10-02,Zombieland,7.26,12993
2520,9474,2.0431,1973-12-13,My Name Is Nobody,7.26,1029
2521,571468,0.875,2021-10-28,Freaks Out,7.259,946
2522,76543,1.2068,2011-10-07,Tyrannosaur,7.259,493
2523,41201,1.9557,2010-06-16,The Illusionist,7.3,665
2524,2759,5.0023,1994-05-31,"The Adventures of Priscilla, Queen of the Desert",7.261,894
2525,541671,20.6652,2025-06-04,Ballerina,7.256,2371
2526,436343,1.3059,2017-03-02,On Body and Soul,7.258,594
2527,37724,17.5172,2012-10-24,Skyfall,7.258,15941
2528,9833,6.4401,2004-12-08,The Phantom of the Opera,7.3,1745
2529,8363,12.7307,2007-08-17,Superbad,7.258,7910
2530,44874,3.8261,2010-09-14,Barbie: A Fashion Fairytale,7.257,787
2531,21450,3.1353,1993-08-06,Naked,7.3,649
2532,18311,1.9697,1990-12-15,Days of Being Wild,7.256,568
2533,14621,2.6135,1989-03-03,Lean On Me,7.257,337
2534,14202,2.2476,2006-12-09,The Painted Veil,7.257,1244
2535,1368166,91.9749,2025-12-18,The Housemaid,7.253,1385
2536,36940,0.5109,2010-01-15,The First Beautiful Thing,7.256,515
2537,20352,14.0076,2010-07-08,Despicable Me,7.256,15877
2538,9603,18.2658,1995-07-19,Clueless,7.3,4721
2539,1071806,1.4507,2023-04-04,Hunger,7.255,467
2540,407448,7.2797,2017-07-28,Detroit,7.255,1722
2541,323677,6.6272,2016-02-19,Race,7.256,1602
2542,318781,8.9093,2016-02-12,Colonia,7.255,1968
2543,10501,8.2667,2000-03-31,The Road to El Dorado,7.255,3989
2544,1598,17.5497,1991-11-13,Cape Fear,7.255,3784
2545,590,2.4882,2002-12-27,The Hours,7.251,1845
2546,340,0.635,2005-09-05,Everything Is Illuminated,7.255,812
2547,1071585,12.4243,2025-06-25,M3GAN 2.0,7.255,1175
2548,12162,4.4964,2008-10-10,The Hurt Locker,7.254,6045
2549,11816,4.1304,1981-12-04,On Golden Pond,7.3,502
2550,449406,1.9408,2021-07-30,Vivo,7.253,748
2551,391713,14.2909,2017-09-01,Lady Bird,7.3,8919
2552,75624,3.3649,2011-07-30,Naruto Shippuden the Movie: Blood Prison,7.253,693
2553,11450,2.5209,1994-08-25,Quiz Show,7.253,967
2554,9609,1.9777,1992-09-16,Of Mice and Men,7.253,699
2555,8393,4.405,1980-09-10,The Gods Must Be Crazy,7.253,1285
2556,4107,0.903,2002-01-25,Bloody Sunday,7.253,336
2557,837,13.5396,1983-02-04,Videodrome,7.253,2416
2558,594328,2.4697,2020-08-27,Phineas and Ferb the Movie: Candace Against the Universe,7.3,397
2559,375315,1.0715,2016-06-24,The Salesman,7.252,919
2560,375315,1.0715,2016-06-24,The Salesman,7.252,919
2561,45958,1.825,2010-10-20,Biutiful,7.252,1186
2562,34134,2.608,2010-01-25,Barbie in A Mermaid Tale,7.252,802
2563,8374,2.9211,1999-01-22,The Boondock Saints,7.252,2619
2564,4588,10.9114,2007-09-24,"Lust, Caution",7.3,778
2565,2639,2.1951,1997-12-12,Deconstructing Harry,7.252,1031
2566,830,3.8497,1956-03-02,Forbidden Planet,7.252,1032
2567,483980,2.3696,2018-02-16,Z-O-M-B-I-E-S,7.251,760
2568,13933,0.9195,2005-06-21,One Man Band,7.251,595
2569,11368,6.6132,1985-01-18,Blood Simple,7.251,1585
2570,10440,1.1854,1993-05-02,Manhattan Murder Mystery,7.251,1160
2571,590,2.4882,2002-12-27,The Hours,7.251,1845
2572,10938,13.6228,1996-06-21,Beautiful Thing,7.25,336
2573,901362,4.0704,2023-10-12,Trolls Band Together,7.249,964
2574,547258,1.4784,2019-09-04,Play,7.249,363
2575,140607,13.6847,2015-12-15,Star Wars: The Force Awakens,7.249,20321
2576,109445,23.5002,2013-11-20,Frozen,7.249,17392
2577,923939,2.3429,2023-09-20,The Wonderful Story of Henry Sugar,7.2,1321
2578,710356,2.618,2020-10-16,2 Hearts,7.248,644
2579,12900,8.7278,2001-05-19,Conspiracy,7.2,458
2580,451,4.5746,1995-10-27,Leaving Las Vegas,7.2,1602
2581,1419406,127.9577,2025-08-16,The Shadow's Edge,7.263,465
2582,446893,5.6447,2020-03-11,Trolls World Tour,7.247,2244
2583,403450,0.2861,2016-10-27,At War for Love,7.2,515
2584,392982,3.052,2017-10-13,Marshall,7.246,667
2585,121875,3.7384,2012-09-26,In the House,7.2,897
2586,69735,1.654,2011-09-27,Batman: Year One,7.247,1032
2587,17379,8.2682,2006-01-13,Last Holiday,7.247,848
2588,271674,2.0484,2015-03-12,Suite Française,7.246,1137
2589,11578,0.8555,1953-06-05,The Return of Don Camillo,7.246,303
2590,1850,2.5252,1999-12-22,Man on the Moon,7.246,1939
2591,79707,2.5316,2011-05-07,Children Who Chase Lost Voices,7.2,773
2592,19597,5.3989,2009-07-01,The Hedgehog,7.245,411
2593,11072,3.3812,1974-02-07,Blazing Saddles,7.245,2027
2594,10722,1.0929,1995-10-20,The Day of the Beast,7.245,596
2595,8844,7.2185,1995-12-15,Jumanji,7.245,11143
2596,465136,4.181,2018-02-22,Every Day,7.244,2286
2597,399579,11.9265,2019-01-31,Alita: Battle Angel,7.244,9836
2598,1100099,6.7362,2024-10-10,We Live in Time,7.243,1203
2599,50848,0.4767,2010-11-24,The Names of Love,7.243,327
2600,11177,1.9594,1985-03-08,Mask,7.243,483
2601,70670,3.1508,2011-08-26,Headhunters,7.242,1335
2602,14047,1.7226,2007-12-25,The Great Debaters,7.242,685
2603,10360,1.2748,2008-05-15,Hunger,7.242,1185
2604,13446,2.136,1987-06-19,Withnail & I,7.241,610
2605,10150,5.1078,1982-11-19,The Last Unicorn,7.2,576
2606,3080,1.0879,1935-08-29,Top Hat,7.2,323
2607,360606,2.7916,2016-06-24,Adventures in Babysitting,7.24,436
2608,113082,2.6702,2012-02-04,Berserk: The Golden Age Arc I - The Egg of the King,7.2,533
2609,75258,4.4796,2012-08-17,Secret of the Wings,7.24,1344
2610,417678,4.8696,2017-05-18,"Everything, Everything",7.239,3738
2611,346364,16.1177,2017-09-06,It,7.239,20120
2612,51497,1.7576,2011-04-20,Fast Five,7.239,8735
2613,26405,4.0026,1971-07-21,Wake in Fright,7.2,329
2614,1538,15.3251,2004-08-04,Collateral,7.239,6141
2615,246,1.4886,2003-09-06,Zatoichi,7.239,935
2616,296098,4.2482,2015-10-15,Bridge of Spies,7.238,7185
2617,250480,2.3467,1977-03-11,The Many Adventures of Winnie the Pooh,7.2,1137
2618,67884,3.8854,2011-03-24,Chinese Take-Away,7.238,431
2619,403,2.807,1989-12-13,Driving Miss Daisy,7.238,1740
2620,403,2.807,1989-12-13,Driving Miss Daisy,7.238,1740
2621,324849,8.0524,2017-02-08,The Lego Batman Movie,7.2,5319
2622,15600,1.4473,1982-02-12,Missing,7.2,418
2623,844,2.439,2004-10-20,2046,7.237,1046
2624,949423,4.8048,2022-09-16,Pearl,7.236,2474
2625,17687,1.1825,1931-04-23,The Public Enemy,7.2,381
2626,3086,0.9407,1941-02-25,The Lady Eve,7.236,388
2627,902,1.5634,1995-05-17,The City of Lost Children,7.236,1187
2628,170,13.1417,2002-10-31,28 Days Later,7.236,8282
2629,497582,21.1723,2020-09-23,Enola Holmes,7.235,6459
2630,330457,7.7253,2019-11-20,Frozen II,7.235,10179
2631,198277,2.9741,2014-06-27,Begin Again,7.235,3957
2632,57447,0.7421,1976-08-20,The House with Laughing Windows,7.235,385
2633,19067,8.4423,1977-08-31,The Duellists,7.235,614
2634,16646,1.5686,2002-05-22,Russian Ark,7.234,500
2635,1725,8.5937,1961-12-13,West Side Story,7.234,2005
2636,807196,2.4554,2021-07-05,Boiling Point,7.233,718
2637,8424,1.2447,2003-09-17,Love Me If You Dare,7.2,1856
2638,5825,6.1069,1989-11-30,National Lampoon's Christmas Vacation,7.233,2650
2639,3121,2.4162,1975-06-11,Nashville,7.233,453
2640,413279,3.0773,2016-08-28,Team Thor,7.228,569
2641,152780,1.1131,2013-05-17,The Past,7.232,602
2642,72570,23.7036,2012-02-05,The Vow,7.2,4203
2643,21641,0.6809,2009-03-27,The Damned United,7.232,678
2644,9660,4.8101,1959-12-05,Operation Petticoat,7.2,406
2645,9652,4.3414,1975-02-28,The Passenger,7.232,529
2646,6619,1.4349,1971-03-05,Death in Venice,7.232,530
2647,1725,8.5937,1961-12-13,West Side Story,7.232,2002
2648,823452,4.3356,2023-12-25,The Boys in the Boat,7.233,333
2649,211387,1.6356,2013-10-04,Marvel One-Shot: Agent Carter,7.231,850
2650,33954,0.7427,1966-05-04,The Hawks and the Sparrows,7.231,360
2651,1621,4.6157,1983-06-07,Trading Places,7.231,3589
2652,899112,4.6695,2022-11-30,Violent Night,7.23,2494
2653,432616,0.7201,2017-12-20,Promise at Dawn,7.2,508
2654,10795,2.1369,2006-11-01,Tell No One,7.23,1485
2655,374205,9.8912,2016-07-23,One Piece Film: GOLD,7.2,529
2656,336845,5.6802,2015-05-02,Cleveland Abduction,7.229,414
2657,112949,2.1833,2013-02-07,Safe Haven,7.229,2398
2658,35690,2.1426,2010-03-31,The Last Song,7.2,3371
2659,25205,0.7959,2009-11-04,The Concert,7.229,522
2660,15152,2.7951,2006-04-19,"OSS 117: Cairo, Nest of Spies",7.229,1829
2661,12622,1.5272,1989-08-12,Violent Cop,7.229,402
2662,251,18.2856,1990-07-13,Ghost,7.229,5921
2663,453395,12.0771,2022-05-04,Doctor Strange in the Multiverse of Madness,7.228,10107
2664,413279,3.0773,2016-08-28,Team Thor,7.228,569
2665,317557,1.6876,2016-09-23,Queen of Katwe,7.228,460
2666,257211,10.3763,2015-09-23,The Intern,7.228,7194
2667,209274,18.4489,2013-10-25,Ida,7.228,1047
2668,268,14.959,1989-06-21,Batman,7.228,8438
2669,846214,1.2241,2021-07-07,"The Good, the Bart, and the Loki",7.227,687
2670,546121,3.6781,2020-11-20,Run,7.227,2820
2671,6537,2.4271,2007-05-20,The Orphanage,7.227,3072
2672,5176,4.7289,2007-09-06,3:10 to Yuma,7.227,3938
2673,874299,0.6921,2021-11-25,South Park: Post COVID,7.226,387
2674,321528,1.2708,2015-04-03,Batman vs. Robin,7.226,979
2675,20367,2.9233,1945-11-30,Detour,7.226,399
2676,18947,1.9235,2009-04-01,The Boat That Rocked,7.225,2253
2677,12598,0.9448,1971-08-31,Joe: The Busybody,7.225,331
2678,11035,1.23,1972-03-16,Roma,7.225,354
2679,3019,1.5025,1931-12-24,Dr. Jekyll and Mr. Hyde,7.225,322
2680,2014,0.7233,2007-09-27,The Edge of Heaven,7.2,348
2681,11850,3.0347,1978-12-20,Invasion of the Body Snatchers,7.223,1280
2682,4710,5.0259,1966-03-22,Masculin Féminin,7.2,414
2683,1209290,2.2369,2024-07-15,Justice League: Crisis on Infinite Earths Part Three,7.2,313
2684,811634,1.9195,2021-04-02,The Monkey King: Reborn,7.2,338
2685,10625,13.1775,2004-04-30,Mean Girls,7.222,9338
2686,9701,1.6457,2005-02-12,North Country,7.222,722
2687,948713,4.7364,2023-04-14,The Last Kingdom: Seven Kings Must Die,7.221,798
2688,197082,0.7914,2013-05-28,Venus in Fur,7.221,739
2689,177677,10.3904,2015-07-28,Mission: Impossible - Rogue Nation,7.221,9565
2690,70160,7.5913,2012-03-12,The Hunger Games,7.221,23048
2691,43920,1.2068,2010-04-24,Dog Pound,7.221,390
2692,26842,1.8462,1976-03-09,The Message,7.221,389
2693,19120,0.7261,1965-10-22,Juliet of the Spirits,7.2,333
2694,11020,3.1094,1975-09-02,Picnic at Hanging Rock,7.2,868
2695,9078,3.7715,1963-12-25,The Sword in the Stone,7.2,4052
2696,1420,1.1221,2005-11-16,Breakfast on Pluto,7.2,428
2697,256962,1.3235,2015-04-23,Little Boy,7.22,555
2698,220289,16.2924,2014-04-06,Coherence,7.22,3303
2699,114168,3.7848,2011-03-04,Perras,7.22,305
2700,34433,21.0375,1993-03-06,Dragon Ball Z: Broly - The Legendary Super Saiyan,7.2,977
2701,10086,1.796,1992-08-20,Man Bites Dog,7.22,988
2702,9303,7.7832,1996-09-13,Bound,7.2,1053
2703,8329,11.3351,2007-11-23,[REC],7.22,4777
2704,5590,1.181,1970-12-16,Donkey Skin,7.22,544
2705,998022,1.4104,2023-05-04,The Teachers' Lounge,7.2,677
2706,168259,9.7219,2015-04-01,Furious 7,7.219,11166
2707,11986,2.3566,1986-04-09,Betty Blue,7.219,454
2708,365045,2.8006,2015-12-10,Heidi,7.2,426
2709,1640,15.8081,2005-05-06,Crash,7.218,3782
2710,583689,1.2227,2021-03-03,Moxie,7.217,844
2711,429200,3.2438,2017-08-11,Good Time,7.218,3049
2712,345920,13.2643,2016-12-15,Collateral Beauty,7.217,5515
2713,281338,10.1685,2017-07-11,War for the Planet of the Apes,7.2,9588
2714,23168,10.299,2010-09-15,The Town,7.217,5515
2715,11713,8.5584,1972-03-22,Fist of Fury,7.217,1046
2716,10528,7.3246,2009-12-23,Sherlock Holmes,7.217,14613
2717,2055,3.3328,2003-08-11,Open Range,7.217,1181
2718,364689,17.3641,2017-12-09,Ferdinand,7.216,3043
2719,129112,0.5931,2012-12-06,Wadjda,7.216,506
2720,129112,0.5931,2012-12-06,Wadjda,7.216,506
2721,53486,0.5306,2006-10-01,The Family Friend,7.216,305
2722,20246,8.5021,1946-06-02,The Stranger,7.216,625
2723,15906,2.2384,2005-10-04,Barbie and the Magic of Pegasus,7.2,762
2724,10243,1.8036,1965-12-15,The Flight of the Phoenix,7.2,359
2725,10139,3.2753,2008-11-05,Milk,7.216,2366
2726,850,6.1176,1983-11-18,A Christmas Story,7.216,1388
2727,607,8.2337,1997-07-02,Men in Black,7.216,14619
2728,56831,1.5144,2011-02-12,The Sunset Limited,7.215,494
2729,5902,3.2484,1977-06-15,A Bridge Too Far,7.215,906
2730,2567,5.1253,2004-12-17,The Aviator,7.2,5733
2731,2355,2.036,2007-03-22,Reign Over Me,7.215,1149
2732,1885,9.7793,1984-06-22,The Karate Kid,7.215,4610
2733,116745,8.6338,2013-12-18,The Secret Life of Walter Mitty,7.214,8106
2734,10198,9.2369,2009-12-08,The Princess and the Frog,7.214,6023
2735,9820,9.7495,1998-07-28,The Parent Trap,7.214,4460
2736,614930,3.8214,2023-07-31,Teenage Mutant Ninja Turtles: Mutant Mayhem,7.213,1539
2737,73624,0.5819,2011-09-02,The Man from the Future,7.213,383
2738,348657,0.7268,2018-05-22,Woman at War,7.212,429
2739,15196,13.7862,1985-12-13,Clue,7.212,1911
2740,15196,13.7862,1985-12-13,Clue,7.212,1911
2741,11524,11.0732,1981-03-27,Thief,7.212,808
2742,11287,5.7407,1992-07-01,A League of Their Own,7.2,1499
2743,614696,4.6438,2020-06-24,#Alive,7.211,2007
2744,425373,1.1252,2018-04-13,The Miracle Season,7.211,329
2745,204436,1.341,2014-01-29,Jack and the Cuckoo-Clock Heart,7.211,748
2746,42297,7.7481,2010-11-23,Burlesque,7.211,2353
2747,11176,1.9272,1979-06-22,The Muppet Movie,7.211,680
2748,504,2.3677,2003-12-24,Monster,7.211,2491
2749,306745,12.3329,2015-10-02,Freeheld,7.2,670
2750,298582,1.0071,2015-09-11,Full Out,7.21,348
2751,55931,2.6992,2003-05-09,The Animatrix,7.2,1729
2752,6479,8.5377,2007-12-12,I Am Legend,7.21,16601
2753,4415,1.8846,1998-05-01,Les Misérables,7.2,670
2754,1878,6.0463,1998-05-22,Fear and Loathing in Las Vegas,7.21,4943
2755,297762,16.5505,2017-05-30,Wonder Woman,7.209,20735
2756,91417,1.7871,2011-11-15,Dragons: Gift of the Night Fury,7.209,416
2757,50348,3.4755,2011-03-17,The Lincoln Lawyer,7.209,3560
2758,34584,8.954,1984-04-06,The NeverEnding Story,7.2,4303
2759,28966,1.1114,1927-08-12,Wings,7.209,314
2760,2654,2.2103,1995-02-03,In the Mouth of Madness,7.2,1852
2761,970348,1.4106,2023-09-29,The Old Oak,7.208,384
2762,795811,2.2399,2021-04-11,Wheel of Fortune and Fantasy,7.208,349
2763,11051,3.0351,1988-05-28,The Last Temptation of Christ,7.208,1166
2764,10772,7.2307,1966-04-06,Django,7.208,970
2765,863873,14.3164,2024-11-28,Caddo Lake,7.207,430
2766,315011,4.3486,2016-07-29,Shin Godzilla,7.207,1525
2767,9267,1.3016,1971-09-28,And Now for Something Completely Different,7.207,569
2768,955555,3.8576,2023-05-31,The Roundup 3: No Way Out,7.2,528
2769,632617,0.8722,2021-11-19,C'mon C'mon,7.206,749
2770,18030,2.0273,1955-04-28,Kiss Me Deadly,7.206,402
2771,11832,1.7064,1987-08-11,Babette's Feast,7.206,434
2772,10223,7.2244,1998-12-11,A Simple Plan,7.206,1051
2773,10178,1.1742,1954-06-24,The Caine Mutiny,7.206,359
2774,6978,3.4042,1986-05-30,Big Trouble in Little China,7.206,3263
2775,623,2.532,1988-07-15,A Fish Called Wanda,7.206,2376
2776,1002155,2.6019,2024-10-23,Monsieur Aznavour,7.205,320
2777,401104,1.3488,2017-01-22,To the Bone,7.205,3580
2778,353577,2.4423,2023-09-15,Love at First Sight,7.205,674
2779,14675,3.0756,1937-10-21,The Awful Truth,7.205,344
2780,11577,2.035,1973-05-23,Pat Garrett & Billy the Kid,7.205,449
2781,1716,1.0243,1980-09-17,The Last Metro,7.2,515
2782,778730,1.0341,2021-02-26,Crazy About Her,7.204,481
2783,152603,1.6196,2013-12-12,Only Lovers Left Alive,7.204,2361
2784,64246,1.3255,2010-08-21,Colorful,7.204,304
2785,25846,2.0936,2009-09-25,Baaria,7.204,663
2786,110398,1.7478,2012-08-09,No,7.203,461
2787,14359,13.8554,2008-12-12,Doubt,7.203,1876
2788,338189,0.9861,2016-09-21,It's Only the End of the World,7.2,1646
2789,10149,1.099,1995-06-09,Smoke,7.202,518
2790,931102,2.9256,2023-04-07,Ride On,7.2,395
2791,48254,0.9856,1997-09-12,Ovosodo,7.201,472
2792,16136,1.6644,1992-01-17,Juice,7.201,438
2793,9576,1.9786,1982-12-17,Tootsie,7.2,1892
2794,3543,1.1745,1987-11-12,Bagdad Cafe,7.2,432
2795,1254,1.3066,2006-09-06,"Don't Worry, I'm Fine",7.201,598
2796,761,1.3956,1976-10-27,The Wing or the Thigh?,7.202,955
2797,863873,14.3164,2024-11-28,Caddo Lake,7.207,430
2798,519035,1.4956,2018-09-21,Nappily Ever After,7.2,821
2799,363676,4.1917,2016-09-07,Sully,7.2,7614
2800,38684,7.0917,2011-03-11,Jane Eyre,7.2,1542
2801,1213,6.6233,1999-12-25,The Talented Mr. Ripley,7.2,4065
2802,436,0.8235,2004-01-18,Maria Full of Grace,7.2,420
2803,167,3.8914,2001-10-26,K-PAX,7.2,2676
2804,1076487,2.3062,2023-06-30,Warhorse One,7.199,322
2805,16085,2.5195,1968-09-19,Funny Girl,7.2,417
2806,90,7.4516,1984-12-05,Beverly Hills Cop,7.199,4505
2807,1272837,81.313,2026-01-14,28 Years Later: The Bone Temple,7.2,735
2808,446696,1.5794,2018-09-21,Life Itself,7.2,610
2809,363579,1.51,2016-09-07,The Age of Shadows,7.198,364
2810,14163,0.71,2007-08-09,Chak De! India,7.198,364
2811,12159,2.9663,1998-10-02,What Dreams May Come,7.198,2439
2812,227,17.4551,1983-03-25,The Outsiders,7.2,1511
2813,820446,1.9828,2022-04-27,Downton Abbey: A New Era,7.196,593
2814,372519,1.3918,2016-01-28,The Ten Commandments: The Movie,7.196,308
2815,342473,15.8721,2016-12-14,Ballerina,7.196,1968
2816,130739,0.3858,2012-11-01,A Coffee in Berlin,7.196,347
2817,837881,2.3717,2022-11-17,She Said,7.195,697
2818,75629,5.8248,2012-11-17,Evangelion: 3.0 You Can (Not) Redo,7.195,907
2819,51876,18.1019,2011-03-17,Limitless,7.195,11292
2820,10403,2.4834,1992-05-08,The Player,7.195,924
2821,788,12.1321,1993-11-24,Mrs. Doubtfire,7.195,6518
2822,695,1.3414,1993-10-01,Short Cuts,7.2,660
2823,959604,3.1119,2024-10-16,Beating Hearts,7.198,995
2824,16553,1.3691,2005-09-26,Little Manhattan,7.194,751
2825,859,3.6569,1988-12-21,Dangerous Liaisons,7.194,1248
2826,499932,5.8695,2020-09-11,The Devil All the Time,7.193,3587
2827,475094,2.3039,2018-02-02,The Captain,7.193,486
2828,330483,5.76,2016-02-04,The Choice,7.193,1948
2829,245168,2.4111,2015-10-16,Suffragette,7.193,1662
2830,187022,1.1586,2013-10-04,A Touch of Sin,7.193,374
2831,21519,2.2976,1983-12-22,Project A,7.193,528
2832,16562,5.2522,1992-03-27,The Cutting Edge,7.193,394
2833,1271,11.4402,2007-03-07,300,7.193,14530
2834,793998,1.2896,2021-11-04,Happening,7.192,506
2835,549053,7.2705,2019-11-07,Last Christmas,7.192,2618
2836,13156,2.3245,2003-09-19,Secondhand Lions,7.192,819
2837,9013,3.9872,1988-07-20,Midnight Run,7.192,1233
2838,6615,2.4492,2007-10-12,Lars and the Real Girl,7.192,2016
2839,974576,11.8544,2024-10-25,Conclave,7.191,3218
2840,374671,1.1371,2016-05-21,After the Storm,7.191,382
2841,13368,1.327,1954-10-14,White Christmas,7.191,570
2842,10693,7.3301,1953-02-05,Peter Pan,7.191,5681
2843,355338,1.1983,2015-11-03,Riley's First Date?,7.19,1099
2844,109410,2.2821,2013-04-12,42,7.2,1920
2845,11773,1.0129,1960-06-16,Village of the Damned,7.19,486
2846,10860,17.229,1989-11-15,Steel Magnolias,7.2,707
2847,591274,3.6404,2021-07-08,Fear Street: 1978,7.2,2175
2848,198663,14.1822,2014-09-10,The Maze Runner,7.189,17906
2849,12105,1.8495,1968-07-17,Yellow Submarine,7.189,541
2850,9388,1.8004,2005-09-09,Thank You for Smoking,7.189,2356
2851,1312157,2.9031,2025-02-20,Somebody to Love,7.188,547
2852,900667,3.8311,2022-08-06,One Piece Film Red,7.188,1110
2853,12092,7.3007,1951-07-28,Alice in Wonderland,7.188,6199
2854,9400,1.6757,1996-11-06,Set It Off,7.188,389
2855,1002155,2.6019,2024-10-23,Monsieur Aznavour,7.205,320
2856,788734,5.1711,2022-09-30,Sick of Myself,7.2,378
2857,213121,0.1427,2013-10-16,Toy Story of Terror!,7.187,985
2858,15359,1.4431,2009-03-03,Wonder Woman,7.179,604
2859,2668,15.928,1999-11-19,Sleepy Hollow,7.187,7259
2860,86829,5.0841,2013-10-18,Inside Llewyn Davis,7.186,2881
2861,10925,4.6123,1985-04-25,The Return of the Living Dead,7.2,2250
2862,7350,3.5135,2007-12-25,The Bucket List,7.186,4023
2863,575265,30.3496,2025-05-17,Mission: Impossible - The Final Reckoning,7.185,2604
2864,28043,0.9691,1963-08-17,Black Sabbath,7.2,482
2865,10452,1.8146,1994-05-13,Queen Margot,7.185,413
2866,612368,0.4749,2019-09-25,In the Name of the Land,7.2,321
2867,407655,2.0527,2016-08-02,A Cinderella Story: If the Shoe Fits,7.184,858
2868,2024,6.4291,2000-06-28,The Patriot,7.184,4225
2869,1672,1.387,1981-10-21,The Professional,7.184,576
2870,1456349,13.4466,2025-09-27,It Was Just an Accident,7.183,396
2871,667538,12.4241,2023-06-06,Transformers: Rise of the Beasts,7.183,5187
2872,302429,2.2058,2015-01-23,Strange Magic,7.183,544
2873,14306,6.2743,2008-12-25,Marley & Me,7.182,4754
2874,8619,7.5493,2003-11-14,Master and Commander: The Far Side of the World,7.182,3444
2875,348893,10.058,2016-08-01,Boyka: Undisputed IV,7.2,1424
2876,40807,3.3656,2011-09-30,50/50,7.181,4022
2877,22954,3.1003,2009-12-11,Invictus,7.181,4296
2878,19625,0.7005,2003-12-19,Munna Bhai M.B.B.S.,7.181,345
2879,2280,6.4996,1988-06-03,Big,7.181,3947
2880,403300,5.7542,2019-08-27,A Hidden Life,7.2,765
2881,287495,6.474,2014-11-06,Labyrinth of Lies,7.18,595
2882,10886,0.855,2006-10-09,The Unknown Woman,7.18,367
2883,6023,3.1963,2007-11-15,P.S. I Love You,7.18,3445
2884,1278,12.3367,2003-10-10,The Dreamers,7.18,3044
2885,951491,13.6716,2023-09-27,Saw X,7.179,2298
2886,421467,1.6387,1984-12-15,The Return of Godzilla,7.179,324
2887,373226,1.4623,2019-01-11,Belzebuth,7.2,369
2888,15359,1.4431,2009-03-03,Wonder Woman,7.179,604
2889,13885,3.9753,2007-12-21,Sweeney Todd: The Demon Barber of Fleet Street,7.179,6251
2890,12554,1.5846,1995-02-25,Citizen X,7.179,375
2891,560050,1.8203,2020-10-16,Over the Moon,7.178,1374
2892,50723,3.2259,2010-07-31,Naruto Shippuden the Movie: The Lost Tower,7.178,500
2893,11330,1.0674,2005-08-22,Pusher III,7.178,414
2894,8963,17.2432,1995-05-12,Crimson Tide,7.178,1943
2895,3084,7.9898,1939-04-07,Wuthering Heights,7.178,307
2896,329819,0.4749,2015-05-13,Standing Tall,7.2,482
2897,244403,0.9463,2014-10-17,Rudderless,7.177,334
2898,72113,12.8893,2011-09-16,Carnage,7.177,3097
2899,13459,2.5348,2008-11-03,Barbie in 'A Christmas Carol',7.2,579
2900,10518,1.5037,1976-10-08,Marathon Man,7.177,1187
2901,979,8.9193,2002-05-22,Irreversible,7.2,3211
2902,581734,16.4671,2021-01-29,Nomadland,7.176,3285
2903,539681,3.114,2022-07-27,DC League of Super-Pets,7.175,1690
2904,69315,5.4069,2007-11-12,Battlestar Galactica: Razor,7.176,451
2905,502425,2.8991,2020-03-06,Escape from Pretoria,7.2,1452
2906,44826,8.6561,2011-11-22,Hugo,7.175,7571
2907,577922,13.0264,2020-08-22,Tenet,7.174,10893
2908,497698,9.7859,2021-07-07,Black Widow,7.174,11053
2909,370964,2.3503,2015-12-03,I Am Dragon,7.174,407
2910,567646,1.7797,2019-01-23,Extreme Job,7.173,341
2911,500006,1.5166,2018-03-09,Utøya: July 22,7.173,437
2912,23637,0.3847,1992-10-09,"Ciao, Professore!",7.173,398
2913,12230,5.638,1961-01-25,One Hundred and One Dalmatians,7.173,6603
2914,2771,0.9581,2003-08-15,American Splendor,7.173,526
2915,2576,1.3041,1959-03-18,The Diary of Anne Frank,7.2,368
2916,2153,1.938,1978-06-08,The Driver,7.173,493
2917,1818,1.0746,1960-11-25,Shoot the Piano Player,7.173,437
2918,1594,3.9205,1964-06-23,A Shot in the Dark,7.173,623
2919,912908,4.3677,2023-08-17,Strays,7.172,981
2920,912908,4.3677,2023-08-17,Strays,7.172,981
2921,736732,1.8869,2022-06-08,Broker,7.172,532
2922,11328,1.0525,2004-12-25,Pusher II,7.2,508
2923,11109,0.8122,2004-10-22,Vera Drake,7.172,386
2924,2100,2.265,2001-10-19,The Last Castle,7.172,1390
2925,78480,1.5649,2011-09-10,Monsieur Lazhar,7.171,342
2926,18320,1.8491,2009-03-04,The Young Victoria,7.171,1056
2927,11044,1.5562,1993-01-06,Arizona Dream,7.171,750
2928,10830,18.4891,1996-08-02,Matilda,7.2,4739
2929,9071,0.8241,1995-07-21,Living in Oblivion,7.171,313
2930,2832,5.0636,2003-04-25,Identity,7.17,4250
2931,945961,25.152,2024-08-13,Alien: Romulus,7.169,4332
2932,515916,1.5569,2018-09-18,Girl,7.17,754
2933,474395,2.2203,2018-07-27,Teen Titans Go! To the Movies,7.17,1160
2934,14807,1.7422,1980-11-01,The Long Good Friday,7.17,409
2935,11489,1.0148,1999-09-29,Rosetta,7.17,330
2936,593643,9.1309,2022-11-17,The Menu,7.169,5947
2937,15283,6.3396,1994-07-16,Pom Poko,7.169,1172
2938,168,7.7485,1986-11-26,Star Trek IV: The Voyage Home,7.169,1617
2939,581997,1.7056,2019-03-31,Batman vs Teenage Mutant Ninja Turtles,7.167,538
2940,593643,9.1309,2022-11-17,The Menu,7.168,5945
2941,581997,1.7056,2019-03-31,Batman vs Teenage Mutant Ninja Turtles,7.2,537
2942,539617,1.1046,2020-03-13,Big Time Adolescence,7.2,365
2943,420622,2.0031,2017-10-13,Professor Marston and the Wonder Women,7.2,920
2944,77877,3.7749,2012-04-19,The Lucky One,7.168,3789
2945,49047,15.9723,2013-10-03,Gravity,7.168,16126
2946,15067,1.2459,2008-07-16,"The Good, the Bad, the Weird",7.168,789
2947,10673,3.3395,1987-12-10,Wall Street,7.168,2208
2948,6037,1.2561,1976-06-23,Murder by Death,7.168,875
2949,4518,2.6834,1998-09-13,Elizabeth,7.168,1478
2950,652,15.2026,2004-05-13,Troy,7.168,10871
2951,537056,10.6744,2019-07-19,Batman: Hush,7.167,942
2952,512895,2.435,2019-11-12,Lady and the Tramp,7.167,1624
2953,479226,1.1007,2018-10-04,The Purity of Vengeance,7.167,541
2954,129533,2.4961,2012-09-13,Barbie: The Princess & the Popstar,7.2,629
2955,29005,1.3382,1971-06-24,McCabe & Mrs. Miller,7.167,438
2956,657644,1.4362,2021-12-16,Minnal Murali,7.166,329
2957,454983,7.5872,2018-05-11,The Kissing Booth,7.166,7406
2958,1164,3.8763,2006-10-26,Babel,7.166,4005
2959,571785,2.6175,2020-02-22,Time to Hunt,7.165,340
2960,33511,5.2262,2009-12-25,Nowhere Boy,7.165,852
2961,11533,2.1744,1963-06-13,Jason and the Argonauts,7.165,676
2962,59,4.2916,2005-09-23,A History of Violence,7.2,3623
2963,1040148,9.3427,2023-06-28,"Ruby Gillman, Teenage Kraken",7.164,1092
2964,138,12.2613,1931-02-12,Dracula,7.2,1349
2965,555285,2.4491,2023-03-29,"Are You There God? It's Me, Margaret.",7.163,486
2966,294016,20.2112,2015-10-27,Trumbo,7.163,1663
2967,606,2.7691,1985-12-20,Out of Africa,7.163,1506
2968,645757,2.0112,2024-11-27,That Christmas,7.162,421
2969,527435,3.0041,2018-11-22,The Christmas Chronicles,7.162,2360
2970,82825,0.7344,2012-03-08,Kahaani,7.162,337
2971,45162,1.6533,2010-09-28,Superman/Batman: Apocalypse,7.162,750
2972,14375,1.1509,2005-09-30,Romanzo Criminale,7.162,679
2973,628704,2.7785,2021-06-30,Midnight,7.161,304
2974,461615,1.7626,2018-05-23,MFKZ,7.2,342
2975,404368,9.1115,2018-11-20,Ralph Breaks the Internet,7.161,8000
2976,353326,3.3076,2016-04-08,The Man Who Knew Infinity,7.161,1550
2977,88284,1.5518,2012-03-08,Barbara,7.161,355
2978,978,2.7917,1997-09-12,Seven Years in Tibet,7.161,3059
2979,520736,0.7113,2018-05-10,Loro 2,7.16,390
2980,642885,2.6715,2022-09-27,Hocus Pocus 2,7.158,1802
2981,520736,0.7113,2018-05-10,Loro 2,7.16,390
2982,285733,0.6589,2014-08-30,Barbie and the Secret Door,7.2,425
2983,8879,18.4881,1985-06-28,Pale Rider,7.16,1172
2984,5236,2.3976,2005-09-14,Kiss Kiss Bang Bang,7.16,2941
2985,647,2.2658,2005-07-14,Final Fantasy VII: Advent Children,7.16,1216
2986,616251,2.8017,2020-09-11,The Broken Hearts Gallery,7.159,334
2987,62215,6.0882,2011-05-26,Melancholia,7.159,3756
2988,613504,4.413,2020-09-02,After We Collided,7.158,5436
2989,376660,7.8032,2016-11-18,The Edge of Seventeen,7.158,4206
2990,14903,2.9005,1997-08-05,Pooh's Grand Adventure: The Search for Christopher Robin,7.158,386
2991,11093,1.5381,2003-12-19,House of Sand and Fog,7.2,833
2992,10511,0.9209,2003-09-22,In America,7.158,379
2993,473033,7.8521,2019-08-30,Uncut Gems,7.157,5262
2994,59421,4.2013,2010-08-19,Bedevilled,7.157,474
2995,39105,18.7858,1993-07-10,Dragon Ball Z: Bojack Unbound,7.157,610
2996,19236,1.4139,1989-11-24,Santa Sangre,7.157,487
2997,994,12.9083,1971-11-25,Straw Dogs,7.157,1036
2998,1016084,10.7556,2023-02-13,BlackBerry,7.152,825
2999,504949,5.6118,2019-10-11,The King,7.156,3495
3000,340270,1.1061,2017-02-17,The Healer,7.155,524
3001,97365,4.7593,2012-05-17,Rust and Bone,7.2,1450
3002,9606,1.4119,2001-05-26,Metropolis,7.155,544
3003,1089,5.3079,1991-07-12,Point Break,7.155,3885
3004,276,0.5907,2004-10-25,The Edukators,7.155,371
3005,1114513,5.3731,2024-09-11,Speak No Evil,7.154,1944
3006,585245,2.5726,2021-11-10,Clifford the Big Red Dog,7.154,1799
3007,1924,15.6486,1978-12-14,Superman,7.154,4193
3008,324560,2.0773,2016-03-12,Brimstone,7.153,1241
3009,89636,1.271,2010-11-11,Dragon Ball Z: Plan to Eradicate the Super Saiyans,7.2,307
3010,16436,0.9199,2008-10-23,North Face,7.153,303
3011,1888,1.4381,1966-10-19,The Fortune Cookie,7.153,340
3012,609,14.2567,1982-06-04,Poltergeist,7.153,3261
3013,409,4.4111,1996-11-14,The English Patient,7.153,2347
3014,1016084,10.7556,2023-02-13,BlackBerry,7.152,825
3015,530385,16.1689,2019-07-03,Midsommar,7.152,7903
3016,277217,9.1115,2015-07-31,Descendants,7.152,2481
3017,21521,1.9084,1987-07-25,Project A Part II,7.2,322
3018,809140,2.2628,2022-04-13,Father Stu,7.151,706
3019,489925,6.595,2018-01-19,Eighth Grade,7.151,1637
3020,4538,3.5791,2007-09-07,The Darjeeling Limited,7.151,3871
3021,396371,6.2846,2017-12-07,Molly's Game,7.15,3949
3022,11770,6.0081,2001-07-05,Shaolin Soccer,7.149,2476
3023,11165,2.5948,1970-01-26,Tora! Tora! Tora!,7.15,585
3024,8438,1.8615,1995-01-20,Murder in the First,7.15,598
3025,82693,8.295,2012-11-16,Silver Linings Playbook,7.149,12516
3026,18240,6.3744,2009-06-02,The Proposal,7.149,7340
3027,9441,3.6943,1998-12-25,Stepmom,7.149,1524
3028,406990,4.942,2017-08-18,What Happened to Monday,7.148,6368
3029,12914,21.168,2008-07-29,Stargate: Continuum,7.148,572
3030,459,1.191,1957-12-18,Sissi: The Fateful Years of an Empress,7.1,352
3031,1242419,14.7592,2025-10-08,Roofman,7.147,584
3032,501170,13.4016,2019-10-30,Doctor Sleep,7.146,4785
3033,10590,7.1231,2002-03-01,We Were Soldiers,7.146,2219
3034,8088,1.2342,2009-03-18,Broken Embraces,7.147,700
3035,1637,11.1245,1994-06-09,Speed,7.146,6718
3036,469,0.7313,1984-10-01,Stranger Than Paradise,7.147,592
3037,505954,1.2127,2018-12-27,Т-34,7.146,919
3038,13012,1.5715,2008-07-17,Felon,7.146,950
3039,552,0.7956,2000-03-03,Bread and Tulips,7.146,304
3040,12144,6.3261,1988-11-18,The Land Before Time,7.144,2693
3041,4192,2.7289,1978-09-29,Death on the Nile,7.1,882
3042,475215,1.9608,2018-07-20,Mirai,7.144,828
3043,435577,1.5826,2017-12-25,The 12th Man,7.143,601
3044,329805,8.639,2015-10-21,My King,7.143,802
3045,58574,7.7761,2011-11-22,Sherlock Holmes: A Game of Shadows,7.144,10819
3046,4176,3.0636,1974-11-22,Murder on the Orient Express,7.1,1541
3047,3111,1.1619,1954-10-01,A Star Is Born,7.143,325
3048,978870,0.6529,2023-03-09,Last Night of Amore,7.142,524
3049,509364,1.3542,2019-02-20,By the Grace of God,7.142,583
3050,459003,3.0262,2023-03-02,Mavka: The Forest Song,7.142,833
3051,22527,1.0247,1956-12-22,The Wrong Man,7.1,602
3052,9741,13.4965,2000-11-22,Unbreakable,7.142,9795
3053,988,4.1042,1979-03-16,The China Syndrome,7.1,506
3054,916,6.0765,1968-10-17,Bullitt,7.142,1262
3055,50270,1.5598,1991-02-13,Paprika,7.1,570
3056,536743,1.3999,2019-11-27,Queen & Slim,7.14,738
3057,351339,2.9389,2016-08-12,Anthropoid,7.14,1130
3058,140212,0.605,2012-11-08,Confession of Murder,7.14,322
3059,20345,1.0382,1970-02-27,The Bird with the Crystal Plumage,7.14,823
3060,20345,1.0382,1970-02-27,The Bird with the Crystal Plumage,7.14,823
3061,11636,2.6331,2004-09-23,New Police Story,7.14,806
3062,9802,10.5229,1996-06-07,The Rock,7.14,5083
3063,927,7.3181,1984-06-08,Gremlins,7.14,6873
3064,65,14.61,2002-11-08,8 Mile,7.14,7700
3065,96714,0.7765,2012-04-13,Diaz - Don't Clean Up This Blood,7.1,431
3066,56825,0.4329,1988-12-21,Compagni di scuola,7.139,395
3067,9464,1.9985,1998-01-20,Buffalo '66,7.139,1024
3068,472674,20.8972,2019-09-12,The Goldfinch,7.138,929
3069,10986,2.0127,1980-12-20,The Taming of the Scoundrel,7.138,495
3070,10601,3.7193,2003-12-18,Peter Pan,7.138,2739
3071,1010821,1.9535,2022-08-10,Groot Takes a Bath,7.137,357
3072,82881,3.6394,2012-01-13,Tangled Ever After,7.137,1105
3073,10948,10.8609,1981-07-10,The Fox and the Hound,7.137,3430
3074,10142,2.1861,1989-08-18,Casualties of War,7.137,977
3075,612,14.3672,2005-12-23,Munich,7.137,2923
3076,10476,1.7133,2005-07-22,Hustle & Flow,7.136,428
3077,1008042,6.1416,2023-07-26,Talk to Me,7.135,3606
3078,765245,1.6649,2021-12-17,Swan Song,7.135,574
3079,583903,2.5319,2019-09-04,Our Friend,7.135,344
3080,583903,2.5319,2019-09-04,Our Friend,7.135,344
3081,254172,2.1802,2015-10-01,Fathers and Daughters,7.135,1031
3082,226448,0.9557,2014-04-20,In Your Eyes,7.135,724
3083,12762,0.7015,1984-01-27,Broadway Danny Rose,7.1,481
3084,411,18.421,2005-12-07,"The Chronicles of Narnia: The Lion, the Witch and the Wardrobe",7.135,11355
3085,933260,21.2315,2024-09-07,The Substance,7.1,5733
3086,595671,5.1583,2020-03-13,Never Rarely Sometimes Always,7.1,573
3087,4643,2.853,2006-09-28,The Guardian,7.134,1632
3088,537996,3.6673,2018-11-09,The Ballad of Buster Scruggs,7.133,4346
3089,440472,2.7393,2019-01-10,The Upside,7.133,1375
3090,15370,4.4279,2002-07-19,The Cat Returns,7.133,2407
3091,10705,1.422,1989-10-05,Henry V,7.133,403
3092,3549,0.9549,2006-02-24,After the Wedding,7.133,475
3093,398173,3.0955,2018-10-04,The House That Jack Built,7.132,2995
3094,302946,7.5146,2016-10-13,The Accountant,7.132,7208
3095,147773,2.387,2013-06-06,The Way Way Back,7.132,1900
3096,10634,5.3467,1995-04-26,Friday,7.132,1962
3097,9846,2.0548,1985-11-01,To Live and Die in L.A.,7.132,739
3098,9316,4.7345,2003-01-31,Ong-Bak,7.132,1834
3099,17187,1.4617,2002-11-22,The Emperor's Club,7.131,397
3100,12473,1.2633,2008-02-21,The Visitor,7.131,494
3101,4952,1.209,1959-10-07,Pillow Talk,7.131,312
3102,468198,1.8529,2017-11-04,The Place,7.13,1238
3103,15400,5.324,1999-10-31,Mickey's Once Upon a Christmas,7.1,708
3104,11296,1.3109,1984-12-14,Birdy,7.13,559
3105,1443,5.1624,2000-04-21,The Virgin Suicides,7.13,3552
3106,243,16.694,2000-03-17,High Fidelity,7.13,2145
3107,814340,1.6583,2022-06-17,Cha Cha Real Smooth,7.129,392
3108,524047,23.1826,2020-07-29,Greenland,7.129,5115
3109,475946,1.2788,2017-09-26,Blade Runner: Black Out 2022,7.129,437
3110,430447,3.6387,2017-07-08,Mary and The Witch's Flower,7.129,878
3111,37767,0.7056,1980-01-19,Fun Is Beautiful,7.129,410
3112,17887,1.0167,1967-05-25,Barefoot in the Park,7.129,603
3113,986280,9.9016,2023-09-14,Fallen Leaves,7.1,704
3114,535544,15.2408,2019-09-12,Downton Abbey,7.128,1239
3115,11462,1.9621,1941-11-14,Suspicion,7.128,880
3116,411728,1.7829,2019-03-07,The Professor and the Madman,7.127,1262
3117,290250,6.7711,2016-05-15,The Nice Guys,7.127,8473
3118,11414,0.9315,1958-08-14,The Defiant Ones,7.1,310
3119,10876,1.8626,2000-11-22,Quills,7.127,704
3120,635,6.4485,1987-03-06,Angel Heart,7.127,1690
3121,1152014,1.5814,2024-04-18,A Little Something Extra,7.126,807
3122,826769,1.1839,2022-10-11,Rosaline,7.1,325
3123,785539,1.151,2021-07-29,Resort to Love,7.126,428
3124,130925,4.4646,2012-09-14,Partysaurus Rex,7.126,508
3125,22302,1.0299,2009-02-06,Polytechnique,7.125,681
3126,11660,2.0051,1999-04-02,Following,7.125,1801
3127,11639,5.716,1982-12-17,The Dark Crystal,7.125,1229
3128,8470,2.5994,2002-02-15,John Q,7.125,2558
3129,8092,2.3776,1993-04-09,This Boy's Life,7.125,1060
3130,2760,3.9311,1927-02-14,The Lodger: A Story of the London Fog,7.1,327
3131,672647,1.6119,2021-02-12,The Map of Tiny Perfect Things,7.124,860
3132,352490,1.7734,2016-10-20,This Beautiful Fantastic,7.124,344
3133,197950,1.5587,2014-12-03,The Connection,7.125,927
3134,11050,2.0091,1983-11-20,Terms of Endearment,7.1,812
3135,10545,5.5192,1996-06-21,The Hunchback of Notre Dame,7.124,5299
3136,336050,9.4663,2015-06-11,Son of Saul,7.1,1153
3137,19123,1.8222,1981-12-09,La Chèvre,7.123,693
3138,18861,2.703,2006-08-05,Naruto the Movie: Guardians of the Crescent Moon Kingdom,7.123,479
3139,4441,2.1039,2006-05-25,Candy,7.1,632
3140,408,11.6813,1938-01-14,Snow White and the Seven Dwarfs,7.123,7901
3141,335797,7.9734,2016-11-23,Sing,7.122,8350
3142,71325,3.0137,2011-07-29,With Every Heartbeat,7.122,377
3143,23483,6.9762,2010-03-26,Kick-Ass,7.122,12229
3144,8697,4.2829,1998-01-17,Who Am I?,7.122,954
3145,4688,3.5839,2007-09-14,Across the Universe,7.1,1417
3146,1574,3.0349,2002-12-10,Chicago,7.121,2856
3147,68730,17.0272,2016-12-23,Silence,7.121,3247
3148,38700,8.8326,2020-01-15,Bad Boys for Life,7.121,8641
3149,11687,3.5916,1993-01-27,The Visitors,7.121,2034
3150,561,19.0655,2005-02-08,Constantine,7.121,7861
3151,272878,4.6594,2015-06-25,Max,7.1,909
3152,241863,1.8777,2014-11-15,As the Gods Will,7.12,558
3153,59468,2.0502,2010-09-10,The Way,7.121,634
3154,7485,10.4175,2007-03-22,Shooter,7.12,5334
3155,5916,1.7023,1972-12-13,The Getaway,7.12,639
3156,711,1.6399,2000-12-21,Finding Forrester,7.12,1177
3157,1246049,31.6868,2025-07-30,Dracula,7.113,905
3158,1160018,3.4131,2024-07-03,Kill,7.119,464
3159,336000,1.9118,2017-08-11,The Glass Castle,7.119,886
3160,9540,1.4726,1988-09-23,Dead Ringers,7.119,977
3161,506,1.8855,1964-07-17,Marnie,7.1,1207
3162,594530,1.0008,2020-01-31,Lamp Life,7.118,323
3163,10340,5.0817,1955-06-22,Lady and the Tramp,7.118,5579
3164,8982,4.108,2005-08-11,The Protector,7.118,909
3165,1857,2.7001,1986-08-08,The Transformers: The Movie,7.118,582
3166,212778,7.8598,2014-05-08,Chef,7.117,3567
3167,103332,26.7944,2012-07-25,Ruby Sparks,7.1,1745
3168,14748,1.4104,2008-07-23,Boy A,7.117,486
3169,11075,2.7014,2000-03-03,Audition,7.1,1724
3170,473,1.7614,1998-07-10,Pi,7.117,2431
3171,12877,1.1555,2004-09-29,Dead Man's Shoes,7.112,585
3172,7972,1.6649,2007-09-26,Before the Devil Knows You're Dead,7.1,1683
3173,2323,4.8286,1989-04-21,Field of Dreams,7.116,1634
3174,1555,1.5558,2002-06-19,The Spanish Apartment,7.12,1205
3175,1062807,3.8175,2023-12-22,SPY x FAMILY CODE: White,7.115,613
3176,116149,7.7764,2014-11-24,Paddington,7.115,4153
3177,22536,1.8476,2009-04-30,Thirst,7.115,1054
3178,754067,1.0027,2021-12-15,Vicky and Her Mystery,7.114,516
3179,664300,1.1256,2021-03-26,Shiva Baby,7.114,753
3180,157832,3.7938,2014-04-11,Calvary,7.1,1032
3181,41662,2.003,1977-04-29,3 Women,7.114,337
3182,8079,1.8419,2007-11-07,Om Shanti Om,7.114,390
3183,1714,11.5283,1966-09-07,Fahrenheit 451,7.114,1050
3184,1246049,31.6868,2025-07-30,Dracula,7.113,905
3185,370755,13.5122,2016-11-17,Paterson,7.113,2029
3186,14533,2.6294,1998-01-31,Gia,7.113,804
3187,14292,2.8484,2004-02-06,Miracle,7.1,659
3188,11485,1.4748,1969-08-18,Take the Money and Run,7.113,779
3189,533,3.639,2005-09-15,Wallace & Gromit: The Curse of the Were-Rabbit,7.113,3026
3190,103758,0.3784,2012-05-04,Reality,7.112,340
3191,12877,1.1555,2004-09-29,Dead Man's Shoes,7.112,585
3192,12545,2.4203,1973-08-15,Jesus Christ Superstar,7.112,604
3193,2117,1.0248,2005-02-13,Sophie Scholl: The Final Days,7.112,451
3194,985939,15.7668,2022-08-11,Fall,7.111,4416
3195,872906,3.7375,2023-09-07,Jawan,7.111,314
3196,259954,0.9946,2014-04-19,5 to 7,7.1,409
3197,239563,8.5282,2014-10-09,St. Vincent,7.111,2027
3198,9675,2.2136,2004-10-22,Sideways,7.111,1839
3199,927855,1.1036,2022-02-11,Love Tactics,7.11,326
3200,537915,8.2247,2019-04-11,After,7.11,8478
3201,323027,1.3582,2015-06-18,Justice League: Gods and Monsters,7.11,606
3202,673309,1.706,2021-12-25,American Underdog,7.109,404
3203,279229,1.9517,2014-08-14,Sapphire Blue,7.109,1021
3204,127373,1.8926,2013-05-02,What Maisie Knew,7.1,437
3205,68722,3.0826,2012-09-14,The Master,7.109,3240
3206,56292,10.5505,2011-12-07,Mission: Impossible - Ghost Protocol,7.109,10622
3207,44716,1.1244,2010-08-26,In a Better World,7.109,446
3208,25300,3.8502,2003-02-08,I'm Not Scared,7.109,949
3209,11447,0.8335,2001-03-09,The Son's Room,7.109,541
3210,10102,1.0173,1973-05-16,La Grande Bouffe,7.1,539
3211,547016,6.478,2020-07-09,The Old Guard,7.108,4705
3212,437033,3.656,2017-09-01,Toc Toc,7.108,1259
3213,334517,7.0593,2016-09-19,The Siege of Jadotville,7.108,927
3214,302401,13.035,2016-09-15,Snowden,7.108,4580
3215,749004,1.6132,2021-06-02,Petite Maman,7.106,447
3216,565179,0.8934,2019-01-31,The First King,7.106,1122
3217,414453,2.7626,2017-08-04,Columbus,7.1,454
3218,25431,0.9576,1949-11-18,Adam's Rib,7.106,331
3219,10537,3.0372,1991-03-01,The Doors,7.1,1562
3220,20993,1.2795,2000-05-11,Brother 2,7.105,305
3221,11951,1.4259,1971-01-15,Vanishing Point,7.105,502
3222,10648,2.4159,1973-12-13,Magnum Force,7.1,1165
3223,9631,3.476,1998-07-29,The Negotiator,7.107,2319
3224,938614,4.6646,2024-03-19,Late Night with the Devil,7.104,1994
3225,371638,4.3901,2017-03-12,The Disaster Artist,7.104,3695
3226,51241,2.1542,2010-06-11,Heartbeats,7.104,1044
3227,30074,1.504,2003-03-04,Scooby-Doo! and the Legend of the Vampire,7.1,338
3228,9829,1.8404,2006-04-28,United 93,7.104,1605
3229,9769,9.2278,1997-09-27,Lolita,7.1,1931
3230,327,1.2324,2000-12-13,Brother,7.104,513
3231,2,1.4033,1988-10-21,Ariel,7.104,369
3232,10895,6.1757,1940-02-23,Pinocchio,7.103,6181
3233,964960,1.3921,2023-11-08,The Taste of Things,7.102,373
3234,817758,5.8791,2022-09-23,TÁR,7.102,1486
3235,522162,8.0162,2019-11-06,Midway,7.1,2659
3236,519141,3.249,2019-10-09,Matthias & Maxime,7.102,499
3237,13001,2.1552,2008-03-11,Stargate: The Ark of Truth,7.102,559
3238,10141,2.1948,1988-12-14,Dirty Rotten Scoundrels,7.102,983
3239,6396,1.4434,1998-09-24,SLC Punk,7.1,421
3240,520172,2.7169,2020-11-26,Happiest Season,7.101,1307
3241,71689,1.6091,2011-08-05,Phineas and Ferb The Movie: Across the 2nd Dimension,7.1,592
3242,16563,2.5124,1954-07-22,Seven Brides for Seven Brothers,7.1,562
3243,4552,3.1032,2003-06-13,A Tale of Two Sisters,7.101,1312
3244,570670,7.4601,2020-02-26,The Invisible Man,7.1,6141
3245,291270,1.6951,2015-12-30,Anomalisa,7.1,1803
3246,10617,1.8762,1991-08-15,Once Upon a Time in China,7.1,474
3247,10497,2.2381,1992-09-02,Bitter Moon,7.1,829
3248,2383,1.76,1988-10-21,The Bear,7.1,517
3249,1581,14.6648,2006-12-05,The Holiday,7.1,5558
3250,551,5.2884,1972-12-01,The Poseidon Adventure,7.1,963
3251,1236153,143.5539,2026-01-20,Mercy,7.095,636
3252,369523,15.4179,2018-01-20,The Tale,7.099,467
3253,23169,4.074,2010-03-11,Remember Me,7.099,3680
3254,10564,1.8376,2000-04-27,Where the Heart Is,7.099,735
3255,8051,2.6812,2002-10-11,Punch-Drunk Love,7.1,2659
3256,3073,2.9771,1948-06-01,Bud Abbott and Lou Costello Meet Frankenstein,7.099,343
3257,774752,3.6466,2022-11-24,The Guardians of the Galaxy Holiday Special,7.097,2301
3258,403431,1.001,2017-07-27,Brigsby Bear,7.098,407
3259,420818,10.5663,2019-07-12,The Lion King,7.097,10659
3260,48034,1.667,2010-10-20,Little White Lies,7.097,1620
3261,22383,1.9934,1966-11-01,The Professionals,7.1,330
3262,258,0.8441,1970-09-09,Bed and Board,7.097,303
3263,567604,2.4841,2018-12-11,Once Upon a Deadpool,7.096,832
3264,30675,1.3681,2010-02-02,Planet Hulk,7.1,541
3265,14072,1.5562,2008-12-11,Rab Ne Bana Di Jodi,7.096,307
3266,11153,5.7444,1983-07-29,National Lampoon's Vacation,7.096,1695
3267,9322,10.2129,1990-02-21,Nikita,7.098,2108
3268,606952,3.1889,2019-12-19,The Goddess of Fortune,7.095,521
3269,15588,1.5629,2009-04-15,OSS 117: Lost in Rio,7.095,1509
3270,13701,1.7904,1994-12-16,Immortal Beloved,7.095,364
3271,9281,2.48,1985-02-08,Witness,7.095,1845
3272,4043,1.082,1987-02-07,Law of Desire,7.095,326
3273,573,1.5058,1972-05-25,Frenzy,7.096,995
3274,508,6.1397,2003-09-07,Love Actually,7.096,7287
3275,209276,1.8805,2014-03-21,Starred Up,7.1,999
3276,24804,1.3575,2009-10-16,Black Dynamite,7.094,686
3277,10839,1.978,1977-01-29,Cross of Iron,7.094,462
3278,964,3.3599,1925-06-29,The Phantom of the Opera,7.1,390
3279,799876,4.4142,2022-02-25,The Outfit,7.093,1305
3280,563,14.3594,1997-11-07,Starship Troopers,7.093,5361
3281,1156593,18.3405,2024-12-26,Your Fault,7.09,1521
3282,11942,0.7847,1974-08-01,Bring Me the Head of Alfredo Garcia,7.092,408
3283,11620,2.2831,1951-11-08,Quo Vadis,7.092,444
3284,9787,1.5376,2005-06-03,Lords of Dogtown,7.092,789
3285,597219,1.6409,2020-05-01,The Half of It,7.091,1570
3286,591275,2.5994,2021-07-14,Fear Street: 1666,7.089,1953
3287,31602,1.7251,1966-02-18,The Chase,7.091,319
3288,2007,1.9271,1992-12-30,Lorenzo's Oil,7.091,556
3289,836225,4.0397,2022-03-11,The Exorcism of God,7.09,1136
3290,24615,1.4466,2005-02-08,Aloha Scooby-Doo!,7.09,450
3291,11634,1.2977,1998-10-23,Show Me Love,7.1,575
3292,1548,10.627,2001-07-20,Ghost World,7.09,1545
3293,1547,7.1028,1987-07-31,The Lost Boys,7.09,2244
3294,618355,1.5577,2020-02-24,Superman: Red Son,7.1,883
3295,487242,1.4423,2018-03-23,Suicide Squad: Hell to Pay,7.1,703
3296,11222,4.9506,1977-06-24,The American Friend,7.089,429
3297,11121,1.4525,1979-10-06,Tess,7.1,372
3298,7913,1.0,2006-01-26,Rang De Basanti,7.089,487
3299,20410,0.8051,2000-10-03,Scooby-Doo and the Alien Invaders,7.1,388
3300,11457,1.4787,2001-10-25,Life as a House,7.088,443
3301,420817,24.7805,2019-05-22,Aladdin,7.087,10510
3302,102651,24.3327,2014-05-28,Maleficent,7.087,13605
3303,44115,8.9032,2010-11-12,127 Hours,7.087,7967
3304,26617,1.449,1970-09-12,Five Easy Pieces,7.087,577
3305,16161,2.1166,2001-06-27,Baby Boy,7.087,338
3306,1252037,27.292,2025-09-18,The Tank,7.088,362
3307,16520,1.444,1956-06-29,The King and I,7.086,395
3308,845222,1.7292,2021-07-23,Kingdom: Ashin of the North,7.085,607
3309,763165,3.2445,2023-10-06,The Burial,7.085,592
3310,618353,2.0069,2020-10-13,DC Showcase - Batman: Death in the Family,7.085,464
3311,336843,8.875,2018-01-10,Maze Runner: The Death Cure,7.085,8289
3312,43539,3.2761,2010-11-18,The Next Three Days,7.085,3045
3313,36955,17.8078,1994-07-15,True Lies,7.086,4468
3314,14299,2.8547,2008-12-05,Cadillac Records,7.085,469
3315,11575,2.1667,1965-07-01,The Great Race,7.1,357
3316,14626,1.2949,2000-05-03,Beau Travail,7.1,351
3317,8764,2.6672,1984-06-22,Top Secret!,7.084,1356
3318,1259,2.6855,2006-12-25,Notes on a Scandal,7.1,962
3319,856289,5.2852,2023-07-15,Creation of the Gods I: Kingdom of Storms,7.084,469
3320,428836,3.9082,2019-06-28,Ophelia,7.1,595
3321,17443,1.475,1979-10-19,...And Justice for All,7.1,573
3322,1623,2.3831,1980-06-20,Brubaker,7.083,509
3323,895549,4.2504,2023-10-18,NYAD,7.082,530
3324,633515,1.074,2021-06-05,The Forgotten Battle,7.082,752
3325,11382,1.9103,1994-10-14,Bullets Over Broadway,7.082,658
3326,10868,7.0653,1988-10-14,The Accused,7.082,670
3327,1900,5.5836,2000-12-27,Traffic,7.082,2347
3328,1584,7.2791,2003-10-03,School of Rock,7.082,6067
3329,458423,4.0803,2018-07-18,Mamma Mia! Here We Go Again,7.081,3532
3330,282069,1.8187,2014-11-29,Parasyte: Part 1,7.1,303
3331,270400,1.1117,2014-11-12,Breathe,7.1,476
3332,4972,1.086,2003-03-08,The Green Butchers,7.081,328
3333,926,16.5693,1999-12-25,Galaxy Quest,7.081,2463
3334,677179,11.6152,2023-03-01,Creed III,7.08,2814
3335,203801,5.533,2015-08-13,The Man from U.N.C.L.E.,7.08,6748
3336,34070,0.6086,2000-10-06,Songs from the Second Floor,7.08,308
3337,13580,1.3983,1965-12-16,The Spy Who Came In from the Cold,7.08,326
3338,1374,5.4324,1985-11-21,Rocky IV,7.08,4730
3339,476,1.9619,1989-10-20,Drugstore Cowboy,7.1,602
3340,476,1.9619,1989-10-20,Drugstore Cowboy,7.1,602
3341,915931,1.4259,2022-09-07,Revoir Paris,7.079,340
3342,421,6.096,2004-12-10,The Life Aquatic with Steve Zissou,7.079,3105
3343,1236470,7.991,2025-09-19,The Lost Bus,7.076,638
3344,661539,4.7717,2024-12-25,A Complete Unknown,7.078,1378
3345,474354,3.267,2018-10-04,22 July,7.078,1242
3346,188538,0.7565,2013-04-21,Remember Sunday,7.1,503
3347,39057,2.5568,2009-07-18,Pokémon: Arceus and the Jewel of Life,7.078,303
3348,19265,1.3253,2009-06-19,Whatever Works,7.078,1824
3349,2671,2.0615,1998-01-31,Ring,7.1,1606
3350,401,1.945,2004-07-28,Garden State,7.079,2004
3351,428449,1.5497,2017-04-24,A Ghost Story,7.1,2459
3352,205601,2.4582,2013-05-01,Belle,7.077,718
3353,30159,1.7368,1953-02-12,I Confess,7.1,473
3354,18305,1.7725,1987-12-17,A Better Tomorrow II,7.1,307
3355,1997,1.127,2004-04-07,Two Brothers,7.075,858
3356,271714,10.1526,2015-05-29,Love & Mercy,7.077,737
3357,11937,2.4477,1989-07-01,The Gods Must Be Crazy II,7.076,537
3358,10753,4.2276,1988-08-13,Police Story 2,7.076,608
3359,1241436,10.4423,2025-04-09,Warfare,7.073,1332
3360,1306368,38.9713,2026-01-13,The Rip,7.076,1299
3361,321741,4.0154,2015-11-12,Concussion,7.075,2683
3362,22855,1.5094,2009-09-29,Superman/Batman: Public Enemies,7.074,696
3363,18912,1.6586,1983-01-01,Angst,7.074,403
3364,11772,1.3034,1963-03-28,The Haunting,7.074,700
3365,618354,1.9341,2020-08-23,Superman: Man of Tomorrow,7.073,485
3366,517331,0.8649,2018-09-28,The Realm,7.075,462
3367,399121,3.2552,2019-09-30,An Officer and a Spy,7.075,1575
3368,30197,3.4151,1968-03-18,The Producers,7.073,879
3369,11836,7.7071,2004-11-19,The SpongeBob SquarePants Movie,7.1,3141
3370,1931,1.806,2007-05-16,Stomp the Yard,7.069,503
3371,449749,0.853,2018-01-03,The Leisure Seeker,7.072,489
3372,436931,2.4532,2017-07-15,Pokémon the Movie: I Choose You!,7.072,661
3373,38397,0.5322,2002-12-13,"The Legend of Al, John and Jack",7.072,1206
3374,3291,1.2818,2005-09-16,"Good Night, and Good Luck.",7.072,1081
3375,1715,2.9772,1999-12-17,The Cider House Rules,7.072,1263
3376,653851,16.4024,2022-11-23,Devotion,7.071,807
3377,117691,1.0266,2012-06-22,Gangs of Wasseypur - Part 1,7.071,421
3378,63831,3.9243,2011-05-18,The Kid with a Bike,7.1,449
3379,14943,2.7152,2007-10-26,Crows Zero,7.071,378
3380,10994,0.9053,2002-10-11,White Oleander,7.1,414
3381,604,12.5686,2003-05-15,The Matrix Reloaded,7.07,11749
3382,340357,4.2802,2015-11-04,April and the Extraordinary World,7.069,354
3383,179150,0.681,2015-02-18,Reality,7.069,542
3384,152584,6.4535,2013-10-09,Blue Is the Warmest Color,7.1,4816
3385,82633,6.9989,2012-08-29,Lawless,7.069,3269
3386,14794,1.4104,1968-12-19,if....,7.069,401
3387,1931,1.806,2007-05-16,Stomp the Yard,7.069,503
3388,1440,3.1209,2006-10-06,Little Children,7.069,1118
3389,400090,1.8063,2018-09-23,The Nightingale,7.1,643
3390,1110358,1.3167,2023-08-02,Yannick,7.066,698
3391,585077,1.2039,2019-06-07,Children of the Sea,7.066,333
3392,283552,3.2222,2016-09-02,The Light Between Oceans,7.066,1408
3393,251519,1.6275,2014-05-13,Son of Batman,7.066,1127
3394,102899,11.095,2015-07-14,Ant-Man,7.066,20659
3395,63310,0.4051,2011-02-02,Bullhead,7.066,381
3396,39254,10.9313,2011-09-28,Real Steel,7.066,8946
3397,14291,1.3311,1993-08-13,Searching for Bobby Fischer,7.066,627
3398,11934,2.0402,1994-03-11,The Hudsucker Proxy,7.066,1158
3399,388399,9.0196,2016-12-12,Patriots Day,7.065,2797
3400,172106,0.7862,2013-03-13,Jappeloup,7.1,394
3401,11446,1.3216,1996-03-22,Welcome to the Dollhouse,7.1,491
3402,11209,4.4918,1960-10-23,The Alamo,7.065,383
3403,10531,1.1414,1994-05-04,Death and the Maiden,7.1,547
3404,6173,0.7481,2001-10-17,Read My Lips,7.1,364
3405,2907,8.5778,1991-11-22,The Addams Family,7.1,4973
3406,340613,2.7122,2017-08-17,The Wife,7.1,1108
3407,269494,0.9076,2014-05-29,A Hard Day,7.064,493
3408,13041,1.0666,1970-12-18,El Topo,7.1,651
3409,12481,3.4746,1971-10-23,The Big Boss,7.064,815
3410,657,7.3905,1963-10-10,From Russia with Love,7.064,3289
3411,646380,6.8833,2021-12-08,Don't Look Up,7.063,9149
3412,558582,1.3182,2020-03-06,First Cow,7.1,521
3413,391757,4.0349,2016-06-07,Never Back Down: No Surrender,7.1,502
3414,7980,4.2561,2009-12-26,The Lovely Bones,7.063,4874
3415,458,2.0162,1956-12-01,Sissi: The Young Empress,7.063,366
3416,16007,2.6415,2006-06-17,Death Note,7.062,769
3417,10653,1.6395,1955-06-03,The Seven Year Itch,7.062,959
3418,606954,0.4186,2020-01-30,I Hate Summer,7.061,980
3419,438740,0.9575,2017-09-22,Salyut-7,7.061,497
3420,433945,1.3035,2017-07-16,Tokyo Ghoul,7.061,374
3421,15060,1.0532,2009-02-06,Futurama: Into the Wild Green Yonder,7.061,592
3422,1064213,16.5182,2024-10-14,Anora,7.1,2990
3423,103731,3.0513,2013-04-26,Mud,7.06,2999
3424,91342,1.4855,2012-02-22,Barbie in A Mermaid Tale 2,7.06,473
3425,49444,8.6613,2011-05-25,Kung Fu Panda 2,7.1,7747
3426,4464,2.4308,2003-07-22,Seabiscuit,7.06,914
3427,2109,19.9369,1998-09-18,Rush Hour,7.06,5524
3428,860,3.5858,1983-06-03,WarGames,7.06,2092
3429,785538,0.9855,2021-10-22,7 Prisoners,7.058,369
3430,574475,16.6968,2025-05-14,Final Destination Bloodlines,7.058,2673
3431,553600,1.5065,2019-05-24,Promare,7.058,304
3432,276907,9.2353,2015-09-09,Legend,7.058,4197
3433,40751,1.7198,1994-09-17,Ashes of Time,7.1,388
3434,9798,9.1432,1998-11-20,Enemy of the State,7.058,4166
3435,744,22.0498,1986-05-16,Top Gun,7.058,9368
3436,468,2.1416,1991-02-01,My Own Private Idaho,7.1,1212
3437,1151244,1.684,2024-09-19,Vermiglio,7.057,305
3438,611698,3.0833,2021-02-12,A Writer's Odyssey,7.057,357
3439,308639,2.3705,2015-06-19,Dope,7.057,1557
3440,127517,2.0061,2013-04-12,Disconnect,7.057,1190
3441,77495,1.8474,2011-10-14,Sleep Tight,7.057,1199
3442,33613,1.7587,2009-11-27,The Girl Who Kicked the Hornet's Nest,7.057,1457
3443,15767,1.7026,2004-12-04,Godzilla: Final Wars,7.1,353
3444,653346,10.1985,2024-05-08,Kingdom of the Planet of the Apes,7.1,4118
3445,16140,1.6609,2006-10-28,Death Note: The Last Name,7.056,537
3446,12613,1.1663,1994-08-06,Street Fighter II: The Animated Movie,7.1,306
3447,11646,1.799,1981-08-13,Gallipoli,7.056,525
3448,7326,9.1643,2007-12-05,Juno,7.056,7539
3449,4512,4.7739,2007-09-20,The Assassination of Jesse James by the Coward Robert Ford,7.056,2714
3450,364051,6.7558,2016-02-10,The Innocents,7.055,419
3451,123377,0.4264,2012-09-06,Pieta,7.055,407
3452,20770,2.4179,2000-07-07,But I'm a Cheerleader,7.1,805
3453,12579,0.7319,1981-09-30,The Woman Next Door,7.054,331
3454,644,5.7695,2001-06-29,A.I. Artificial Intelligence,7.054,6544
3455,203,13.9913,1973-10-14,Mean Streets,7.054,2262
3456,1198994,32.5629,2026-01-22,Send Help,7.1,346
3457,542921,0.7806,2019-09-27,While at War,7.053,303
3458,455207,3.5806,2018-08-15,Crazy Rich Asians,7.053,3913
3459,27725,1.2115,1941-01-23,High Sierra,7.1,348
3460,12584,16.8259,1976-07-21,The Shootist,7.053,371
3461,912480,3.3006,2023-08-11,Red Rooms,7.052,443
3462,512263,4.1574,2019-09-28,Honey Boy,7.052,721
3463,6106,1.2902,1986-04-23,Salvador,7.052,397
3464,3059,1.1125,1916-09-04,Intolerance: Love's Struggle Throughout the Ages,7.052,367
3465,754,9.4795,1997-06-27,Face/Off,7.052,5780
3466,823464,18.4267,2024-03-27,Godzilla x Kong: The New Empire,7.051,4532
3467,680531,1.5842,2021-09-12,The Mad Women's Ball,7.051,346
3468,581389,2.381,2021-02-05,Space Sweepers,7.051,1127
3469,560044,1.8761,2020-04-22,The Willoughbys,7.047,956
3470,507076,4.3872,2018-09-19,Climax,7.1,2297
3471,10712,1.5463,2002-11-08,Far from Heaven,7.1,663
3472,10514,5.5734,1971-03-12,The Andromeda Strain,7.1,763
3473,10162,0.9954,1998-11-20,Waking Ned,7.1,335
3474,624,3.5701,1969-06-26,Easy Rider,7.051,2111
3475,241,6.5227,1994-08-26,Natural Born Killers,7.051,3713
3476,664996,2.3428,2022-03-24,Apollo 10½: A Space Age Childhood,7.05,310
3477,412202,0.7008,2017-02-15,Handsome Devil,7.05,690
3478,64720,2.2157,2011-09-30,Take Shelter,7.05,1937
3479,38438,0.4923,1979-12-19,Buffet Froid,7.05,339
3480,173,2.8407,1954-12-23,"20,000 Leagues Under the Sea",7.05,961
3481,522478,3.1806,2021-03-25,Peter Rabbit 2: The Runaway,7.049,874
3482,38810,3.52,2009-10-22,Dogtooth,7.049,2560
3483,19576,5.4029,2000-03-04,One Piece: The Movie,7.049,381
3484,13751,1.3743,2006-04-28,Akeelah and the Bee,7.049,346
3485,11000,15.9653,1996-03-03,The Birdcage,7.049,1320
3486,8095,14.2002,1963-06-12,Cleopatra,7.049,834
3487,1088,1.5827,2003-01-30,Whale Rider,7.049,438
3488,823951,3.3975,2022-10-05,November,7.048,870
3489,570131,1.2034,2019-01-18,Love at Second Sight,7.048,865
3490,42246,2.5882,2005-09-03,Tom and Jerry: The Fast and the Furry,7.048,302
3491,378,6.5573,1987-03-13,Raising Arizona,7.048,2287
3492,846433,1.7757,2022-09-22,The Enforcer,7.047,476
3493,560044,1.8761,2020-04-22,The Willoughbys,7.047,956
3494,454640,6.3278,2019-08-02,The Angry Birds Movie 2,7.047,1849
3495,206563,3.0536,2014-10-09,Trash,7.047,648
3496,56020,0.3553,1998-10-16,Radiofreccia,7.047,352
3497,9994,6.4774,1986-07-02,The Great Mouse Detective,7.047,1773
3498,1103,3.2619,1981-05-23,Escape from New York,7.0,3444
3499,559969,4.3302,2019-10-11,El Camino: A Breaking Bad Movie,7.046,5519
3500,7299,11.3303,2002-12-06,Equilibrium,7.046,4911
3501,1090,5.5905,1999-04-16,The Thirteenth Floor,7.046,1474
3502,777270,9.1183,2021-11-12,Belfast,7.045,1641
3503,653349,4.8729,2021-08-27,Vacation Friends,7.043,866
3504,559969,4.3302,2019-10-11,El Camino: A Breaking Bad Movie,7.045,5518
3505,62211,15.038,2013-06-19,Monsters University,7.045,11178
3506,43641,1.312,2010-11-16,Superman/Shazam!: The Return of Black Adam,7.045,1535
3507,31587,1.0491,1973-04-11,Scarecrow,7.045,335
3508,15765,1.1733,1993-06-09,What's Love Got to Do with It,7.045,354
3509,11224,15.3421,1950-02-22,Cinderella,7.044,7062
3510,10339,2.2629,1956-06-27,Moby Dick,7.045,458
3511,1694,9.6794,1985-10-18,Re-Animator,7.0,1642
3512,532814,2.2706,2018-09-09,The Bad Seed,7.041,319
3513,394374,0.8893,2016-04-21,At the End of the Tunnel,7.044,442
3514,369972,14.9768,2018-10-10,First Man,7.044,5575
3515,10974,4.7376,1986-08-16,Armour of God,7.044,632
3516,585083,6.8935,2022-01-31,Hotel Transylvania: Transformania,7.042,2976
3517,282631,1.8894,2014-07-30,The Admiral: Roaring Currents,7.043,317
3518,9766,1.9799,2006-09-15,Gridiron Gang,7.043,1063
3519,4886,1.0358,1945-10-31,And Then There Were None,7.043,404
3520,320006,1.1944,2015-04-15,Taxi,7.042,466
3521,196024,1.4273,2013-10-03,The Keeper of Lost Causes,7.042,814
3522,16211,3.9065,1965-06-23,The Sons of Katie Elder,7.042,301
3523,483,5.142,1990-08-17,Wild at Heart,7.043,1862
3524,636565,0.9633,2020-12-09,Rose Island,7.041,1390
3525,567609,10.9541,2019-08-21,Ready or Not,7.041,5114
3526,248933,0.8742,2014-02-13,The Dark Valley,7.0,417
3527,14859,0.8166,2008-09-13,Keith,7.0,470
3528,11042,0.955,2003-05-01,The Barbarian Invasions,7.041,395
3529,8428,1.1364,1990-08-22,Pump Up the Volume,7.041,393
3530,5488,0.9269,2006-12-07,"I'm a Cyborg, But That's OK",7.041,584
3531,35558,2.4543,2010-02-14,Starstruck,7.04,1227
3532,30890,1.2702,1987-01-30,Radio Days,7.0,630
3533,787699,20.0586,2023-12-06,Wonka,7.039,4284
3534,787428,3.0072,2020-11-20,Two Distant Strangers,7.037,505
3535,382399,4.8031,2016-04-08,High Strung,7.039,934
3536,79113,0.9798,2011-12-03,A Princess for Christmas,7.039,410
3537,13925,1.0839,1986-08-17,Luxo Jr.,7.039,648
3538,9533,2.7241,2002-10-02,Red Dragon,7.039,4629
3539,800787,2.4913,2023-03-23,A Good Person,7.038,418
3540,127380,16.7879,2016-06-16,Finding Dory,7.038,12557
3541,120475,2.2178,2011-12-17,Dragon Ball: Episode of Bardock,7.038,434
3542,43347,6.0833,2010-11-22,Love & Other Drugs,7.038,5508
3543,25736,3.8216,1946-05-02,The Postman Always Rings Twice,7.0,368
3544,19833,1.3282,2009-01-22,In the Loop,7.038,759
3545,9766,1.9799,2006-09-15,Gridiron Gang,7.038,1064
3546,787428,3.0072,2020-11-20,Two Distant Strangers,7.037,505
3547,524348,4.037,2019-09-12,The Report,7.037,1132
3548,15765,1.1733,1993-06-09,What's Love Got to Do with It,7.037,355
3549,11085,1.6064,1962-11-08,Mutiny on the Bounty,7.0,338
3550,755,10.5109,1996-01-19,From Dusk Till Dawn,7.037,6386
3551,174,4.1529,1991-12-06,Star Trek VI: The Undiscovered Country,7.037,1388
3552,20077,1.2147,2005-10-18,The Batman vs. Dracula,7.036,398
3553,10865,4.6448,2001-06-02,Atlantis: The Lost Empire,7.036,5067
3554,554600,1.9432,2019-01-11,Uri: The Surgical Strike,7.035,463
3555,12335,1.6883,1971-10-07,Bedknobs and Broomsticks,7.0,1012
3556,11797,8.3302,1985-08-02,Fright Night,7.035,1516
3557,10439,9.365,1993-07-16,Hocus Pocus,7.035,3246
3558,9036,11.0581,2006-02-17,Eight Below,7.035,1795
3559,445,1.753,2005-10-05,Caché,7.035,1227
3560,445,1.753,2005-10-05,Caché,7.035,1227
3561,833417,0.5488,2022-03-16,Full Time,7.034,312
3562,536554,9.2072,2022-12-28,M3GAN,7.034,4691
3563,71524,1.1065,1982-10-27,Ace of Aces,7.034,343
3564,36658,1.061,2003-04-27,X2,7.034,10752
3565,15058,2.9376,2004-01-20,Speak,7.034,509
3566,838,6.378,1973-08-11,American Graffiti,7.034,1547
3567,267,1.1765,1997-10-10,Live Flesh,7.0,724
3568,588921,1.6943,2021-02-09,Ainbo: Spirit of the Amazon,7.0,459
3569,130150,3.1625,2013-12-27,Labor Day,7.033,1293
3570,37347,1.6802,1948-05-21,Fort Apache,7.033,398
3571,18299,0.9817,1957-05-29,Love in the Afternoon,7.033,331
3572,16198,1.7754,1999-07-17,My Neighbors the Yamadas,7.033,592
3573,4727,1.7792,1964-09-08,Le Gendarme de Saint-Tropez,7.034,914
3574,418680,7.4349,2017-09-29,Goodbye Christopher Robin,7.032,878
3575,8408,5.4912,1985-07-03,Day of the Dead,7.032,1354
3576,8053,1.0355,2005-11-17,The Three Burials of Melquiades Estrada,7.032,632
3577,487672,1.8772,2019-01-13,Reign of the Supermen,7.0,683
3578,12259,1.445,1975-08-15,Sholay,7.031,304
3579,1034716,10.9143,2026-01-06,People We Meet on Vacation,7.0,480
3580,639933,10.0091,2022-04-07,The Northman,7.03,4918
3581,522241,7.7985,2020-01-24,The Courier,7.033,1294
3582,365222,4.5217,2015-12-24,Ip Man 3,7.03,1894
3583,254201,1.0926,2014-10-02,The Absent One,7.03,682
3584,77174,6.1954,2012-08-03,ParaNorman,7.03,2725
3585,8833,1.2019,1984-10-19,Double Trouble,7.03,570
3586,266,7.9213,1963-10-29,Contempt,7.03,939
3587,157370,5.5184,2013-10-16,Kill Your Darlings,7.029,1395
3588,16608,1.5387,2005-10-06,The Proposition,7.029,694
3589,15016,5.4325,2003-09-27,Barbie of Swan Lake,7.029,1127
3590,11815,2.0624,1958-07-16,The Fly,7.029,592
3591,1307078,4.6286,2025-07-31,My Oxford Year,7.026,551
3592,480530,8.0022,2018-11-21,Creed II,7.028,5713
3593,366924,1.3608,2016-01-19,Batman: Bad Blood,7.028,971
3594,42661,3.7544,1958-06-11,The Vikings,7.028,357
3595,31906,1.3603,1971-01-23,The Beguiled,7.028,478
3596,1011477,15.8422,2025-05-08,Karate Kid: Legends,7.024,1119
3597,11848,1.197,1954-12-28,Animal Farm,7.0,524
3598,2044,3.4138,2006-06-16,The Lake House,7.027,2933
3599,293,2.7501,1992-10-09,A River Runs Through It,7.0,1171
3600,779782,3.7342,2022-10-19,The School for Good and Evil,7.026,1355
3601,555561,0.5496,2018-12-13,The Invisible Witness,7.026,340
3602,254320,13.0121,2015-10-15,The Lobster,7.025,6771
3603,17917,1.8403,1968-09-26,Oliver!,7.026,470
3604,3293,1.4719,1999-06-20,Pirates of Silicon Valley,7.026,586
3605,445651,3.317,2018-07-25,The Darkest Minds,7.024,2904
3606,246355,1.0452,2003-10-16,Saw,7.025,660
3607,15775,2.7828,2004-01-23,If Only,7.025,632
3608,12920,1.478,2005-09-10,Dreamer: Inspired By a True Story,7.025,428
3609,4104,1.5112,1993-04-16,Benny & Joon,7.025,813
3610,942,6.9378,1989-07-07,Lethal Weapon 2,7.025,3661
3611,393519,6.7038,2017-03-10,Raw,7.025,3364
3612,36950,1.1934,2010-06-27,You Don't Know Jack,7.0,425
3613,9393,1.2785,2004-07-04,Before the Fall,7.0,355
3614,1807,1.8131,2003-09-20,Elephant,7.024,2062
3615,518896,2.7415,2022-08-05,Warriors of Future,7.023,475
3616,8222,1.5811,1991-10-23,High Heels,7.023,448
3617,5693,2.7189,1986-11-14,Hoosiers,7.023,576
3618,799583,6.4819,2024-04-18,The Ministry of Ungentlemanly Warfare,7.024,1770
3619,641662,2.8405,2020-12-30,Pieces of a Woman,7.024,1289
3620,920,11.9141,2006-06-08,Cars,7.022,14919
3621,926899,8.8036,2022-01-14,The House,7.021,1113
3622,661914,1.173,2020-12-25,One Night in Miami...,7.021,681
3623,517148,0.8972,2019-06-20,Beanpole,7.021,350
3624,62204,1.9625,1981-12-16,Quest for Fire,7.021,562
3625,62177,19.2298,2012-06-21,Brave,7.0,14003
3626,26610,4.2533,1997-03-14,Insomnia,7.021,310
3627,1682,1.5856,1964-04-29,Mothra vs. Godzilla,7.021,326
3628,1073,2.0786,1999-03-19,Arlington Road,7.021,1203
3629,402897,6.0754,2017-10-20,The Death of Stalin,7.02,2089
3630,2064,2.8277,1995-04-21,While You Were Sleeping,7.02,1970
3631,35,7.2287,2007-07-25,The Simpsons Movie,7.02,8444
3632,558915,2.1122,2023-12-25,The Color Purple,7.019,346
3633,341744,1.6701,2015-09-24,Truman,7.019,391
3634,340027,1.0145,2017-02-22,Brain on Fire,7.019,1419
3635,73532,1.1534,2011-09-08,Le Havre,7.0,471
3636,15789,2.8145,1995-04-05,A Goofy Movie,7.019,1880
3637,11975,2.3382,1997-11-18,The Rainmaker,7.019,1436
3638,2998,0.9806,1970-03-26,Zabriskie Point,7.019,431
3639,954,16.3209,1996-05-22,Mission: Impossible,7.019,9822
3640,26039,5.6456,1967-08-30,Point Blank,7.0,420
3641,19186,2.5423,1961-05-13,The Parent Trap,7.018,414
3642,5335,6.5205,1968-09-07,Theorem,7.0,438
3643,722913,8.6744,2021-01-29,Malcolm & Marie,7.017,1439
3644,429197,4.6783,2018-12-25,Vice,7.017,3545
3645,385128,10.2152,2021-05-19,F9,7.017,7609
3646,38055,10.9498,2010-10-28,Megamind,7.017,7350
3647,14613,0.902,2008-09-02,Next Avengers: Heroes of Tomorrow,7.0,303
3648,10607,10.6788,1996-01-12,Don't Be a Menace to South Central While Drinking Your Juice in the Hood,7.017,1453
3649,1495,14.9845,2005-05-03,Kingdom of Heaven,7.017,4803
3650,13928,0.7699,1989-11-23,Knick Knack,7.016,602
3651,11690,15.5456,1988-02-26,Bloodsport,7.016,2080
3652,923667,4.295,2024-05-01,Twilight of the Warriors: Walled In,7.0,422
3653,696157,1.2836,2022-12-20,Whitney Houston: I Wanna Dance with Somebody,7.015,509
3654,497828,3.52,2022-09-18,Triangle of Sadness,7.015,2757
3655,432068,2.0734,2017-10-04,C'est la vie!,7.015,1561
3656,300669,8.0009,2016-06-08,Don't Breathe,7.015,7856
3657,249688,0.6006,2015-07-31,The End of the Tour,7.0,600
3658,44009,0.9433,2010-11-05,Another Year,7.015,427
3659,11831,0.9127,1997-12-10,Amistad,7.0,1390
3660,2769,1.1354,1951-09-26,An American in Paris,7.0,635
3661,1382,2.3317,2005-06-17,Me and You and Everyone We Know,7.0,365
3662,1084199,12.3264,2025-01-22,Companion,7.014,2112
3663,522039,1.0245,2019-06-07,The Last Black Man in San Francisco,7.0,351
3664,497828,3.52,2022-09-18,Triangle of Sadness,7.015,2757
3665,593660,0.515,2019-09-05,My Brother Chases Dinosaurs,7.013,306
3666,236028,0.8869,2013-11-12,Castello Cavalcanti,7.013,307
3667,43959,2.0121,2011-04-08,Soul Surfer,7.013,1226
3668,15015,2.5577,2002-10-01,Barbie as Rapunzel,7.013,1269
3669,2028,4.3526,1989-04-14,Say Anything...,7.013,1084
3670,744275,5.9469,2021-09-01,After We Fell,7.012,2703
3671,670292,20.4288,2023-09-27,The Creator,7.011,3694
3672,542178,15.6475,2021-10-21,"The French Dispatch of the Liberty, Kansas Evening Sun",7.012,2914
3673,505600,2.6709,2019-05-24,Booksmart,7.012,2804
3674,233063,1.2436,2013-11-07,Suck Me Shakespeer,7.012,1746
3675,20766,4.4821,2009-11-25,The Road,7.012,4184
3676,14139,2.164,2007-11-01,Timecrimes,7.012,1405
3677,281,6.8852,1995-10-13,Strange Days,7.012,1497
3678,832964,3.1121,2024-09-12,Lee,7.013,586
3679,556678,16.9486,2020-02-13,Emma.,7.012,1913
3680,670292,20.4288,2023-09-27,The Creator,7.012,3695
3681,399057,6.2027,2017-10-20,The Killing of a Sacred Deer,7.011,4361
3682,14886,2.6925,1973-12-11,The Last Detail,7.011,396
3683,12143,4.5548,1992-11-20,Bad Lieutenant,7.0,939
3684,2164,13.3839,1994-10-28,Stargate,7.011,3713
3685,505642,12.6936,2022-11-09,Black Panther: Wakanda Forever,7.01,7310
3686,36657,0.9861,2000-07-13,X-Men,7.01,12028
3687,24752,2.6794,1991-07-20,Dragon Ball Z: Cooler's Revenge,7.01,727
3688,13666,4.9259,1941-12-09,The Wolf Man,7.01,667
3689,11652,1.8929,2006-08-25,Invincible,7.01,1007
3690,11454,0.1481,1986-08-14,Manhunter,7.0,1484
3691,10220,1.9668,1998-09-11,Rounders,7.01,1875
3692,3170,9.5893,1942-08-14,Bambi,7.01,5964
3693,748783,10.9273,2024-04-30,The Garfield Movie,7.009,1399
3694,582873,5.4822,2019-09-04,Martin Eden,7.0,682
3695,228970,5.5468,2014-12-05,Wild,7.009,2642
3696,5919,5.6754,1974-12-14,The Towering Inferno,7.009,1013
3697,2623,3.8508,1982-07-28,An Officer and a Gentleman,7.009,1172
3698,864,3.4934,1993-10-01,Cool Runnings,7.009,2240
3699,893723,5.5535,2023-09-21,PAW Patrol: The Mighty Movie,7.008,533
3700,22201,3.1738,1957-05-30,Gunfight at the O.K. Corral,7.008,371
3701,11336,6.8922,1983-10-21,The Dead Zone,7.0,1781
3702,10220,1.9668,1998-09-11,Rounders,7.01,1875
3703,10130,1.1318,1988-09-23,Gorillas in the Mist,7.0,633
3704,864,3.4934,1993-10-01,Cool Runnings,7.009,2240
3705,961268,5.4869,2023-10-06,Ballerina,7.005,665
3706,461955,0.8072,2017-06-14,Rakka,7.006,338
3707,408508,0.9801,2016-10-07,Blue Jay,7.006,525
3708,48303,1.1697,2010-05-19,Certified Copy,7.006,439
3709,11973,2.2897,2000-12-25,Thirteen Days,7.006,811
3710,2604,2.3887,1989-12-20,Born on the Fourth of July,7.0,1846
3711,1011985,15.6361,2024-03-02,Kung Fu Panda 4,7.004,3393
3712,472451,4.8032,2018-09-24,Boy Erased,7.005,1468
3713,2742,3.8735,1991-12-27,Naked Lunch,7.002,1178
3714,26748,1.6119,1996-06-21,Lone Star,7.004,400
3715,25103,2.5137,1957-11-09,Night of the Demon,7.004,302
3716,1771,8.6758,2011-07-22,Captain America: The First Avenger,7.005,22503
3717,664413,5.4623,2020-02-07,365 Days,7.0,9424
3718,579583,1.5099,2020-07-22,The King of Staten Island,7.003,1099
3719,328387,10.9387,2016-06-27,Nerve,7.003,6964
3720,82684,1.0907,2012-10-25,Chasing Mavericks,7.003,587
3721,19971,3.4379,1976-12-25,The Little Girl Who Lives Down the Lane,7.003,337
3722,19703,0.5301,2008-09-05,A Wednesday!,7.003,351
3723,9905,21.8998,1994-12-22,Shallow Grave,7.003,1111
3724,1211472,11.6682,2024-11-07,September 5,7.002,517
3725,925263,0.738,2023-04-20,A Brighter Tomorrow,7.002,333
3726,791177,3.5061,2022-11-18,Bones and All,7.002,1584
3727,385687,28.5584,2023-05-17,Fast X,7.001,6221
3728,333352,2.3209,2015-09-07,Eye in the Sky,7.002,1699
3729,71864,1.8286,2012-08-15,The Odd Life of Timothy Green,7.004,1241
3730,62214,9.7778,2012-10-04,Frankenweenie,7.002,3572
3731,9799,1.3971,2001-06-22,The Fast and the Furious,7.002,10672
3732,7270,2.0587,2003-09-12,Matchstick Men,7.002,1920
3733,2742,3.8735,1991-12-27,Naked Lunch,7.002,1178
3734,847,11.9511,1988-05-20,Willow,7.002,2113
3735,1010818,4.5083,2022-08-10,Groot's First Steps,7.001,369
3736,446354,15.43,2017-12-22,The Post,7.002,4839
3737,256835,2.4421,2014-12-02,Toy Story That Time Forgot,7.001,1032
3738,14411,3.6803,2003-07-02,Sinbad: Legend of the Seven Seas,7.001,2162
3739,12665,2.7454,1995-10-27,Powder,7.0,703
3740,912916,2.9389,2023-10-19,The Other Zoey,7.0,478
3741,845781,9.3602,2024-10-31,Red One,6.999,2955
3742,11897,2.4893,1962-11-02,How the West Was Won,7.0,479
3743,797394,1.111,2021-03-18,Secret Magic Control Agency,6.999,392
3744,429191,1.1641,2017-04-06,A Fantastic Woman,7.0,735
3745,385103,12.5317,2020-07-08,Scoob!,6.999,1786
3746,19562,1.1358,1973-11-23,The Magnificent One,7.0,374
3747,1730,1.8555,2006-12-06,Inland Empire,6.999,1234
3748,909,4.3408,1944-11-28,Meet Me in St. Louis,7.006,422
3749,1241982,22.2878,2024-11-21,Moana 2,6.998,2959
3750,696806,6.352,2022-03-11,The Adam Project,6.998,4814
3751,37056,3.463,2010-05-13,Letters to Juliet,6.998,2986
3752,34067,1.8182,2005-07-16,Pokémon: Lucario and the Mystery of Mew,6.998,326
3753,28384,1.4431,1992-09-18,Husbands and Wives,6.998,486
3754,546,1.1993,2005-02-14,Transamerica,6.998,500
3755,457799,4.4386,2019-05-02,"Extremely Wicked, Shockingly Evil and Vile",6.998,3502
3756,333371,7.4991,2016-03-10,10 Cloverfield Lane,6.998,8527
3757,332283,6.58,2017-08-06,Mary Shelley,6.997,1050
3758,24589,1.083,2009-11-10,Dug's Special Mission,6.997,440
3759,13378,1.8153,2004-11-09,Mickey's Twice Upon a Christmas,6.997,473
3760,526,11.8304,1985-03-27,Ladyhawke,6.997,1234
3761,49009,4.4319,2010-11-22,The Way Back,6.996,1720
3762,310131,15.3998,2016-02-19,The Witch,6.995,7526
3763,298382,3.938,2015-10-29,The Dressmaker,7.0,1742
3764,17264,1.7321,1979-10-13,The Black Stallion,6.995,318
3765,2061,1.5449,1996-08-30,Pusher,7.0,835
3766,232,1.9192,1983-10-09,Rumble Fish,7.0,747
3767,528888,1.1451,2019-10-04,Dolemite Is My Name,6.994,1248
3768,245842,2.194,2022-01-21,The King's Daughter,6.994,714
3769,11826,3.2563,2001-01-12,Sexy Beast,6.994,869
3770,519182,18.9753,2024-06-20,Despicable Me 4,6.993,3089
3771,97630,6.2336,2012-12-19,Zero Dark Thirty,6.993,4806
3772,12089,1.1077,1972-12-06,The Tall Blond Man with One Black Shoe,7.0,471
3773,763215,7.4854,2024-03-07,Damsel,6.992,2708
3774,745881,3.3808,2021-07-14,The Medium,6.992,727
3775,651070,5.5409,2020-01-17,A Fall from Grace,6.992,974
3776,506281,1.6164,2021-02-12,The World to Come,6.992,383
3777,366564,0.4352,2015-12-09,Comment c'est loin,6.992,686
3778,285783,2.5171,2015-09-30,The Walk,6.992,3342
3779,440642,0.7218,2017-04-06,The Spacewalker,7.0,344
3780,263109,2.6498,2015-02-05,Shaun the Sheep Movie,7.0,1487
3781,153158,12.3028,2013-07-18,Underdogs,6.991,540
3782,21208,8.8398,2009-07-24,Orphan,6.991,5580
3783,695721,10.5997,2023-11-15,The Hunger Games: The Ballad of Songbirds & Snakes,6.99,3400
3784,524251,2.7009,2019-09-11,I See You,6.99,1602
3785,460465,21.4021,2021-04-07,Mortal Kombat,6.99,6210
3786,325690,0.5789,2015-02-19,The Legendary Giulia and Other Miracles,6.99,531
3787,87825,2.1723,2012-09-21,Trouble with the Curve,6.99,1677
3788,84199,1.6495,2012-10-19,The First Time,6.99,2143
3789,24253,1.6745,2009-09-18,The Girl Who Played with Fire,6.99,1769
3790,23202,3.0858,2007-12-09,Trick 'r Treat,6.99,2029
3791,11219,4.2,1955-09-30,The Trouble with Harry,7.0,887
3792,9427,2.0004,1997-08-13,The Full Monty,7.0,1761
3793,101731,2.0486,2012-07-06,The Magic of Belle Isle,6.989,440
3794,14030,2.3969,1969-12-12,"Hello, Dolly!",6.989,375
3795,11689,1.2905,1977-04-01,Crime Busters,7.0,700
3796,8293,2.6396,1992-03-13,Howards End,6.989,587
3797,646,7.1841,1962-10-07,Dr. No,6.989,3967
3798,556803,2.3586,2018-10-25,The Princess Switch,7.0,2270
3799,11360,6.0349,1941-10-31,Dumbo,6.988,5233
3800,556803,2.3586,2018-10-25,The Princess Switch,7.0,2270
3801,606679,4.7463,2020-06-10,The High Note,7.0,468
3802,420821,6.2685,2022-05-20,Chip 'n Dale: Rescue Rangers,6.986,1339
3803,50472,0.1984,2006-11-26,Anplagghed al Cinema,7.0,344
3804,13320,1.966,1957-02-13,Funny Face,7.0,718
3805,11360,6.0349,1941-10-31,Dumbo,6.988,5232
3806,8841,1.0518,2008-09-24,The Class,6.986,710
3807,5698,0.6052,1903-12-07,The Great Train Robbery,6.987,684
3808,300,0.9103,2006-06-25,The Science of Sleep,6.987,820
3809,1242011,8.938,2025-07-28,Together,6.985,961
3810,332872,18.9244,2016-04-08,Julieta,6.986,906
3811,103328,1.5104,2012-07-02,Holy Motors,7.0,1231
3812,50393,1.7458,2010-11-26,Kung Fu Panda Holiday,6.986,366
3813,26428,2.8284,2009-05-17,Agora,6.986,1528
3814,7304,1.5827,2006-01-06,Running Scared,7.0,1121
3815,6878,2.2924,1993-02-03,Homeward Bound: The Incredible Journey,6.986,1104
3816,811367,2.8651,2021-04-30,22 vs. Earth,6.985,481
3817,97367,6.1766,2013-03-20,The Place Beyond the Pines,7.0,5108
3818,67913,1.5381,2011-07-07,The Guard,6.985,1360
3819,14070,3.8691,2008-12-25,Ghajini,6.985,436
3820,11703,1.5312,1985-07-26,Kiss of the Spider Woman,6.985,333
3821,9696,2.4255,2001-12-22,Ichi the Killer,7.0,1076
3822,615774,1.2979,2019-09-03,Scooby-Doo! Return to Zombie Island,6.984,951
3823,13192,6.246,1988-10-29,Moonwalker,7.0,605
3824,9430,4.6153,1999-04-09,Go,6.984,802
3825,398,1.9017,2005-09-30,Capote,6.984,1601
3826,12783,3.9718,2008-09-05,The Duchess,6.983,1785
3827,10236,2.4455,1973-10-17,The Way We Were,7.0,504
3828,4148,3.6841,2008-12-19,Revolutionary Road,6.983,4056
3829,1485,1.1982,1971-02-03,Get Carter,6.983,543
3830,1007734,17.5001,2025-08-13,Nobody 2,6.982,1301
3831,9555,1.2384,2002-02-04,Rabbit-Proof Fence,6.982,384
3832,297556,1.5772,2015-01-13,Justice League: Throne of Atlantis,6.98,981
3833,160588,6.2889,2013-08-01,Blue Jasmine,6.981,3604
3834,53487,0.8948,2011-08-24,This Must Be the Place,7.0,1293
3835,525183,1.8402,2019-02-01,Paddleton,6.98,300
3836,287947,17.0737,2019-03-29,Shazam!,6.98,10082
3837,154030,1.2874,2012-12-25,The Tower,6.979,313
3838,85739,2.9583,2012-01-27,A.C.A.B. - All Cops Are Bastards,6.979,851
3839,11893,4.5759,1985-11-15,Runaway Train,6.979,630
3840,628534,1.7838,2021-01-13,The White Tiger,6.978,969
3841,615665,3.2303,2020-10-27,Holidate,6.978,2330
3842,523777,1.6708,2018-09-07,Next Gen,6.978,832
3843,64685,1.3383,2011-12-25,Extremely Loud & Incredibly Close,6.978,2112
3844,11576,5.4623,1963-11-07,"It's a Mad, Mad, Mad, Mad World",6.978,667
3845,10995,9.8444,1992-01-22,The Lover,6.978,744
3846,9392,8.5581,2005-07-08,The Descent,6.978,4296
3847,639720,7.5581,2024-05-08,IF,6.977,1553
3848,504827,1.8683,2022-05-26,The Bob's Burgers Movie,6.977,352
3849,458737,9.832,2018-05-18,First Reformed,6.977,1434
3850,381356,0.9576,2016-03-30,Five,6.977,1330
3851,140870,0.8277,2013-11-17,Minuscule: Valley of the Lost Ants,6.977,470
3852,854,16.214,1994-07-29,The Mask,6.977,11059
3853,978592,5.2419,2024-03-21,Sleeping Dogs,6.976,564
3854,11631,14.6811,2008-07-03,Mamma Mia!,7.0,6914
3855,11616,1.3829,1983-02-01,Go for It,7.0,546
3856,11006,2.5791,1977-05-27,Smokey and the Bandit,6.976,781
3857,4946,2.1523,1969-01-31,The Swimming Pool,6.976,557
3858,1255,3.4648,2006-07-27,The Host,6.975,3057
3859,501633,0.5767,2019-01-09,The Invisibles,7.0,381
3860,379149,18.3898,2017-09-28,The Foreigner,7.0,2869
3861,283564,0.8739,2014-08-02,SlugTerra: Return of the Elementals,6.974,348
3862,9487,13.6746,1998-11-25,A Bug's Life,6.974,9628
3863,9390,16.75,1996-12-13,Jerry Maguire,6.974,3620
3864,4170,1.1918,2007-01-23,Trade,6.974,305
3865,1138194,7.9106,2024-10-31,Heretic,6.973,2499
3866,646097,6.4081,2024-08-27,Rebel Ridge,6.972,1544
3867,87093,2.2025,2014-12-24,Big Eyes,6.973,3586
3868,1024,1.9342,1994-09-12,Heavenly Creatures,6.973,1018
3869,894205,6.2677,2022-09-25,Werewolf by Night,6.972,1479
3870,617126,30.4094,2025-07-23,The Fantastic 4: First Steps,6.972,3039
3871,395993,5.8812,2017-09-22,Stronger,6.972,1553
3872,12889,1.3095,2008-06-24,Futurama: The Beast with a Billion Backs,6.972,599
3873,8469,11.8086,1978-07-28,Animal House,6.972,1636
3874,392,5.4053,2000-12-22,Chocolat,6.972,3466
3875,31967,1.129,2010-02-09,Dante's Inferno: An Animated Epic,6.971,560
3876,1630,1.2162,1996-12-25,The People vs. Larry Flynt,6.971,1217
3877,1127674,3.5435,2025-03-08,The Forbidden City,6.97,300
3878,508791,0.9829,2019-05-16,The Sun Is Also a Star,6.97,617
3879,255718,2.2304,2014-02-15,Barbie: The Pearl Princess,6.97,350
3880,255718,2.2304,2014-02-15,Barbie: The Pearl Princess,6.97,350
3881,49948,4.2748,2000-01-01,Fantasia 2000,7.0,1354
3882,49530,21.4082,2011-10-27,In Time,6.97,11988
3883,46829,1.4803,2010-10-26,Barney's Version,7.0,482
3884,41428,1.7845,1989-07-01,Tetsuo: The Iron Man,6.968,691
3885,33680,1.6854,1932-04-12,Grand Hotel,6.97,335
3886,14412,17.7164,1981-08-28,Body Heat,6.97,664
3887,13550,1.6616,1980-03-28,The Changeling,6.97,705
3888,645689,1.1811,2021-07-23,The Duke,6.968,354
3889,619264,5.8113,2019-11-08,The Platform,6.968,7698
3890,321612,12.6999,2017-03-16,Beauty and the Beast,6.968,15926
3891,37950,1.7894,2010-07-30,Charlie St. Cloud,7.0,2221
3892,2758,9.2628,1993-11-19,Addams Family Values,6.968,3263
3893,972614,1.7929,2024-03-15,Knox Goes Away,6.967,467
3894,943134,2.7165,2023-10-04,The Animal Kingdom,6.968,902
3895,491472,2.4492,2018-11-15,At Eternity's Gate,6.967,1542
3896,156700,1.4969,2013-01-19,The Kings of Summer,6.968,1206
3897,13198,0.9906,2007-10-19,Wristcutters: A Love Story,6.967,608
3898,10776,6.6327,1986-12-19,Little Shop of Horrors,6.967,1598
3899,1114967,9.079,2025-10-14,Good Fortune,6.966,494
3900,337556,2.4996,2016-07-07,Emerald Green,6.966,879
3901,1573,8.6751,1990-07-03,Die Hard 2,6.966,6286
3902,1143319,1.9909,2023-08-22,Puppy Love,7.0,339
3903,760099,1.6947,2022-11-04,Living,6.965,496
3904,452187,6.3675,2017-11-22,Le Brio,6.965,909
3905,398175,2.2504,2017-09-23,Brawl in Cell Block 99,6.965,1532
3906,377897,1.7842,2016-01-15,Barbie: Spy Squad,7.0,419
3907,348668,1.284,2016-03-03,A Conspiracy of Faith,6.965,602
3908,265228,12.1898,2014-12-10,Timbuktu,6.965,507
3909,32646,1.1926,1995-06-23,Safe,6.965,333
3910,25670,1.2801,1940-08-16,Foreign Correspondent,6.965,433
3911,14506,2.7018,1988-12-07,The Adventures of Baron Munchausen,6.965,983
3912,9386,2.7604,1993-07-08,In the Line of Fire,6.965,1761
3913,934433,34.7478,2023-03-08,Scream VI,6.963,3068
3914,76492,16.3201,2012-09-20,Hotel Transylvania,6.964,9068
3915,10436,2.0266,1993-09-10,The Age of Innocence,6.964,1194
3916,787752,5.8077,2022-03-03,Fresh,6.963,1839
3917,11033,2.5722,1980-07-25,Dressed to Kill,7.0,1086
3918,9880,9.5751,2001-08-03,The Princess Diaries,6.963,5218
3919,930564,7.1703,2023-11-16,Saltburn,6.962,2827
3920,830784,2.0586,2022-10-07,"Lyle, Lyle, Crocodile",6.962,642
3921,528949,4.8079,2018-10-26,The Photographer of Mauthausen,6.962,736
3922,402900,6.3747,2018-06-07,Ocean's Eight,6.962,8695
3923,564,15.2125,1999-04-16,The Mummy,6.962,9796
3924,549509,4.9386,2024-12-20,The Brutalist,6.961,1564
3925,501907,4.3953,2019-09-07,A Beautiful Day in the Neighborhood,7.0,1720
3926,18533,2.3518,2009-03-13,Bronson,6.961,2624
3927,9909,2.6439,1995-08-11,Dangerous Minds,6.961,1234
3928,1272,13.9535,2007-04-05,Sunshine,6.961,4150
3929,1088166,4.8949,2025-08-21,Relay,6.96,337
3930,381283,15.7711,2017-09-13,mother!,6.96,7010
3931,17445,0.8521,2009-07-28,Green Lantern: First Flight,6.96,485
3932,13537,1.9318,2003-11-14,Shattered Glass,7.0,461
3933,8195,15.6247,1998-09-25,Ronin,6.96,2602
3934,2048,19.7447,2004-07-15,"I, Robot",6.96,12481
3935,597208,11.9584,2021-12-02,Nightmare Alley,6.959,3286
3936,46705,4.0334,2010-12-26,Blue Valentine,6.959,3461
3937,11227,1.0934,2005-12-21,Angel-A,6.959,773
3938,746036,11.3283,2024-04-24,The Fall Guy,6.958,3542
3939,718032,7.0929,2021-11-26,Licorice Pizza,6.958,2573
3940,718032,7.0929,2021-11-26,Licorice Pizza,6.958,2572
3941,211052,1.025,2013-09-09,Miss Violence,7.0,575
3942,77887,1.9578,2011-06-16,Hawaiian Vacation,6.958,695
3943,25676,2.2439,2006-09-28,Rob-B-Hood,6.958,663
3944,11916,2.0974,1970-03-02,Two Mules for Sister Sara,6.958,644
3945,11527,14.8755,1981-04-10,Excalibur,7.0,1118
3946,989672,0.9677,2023-05-24,Just the Two of Us,6.957,325
3947,508935,1.8164,2020-08-14,The Eight Hundred,7.0,316
3948,227973,3.5417,2015-11-05,The Peanuts Movie,6.957,1764
3949,9542,12.3182,1986-01-17,The Hitcher,6.957,1024
3950,9007,5.3159,2005-09-16,Just Like Heaven,7.0,2525
3951,227735,1.2578,2014-09-11,Dolphin Tale 2,6.956,365
3952,26973,4.6779,1978-04-05,Pretty Baby,6.956,401
3953,16153,1.38,1974-12-09,Alice Doesn't Live Here Anymore,6.956,519
3954,12225,3.254,2007-01-17,Cashback,6.956,1357
3955,6968,1.0437,2008-09-25,The Baader Meinhof Complex,6.956,641
3956,63700,1.063,2010-10-09,My Babysitter's a Vampire,6.955,407
3957,43923,1.952,2010-10-08,It's Kind of a Funny Story,6.955,2429
3958,11367,0.043,1978-10-28,Odds and Evens,7.0,433
3959,2750,1.1617,2002-02-13,24 Hour Party People,6.955,506
3960,2750,1.1617,2002-02-13,24 Hour Party People,6.955,506
3961,320,4.3733,2002-05-24,Insomnia,6.955,5190
3962,175112,5.5675,2014-02-13,Tinker Bell and the Pirate Fairy,6.954,1055
3963,37495,15.676,2010-05-07,Four Lions,6.954,1245
3964,29987,0.5773,2003-02-27,Facing Windows,6.954,327
3965,14637,1.269,2008-12-19,Nothing But the Truth,6.954,537
3966,2054,1.5777,1995-12-29,Mr. Holland's Opus,7.0,441
3967,74306,1.2297,2012-05-11,God Bless America,6.953,1037
3968,651,3.9944,1970-02-18,M*A*S*H,6.953,1125
3969,458723,8.5434,2019-03-14,Us,6.952,7935
3970,339692,11.0551,2017-07-07,Shot Caller,6.952,2185
3971,274870,5.1631,2016-12-21,Passengers,6.952,14048
3972,9952,1.817,2007-06-23,Rescue Dawn,6.952,1379
3973,9778,4.3778,2001-10-05,Serendipity,6.952,2098
3974,9045,1.4972,2002-02-27,Amen.,6.952,367
3975,820722,0.9042,2021-10-15,The Good Boss,7.0,453
3976,491926,1.2018,2020-03-27,Resistance,6.951,460
3977,412117,11.6286,2019-05-24,The Secret Life of Pets 2,6.951,3278
3978,14310,2.612,2003-12-12,Infernal Affairs III,6.951,364
3979,37653,1.0834,1995-12-13,The Three Brothers,6.95,793
3980,74534,1.8152,2012-02-23,The Best Exotic Marigold Hotel,6.949,1438
3981,10536,2.502,1969-06-02,The Italian Job,6.95,842
3982,9434,4.7554,1997-04-11,Grosse Pointe Blank,6.95,999
3983,868,0.9435,2005-12-23,Tsotsi,6.95,340
3984,1079091,5.0876,2024-08-07,It Ends with Us,6.949,1845
3985,703771,1.1113,2020-08-04,Deathstroke: Knights & Dragons - The Movie,6.949,461
3986,343668,11.7853,2017-09-20,Kingsman: The Golden Circle,6.949,10995
3987,13809,12.3566,2008-09-04,RocknRolla,6.949,3218
3988,12149,3.3149,2002-04-12,Frailty,6.9,1281
3989,10707,2.428,2005-10-05,The Squid and the Whale,6.949,1054
3990,758330,3.1497,2022-06-16,"Good Luck to You, Leo Grande",6.948,645
3991,384680,7.0448,2017-12-22,Hostiles,6.948,2464
3992,2259,1.846,1993-10-21,The House of the Spirits,6.948,725
3993,2253,15.4012,2008-12-25,Valkyrie,6.948,3998
3994,659,7.0474,1979-05-02,The Tin Drum,6.948,520
3995,560008,2.8235,2020-03-13,Minamata,6.947,319
3996,369883,1.4981,2016-10-07,Middle School: The Worst Years of My Life,6.9,451
3997,114955,1.1068,2012-06-15,Let It Shine,6.947,313
3998,11536,1.4885,1961-02-01,The Misfits,6.947,414
3999,11509,4.8867,1985-07-10,Silverado,6.947,794
4000,11257,1.7839,1986-03-07,A Room with a View,6.9,818
4001,10228,5.416,1998-07-18,Pokémon: The First Movie,6.949,1555
4002,10122,2.2035,1986-07-30,Flight of the Navigator,6.946,924
4003,3053,2.2066,1967-11-13,The Fearless Vampire Killers,6.947,810
4004,1165,2.4395,2006-09-15,The Queen,6.947,1406
4005,452970,2.5469,2017-10-27,Mazinger Z: Infinity,6.946,331
4006,407890,6.243,2018-04-06,Lean on Pete,6.9,355
4007,33914,0.8241,1984-12-14,Frankenweenie,6.946,439
4008,11076,1.4058,1996-09-13,Fly Away Home,6.946,500
4009,925102,1.3471,2022-07-13,The Night of the 12th,6.944,739
4010,604079,15.5221,2025-09-10,The Long Walk,6.947,1193
4011,175774,4.8185,2013-03-14,Ruby Red,6.945,1141
4012,38366,0.5519,1996-12-20,The Cyclone,6.945,764
4013,24684,16.2445,2009-10-29,An Education,6.945,1403
4014,364,15.6648,1992-06-19,Batman Returns,6.945,6978
4015,1259102,12.4275,2025-11-26,Eternity,6.943,502
4016,511809,2.948,2021-12-08,West Side Story,6.944,1743
4017,429199,3.1865,2017-02-03,The Other Side of Hope,6.944,349
4018,192141,7.3182,2015-08-26,No Escape,6.944,2686
4019,116440,0.8035,2012-07-03,"Maggie Simpson in ""The Longest Daycare""",6.944,383
4020,12244,8.3352,2009-08-19,9,6.944,3809
4021,10166,2.8405,1990-05-25,The Witches,6.944,1354
4022,1259102,12.4275,2025-11-26,Eternity,6.943,502
4023,917496,19.3865,2024-09-04,Beetlejuice Beetlejuice,6.943,2999
4024,604079,15.5221,2025-09-10,The Long Walk,6.943,1195
4025,394741,1.3396,2018-12-28,Stan & Ollie,6.943,1115
4026,10882,20.3001,1959-02-17,Sleeping Beauty,6.943,5422
4027,10655,1.6657,1993-10-08,Gettysburg,6.9,317
4028,180863,9.4808,2017-01-27,T2 Trainspotting,6.942,3303
4029,179826,6.5584,2013-01-29,Odd Thomas,6.942,1430
4030,93456,6.2024,2013-06-26,Despicable Me 2,6.942,11866
4031,49018,5.1909,2011-03-31,Insidious,6.942,7204
4032,22826,0.8456,1994-10-22,The Monster,6.9,642
4033,12502,4.4379,1983-12-14,Silkwood,6.942,343
4034,11864,15.6297,1985-12-12,Enemy Mine,6.942,1040
4035,1022787,15.8026,2025-06-18,Elio,6.941,874
4036,450489,1.5596,2018-02-16,Irreplaceable You,6.94,716
4037,400535,6.8074,2018-06-27,Sicario: Day of the Soldado,6.94,3942
4038,24420,3.0507,2009-08-14,The Time Traveler's Wife,6.94,2656
4039,588182,1.2723,2021-10-29,Compartment No. 6,6.939,452
4040,525946,1.0214,2019-02-01,Troop Zero,6.939,302
4041,17965,1.1081,1971-04-01,The Abominable Dr. Phibes,6.9,327
4042,14410,1.7383,2009-01-16,Notorious,6.9,777
4043,11971,2.2166,1993-05-07,Much Ado About Nothing,6.939,793
4044,5876,13.204,2007-11-21,The Mist,6.939,5708
4045,2289,2.6334,2003-12-24,Cold Mountain,6.939,1934
4046,639721,3.0824,2021-10-01,The Addams Family 2,6.938,1385
4047,16093,1.0307,1962-11-02,Carnival of Souls,6.9,525
4048,8390,5.5622,2008-02-08,"Definitely, Maybe",6.9,2586
4049,1890,1.0087,1986-09-13,Children of a Lesser God,6.9,336
4050,1412,2.3904,1989-08-04,"sex, lies, and videotape",6.938,1007
4051,567189,7.8719,2021-04-30,Tom Clancy's Without Remorse,6.9,2628
4052,505706,2.0247,2019-02-21,The Golden Glove,6.937,634
4053,28053,0.9387,2009-03-06,City Island,6.937,394
4054,10027,2.5486,2005-02-02,Unleashed,6.937,2131
4055,676,21.7847,2001-05-21,Pearl Harbor,6.937,6899
4056,581032,1.6299,2020-12-25,News of the World,6.936,1901
4057,308266,18.3906,2016-08-18,War Dogs,6.937,5374
4058,103747,1.1544,2012-06-01,The Angels' Share,6.936,606
4059,55787,1.7621,2011-04-15,Water for Elephants,6.936,2592
4060,24469,1.1672,2009-09-11,Fish Tank,6.936,918
4061,24163,1.4173,1988-06-09,As Tears Go By,6.936,361
4062,11329,1.7298,2003-01-16,Runaway Jury,6.936,1501
4063,9732,10.3066,1998-10-24,The Lion King II: Simba's Pride,6.937,4626
4064,355111,3.1857,2015-08-12,Barbie in Rock 'N Royals,6.9,314
4065,304410,1.9926,2014-12-17,The Bélier Family,6.937,2443
4066,58522,0.3528,2011-04-01,Boris: The Film,6.935,617
4067,9929,1.5787,1968-12-19,Asterix and Cleopatra,6.9,1010
4068,1999,3.1162,2001-11-23,In the Bedroom,6.935,395
4069,402,6.9614,1992-03-20,Basic Instinct,6.935,4280
4070,520758,3.2863,2023-12-08,Chicken Run: Dawn of the Nugget,6.933,864
4071,204082,6.5681,2013-11-12,Homefront,6.935,3755
4072,3033,0.8706,1998-09-12,Gods and Monsters,6.933,382
4073,308,1.5321,2005-07-31,Broken Flowers,6.9,1452
4074,972533,7.9536,2025-02-27,Last Breath,6.934,577
4075,12153,15.3574,2004-06-23,White Chicks,6.932,4417
4076,6936,0.4969,2007-08-26,Ben X,6.932,322
4077,591538,2.4694,2021-12-05,The Tragedy of Macbeth,6.9,859
4078,359410,15.9742,2024-03-08,Road House,6.932,2873
4079,68721,12.3471,2013-04-18,Iron Man 3,6.931,23190
4080,9362,14.7503,1990-01-19,Tremors,6.931,3492
4081,1267,4.3442,2007-03-23,Meet the Robinsons,6.931,3079
4082,586,5.0949,1997-12-25,Wag the Dog,6.931,1032
4083,49519,7.8503,2013-03-15,The Croods,6.9,7444
4084,48714,0.8837,1967-12-29,The Big Shave,6.93,350
4085,13675,1.1888,1969-12-07,Frosty the Snowman,6.93,378
4086,19933,1.3675,1987-07-09,The Brave Little Toaster,6.929,468
4087,13127,1.938,2005-11-18,SPL: Kill Zone,6.929,350
4088,1662,1.3202,1990-09-14,State of Grace,6.929,402
4089,760336,1.2898,2021-12-31,Munich – The Edge of War,6.928,634
4090,346698,33.1152,2023-07-19,Barbie,6.928,10823
4091,339987,1.6388,2017-06-02,The Exception,6.928,461
4092,65215,9.2399,2005-07-23,Stewie Griffin: The Untold Story,6.928,417
4093,19494,2.2336,1980-12-18,Nine to Five,6.928,535
4094,13435,0.9182,2002-12-19,Antwone Fisher,6.928,541
4095,975773,2.3727,2024-02-23,Wicked Little Letters,6.927,635
4096,614488,5.8019,2019-10-12,Street Flow,6.9,363
4097,426865,1.4607,2018-09-27,UFO,6.927,431
4098,203819,0.0868,2013-12-19,Tracks,6.927,556
4099,8068,8.2829,1995-08-25,Desperado,6.927,3078
4100,734265,1.5358,2021-11-05,Love Hard,6.926,1586
4101,468225,0.9974,2021-09-17,The Starling,6.9,309
4102,347031,1.9456,2016-06-24,Swiss Army Man,6.926,3741
4103,103269,0.9662,2012-06-12,Superman vs. The Elite,6.926,442
4104,76025,9.1475,2011-10-02,Shame,6.926,3358
4105,12101,3.1364,1973-04-18,Soylent Green,6.926,1385
4106,495193,1.8222,2018-03-16,Benji,6.925,318
4107,334304,0.994,2015-12-08,Belle and Sebastian: The Adventure Continues,6.925,353
4108,9663,3.9611,1984-12-13,Starman,6.9,965
4109,3432,2.7512,2007-05-31,Mr. Brooks,6.925,1837
4110,39104,43.4922,1992-07-11,Dragon Ball Z: Super Android 13!,6.924,601
4111,25508,1.8424,1942-12-05,Cat People,6.924,659
4112,9871,1.8623,2000-08-10,Ginger Snaps,6.924,967
4113,484482,0.8269,2018-10-24,Sink or Swim,6.926,1577
4114,196254,7.6735,2013-08-25,Barbie Mariposa & the Fairy Princess,6.9,330
4115,15805,1.1941,1998-02-11,Batman & Mr. Freeze: SubZero,6.923,494
4116,8072,1.814,1965-05-05,Alphaville,6.923,600
4117,1832,4.1705,1999-10-04,Dogma,6.923,2767
4118,778,1.1102,1953-02-25,Monsieur Hulot's Holiday,6.923,515
4119,1168190,74.5203,2026-01-28,The Wrecking Crew,6.917,731
4120,468224,6.6337,2019-05-03,Tolkien,6.922,1517
4121,18573,1.3837,1953-04-16,House of Wax,6.9,373
4122,15515,1.6207,1958-12-05,The 7th Voyage of Sinbad,6.9,307
4123,1994,0.7424,1932-09-16,The Most Dangerous Game,6.922,300
4124,1029281,18.2421,2024-08-14,Strange Darling,6.921,840
4125,816904,3.1395,2023-01-05,Mummies,6.921,497
4126,796185,4.1747,2023-04-05,The Three Musketeers: D'Artagnan,6.921,1365
4127,357953,0.1516,1975-09-04,Return,6.921,655
4128,35854,2.0176,2007-07-26,Flash Point,6.921,365
4129,10779,1.9345,1996-07-19,The Frighteners,6.921,1682
4130,953,14.1622,2005-05-25,Madagascar,6.921,11562
4131,424998,5.7944,2017-04-07,The Case for Christ,6.92,314
4132,170657,3.627,2013-02-07,Journey to the West: Conquering the Demons,6.92,426
4133,140300,8.3383,2016-01-23,Kung Fu Panda 3,6.9,6477
4134,26466,11.0742,2009-10-16,Triangle,6.92,2901
4135,20762,19.5583,1996-04-19,The Substitute,6.92,536
4136,8653,1.2303,2000-04-22,The Isle,6.9,362
4137,60670,2.2127,2000-09-27,The Crimson Rivers,6.919,1684
4138,22599,1.9409,2001-06-01,Star,6.919,315
4139,19204,1.3095,1981-04-22,The Beyond,6.919,652
4140,22599,1.9409,2001-06-01,Star,6.919,315
4141,19204,1.3095,1981-04-22,The Beyond,6.919,652
4142,11337,0.8016,1980-09-26,Stardust Memories,6.919,457
4143,989662,4.6834,2024-08-24,A Different Man,6.918,409
4144,599281,1.4046,2021-02-12,Fear of Rain,6.918,558
4145,437109,2.2415,2017-06-08,The Villainess,6.9,748
4146,402431,24.5614,2024-10-16,Wicked,6.918,2890
4147,68341,1.5713,2011-01-29,Cold Fish,6.918,384
4148,758323,6.6955,2023-04-05,The Pope's Exorcist,6.917,3076
4149,713704,6.056,2023-04-12,Evil Dead Rise,6.917,3534
4150,441829,0.9555,2017-02-14,Team Thor: Part 2,6.912,351
4151,432527,1.6825,2018-01-25,Padmaavat,6.917,301
4152,17578,4.7554,2011-10-24,The Adventures of Tintin,6.917,5717
4153,9812,1.5109,1998-09-25,Thursday,6.9,349
4154,937287,8.1269,2024-04-18,Challengers,6.915,2576
4155,658760,3.8011,2020-02-14,Isi & Ossi,6.916,949
4156,590854,0.6415,2020-03-06,The Hater,6.916,586
4157,91010,0.7665,2012-02-28,Game Change,6.916,339
4158,68726,20.387,2013-07-11,Pacific Rim,6.916,13150
4159,664031,2.2257,2020-10-22,Out of My League,6.915,483
4160,33196,2.11,2009-07-22,Tidal Wave,6.915,482
4161,13179,4.6635,2008-09-11,Tinker Bell,6.915,1544
4162,12528,1.2442,1981-09-24,Southern Comfort,6.912,341
4163,9300,1.516,1992-12-11,Orlando,6.915,371
4164,2196,1.7437,2007-08-17,Death at a Funeral,6.915,1890
4165,1535,3.2959,2001-11-18,Spy Game,6.915,2308
4166,931,1.7152,1973-10-11,Don't Look Now,6.915,1163
4167,85446,2.4326,2012-07-26,Step Up Revolution,6.914,2106
4168,51162,2.5852,2011-04-06,Winnie the Pooh,6.914,937
4169,13909,1.7106,1949-10-22,She Wore a Yellow Ribbon,6.914,396
4170,470229,1.3528,2018-08-10,Summer of 84,6.916,1440
4171,458253,3.5983,2019-04-04,Missing Link,6.9,911
4172,384677,5.5506,2018-06-15,Set It Up,6.9,2772
4173,56648,0.7321,1976-12-08,The Toy,6.913,322
4174,4836,14.3719,2004-09-30,Layer Cake,6.913,2313
4175,741074,1.5395,2020-10-23,Once Upon a Snowman,6.912,564
4176,725201,7.9719,2022-07-13,The Gray Man,6.912,4115
4177,542417,1.9075,2019-07-26,Skin,6.912,453
4178,441829,0.9555,2017-02-14,Team Thor: Part 2,6.912,351
4179,426613,2.9518,2018-07-18,The Miseducation of Cameron Post,6.912,1005
4180,51162,2.5852,2011-04-06,Winnie the Pooh,6.914,937
4181,2322,4.8546,1992-09-09,Sneakers,6.912,1027
4182,1245993,11.8037,2025-08-26,Caught Stealing,6.909,784
4183,725201,7.9719,2022-07-13,The Gray Man,6.912,4115
4184,36568,1.7619,1998-04-17,Paulie,6.911,515
4185,14926,3.9425,2003-08-15,Uptown Girls,6.9,1080
4186,726139,2.8363,2024-07-11,Project Silence,6.907,383
4187,400136,7.0623,2017-05-27,Resident Evil: Vendetta,6.909,1067
4188,11820,2.1827,2003-12-19,Mona Lisa Smile,6.91,1874
4189,1079310,1.83,2024-12-11,Holy Cow,6.909,319
4190,245473,1.3779,2014-01-17,Cloud 9,6.909,540
4191,168903,1.9026,2013-02-14,Barbie in the Pink Shoes,6.9,394
4192,10530,4.9492,1995-06-16,Pocahontas,6.91,6004
4193,10217,1.2363,1997-09-25,The Sweet Hereafter,6.909,422
4194,892153,1.6175,2022-01-24,Tom and Jerry Cowboy Up!,6.908,445
4195,422803,1.7323,2019-09-26,A Shaun the Sheep Movie: Farmageddon,6.908,578
4196,221902,1.4429,2014-05-21,"Two Days, One Night",6.909,1002
4197,157350,10.542,2014-03-14,Divergent,6.908,13332
4198,110415,11.1006,2013-08-01,Snowpiercer,6.908,10267
4199,12919,2.2488,1987-08-14,Can't Buy Me Love,6.908,697
4200,1553,1.1424,2005-03-16,The Beat That My Heart Skipped,6.908,486
4201,726139,2.8363,2024-07-11,Project Silence,6.907,383
4202,338967,3.9537,2019-10-09,Zombieland: Double Tap,6.907,6149
4203,62837,2.0443,2011-09-22,Dolphin Tale,6.907,675
4204,363088,8.9697,2018-07-04,Ant-Man and the Wasp,6.906,14020
4205,84329,1.1341,2012-08-24,Robot & Frank,6.906,1150
4206,17979,3.927,2009-11-04,A Christmas Carol,6.906,4857
4207,8953,1.2097,2004-07-17,Steamboy,6.906,480
4208,1987,0.7764,1992-11-06,Benny's Video,6.906,384
4209,883,1.1387,2004-03-12,Coffee and Cigarettes,6.906,1021
4210,423646,1.0813,2017-11-23,In the Fade,6.905,871
4211,397538,0.9991,2017-09-08,Borg vs McEnroe,6.905,1192
4212,252822,0.9639,2014-02-21,In Order of Disappearance,6.905,661
4213,204668,1.2925,2013-12-18,Belle and Sebastian,6.9,673
4214,2023,2.9097,2004-02-04,Hidalgo,6.905,1309
4215,361292,13.2581,2018-10-26,Suspiria,6.904,2724
4216,13416,1.4379,2004-10-08,Friday Night Lights,6.904,617
4217,2163,10.5651,1997-05-02,Breakdown,6.904,1049
4218,1381,6.4825,2006-11-22,The Fountain,6.904,3027
4219,846,3.975,1998-06-19,The X-Files,6.904,1763
4220,38408,5.8113,2010-10-02,Life As We Know It,6.9,3246
4221,18971,1.1654,1991-02-08,Rosencrantz & Guildenstern Are Dead,6.903,315
4222,16281,9.3362,1982-11-10,Creepshow,6.903,1130
4223,11477,1.0511,2000-09-29,Common Wealth,6.903,341
4224,1958,2.2596,2002-02-06,8 Women,6.9,1050
4225,531876,18.4701,2020-06-24,The Outpost,6.902,1142
4226,14900,3.204,1981-06-26,The Great Muppet Caper,6.9,331
4227,13253,1.0142,2008-11-03,Futurama: Bender's Game,6.902,587
4228,11134,5.3197,1992-07-04,Police Story 3: Super Cop,6.902,556
4229,957608,0.9277,2023-04-19,Junkyard Dog,6.901,383
4230,423899,8.458,2017-09-13,Victoria & Abdul,6.901,1186
4231,310593,7.3324,2015-05-20,Youth,6.901,2176
4232,131634,6.0016,2015-11-18,The Hunger Games: Mockingjay - Part 2,6.901,13177
4233,70057,2.2793,2011-07-04,Dragon,6.9,312
4234,59967,19.5571,2012-09-26,Looper,6.901,10728
4235,35138,1.6126,2010-02-14,Little Big Soldier,6.901,333
4236,11571,1.6668,1959-12-15,Journey to the Center of the Earth,6.901,501
4237,7291,1.2294,2004-11-24,36th Precinct,6.901,635
4238,1038392,16.4565,2025-09-03,The Conjuring: Last Rites,6.9,1672
4239,699102,2.306,2021-03-26,A Week Away,6.9,404
4240,226857,1.943,2014-02-12,Endless Love,6.9,1741
4241,77459,2.3122,2011-10-12,A Monster in Paris,6.9,1337
4242,21588,1.2079,1994-03-25,Cemetery Man,6.9,564
4243,13416,1.4379,2004-10-08,Friday Night Lights,6.904,617
4244,1038392,16.4565,2025-09-03,The Conjuring: Last Rites,6.902,1671
4245,25961,1.8627,2007-07-14,Pokémon: The Rise of Darkrai,6.9,302
4246,11393,2.1162,1984-05-11,The Natural,6.899,646
4247,1371,3.8641,1982-05-28,Rocky III,6.899,4421
4248,602,21.6739,1996-06-25,Independence Day,6.899,10238
4249,868759,10.0857,2023-04-18,Ghosted,6.898,2121
4250,646389,8.7586,2023-01-11,Plane,6.898,2591
4251,399402,6.0717,2018-10-19,Hunter Killer,6.9,2343
4252,27233,0.8585,1996-07-27,Kids Return,6.898,334
4253,15163,1.0016,2006-09-16,Amazing Grace,6.898,314
4254,8326,10.2455,2003-04-18,Holes,6.898,1513
4255,710,15.4771,1995-11-16,GoldenEye,6.9,4236
4256,249,2.0889,1989-12-08,The War of the Roses,6.9,1222
4257,618416,1.1492,2021-01-21,Penguin Bloom,6.9,331
4258,25195,5.2208,2010-01-08,Leap Year,6.896,2129
4259,23479,4.1019,1976-04-06,The Bad News Bears,6.9,326
4260,10445,1.017,1993-12-25,Shadowlands,6.9,302
4261,1405338,4.0841,2025-02-26,Demon City,6.899,311
4262,14746,3.071,1984-06-01,Streets of Fire,6.895,531
4263,6418,1.8401,2007-10-26,Hotel Chevalier,6.895,888
4264,2295,1.5369,2006-07-21,Clerks II,6.895,1459
4265,465914,2.5775,2018-12-14,If Beale Street Could Talk,6.894,1202
4266,83542,4.6543,2012-10-26,Cloud Atlas,6.894,7413
4267,11205,2.3049,1984-08-17,Wheels on Meals,6.9,428
4268,2140,2.7558,2001-07-06,Kiss of the Dragon,6.894,1305
4269,407447,0.7445,2018-05-09,The Extraordinary Journey of the Fakir,6.9,308
4270,390043,7.4029,2017-08-16,The Hitman's Bodyguard,6.893,6564
4271,296524,11.23,2016-09-28,Deepwater Horizon,6.893,4818
4272,133121,4.4863,2012-09-25,Resident Evil: Damnation,6.9,974
4273,10423,7.6486,1993-05-07,Dragon: The Bruce Lee Story,6.893,784
4274,9344,3.0698,1995-07-28,Kids,6.893,1249
4275,8075,0.6956,1967-12-29,Weekend,6.893,309
4276,547,2.3425,1998-02-01,The Horse Whisperer,6.893,1182
4277,360784,3.9021,2015-09-15,Hidden,6.892,1126
4278,232672,13.9198,2014-05-21,Blended,6.892,3744
4279,210479,2.0591,2014-04-10,Locke,6.892,2871
4280,210479,2.0591,2014-04-10,Locke,6.892,2871
4281,177888,2.9813,2013-08-07,Teen Beach Movie,6.9,942
4282,10323,2.5744,1981-06-12,Clash of the Titans,6.892,833
4283,1005331,8.5573,2024-12-05,Carry-On,6.891,2635
4284,507532,2.5723,2023-09-08,Finestkind,6.891,327
4285,425134,4.5601,2017-03-06,How to Be a Latin Lover,6.9,650
4286,78215,1.2346,2012-03-09,Into the White,6.891,317
4287,16366,3.5527,2000-11-07,Joseph: King of Dreams,6.9,1059
4288,13497,16.5348,2002-12-13,Drumline,6.891,552
4289,9359,2.0588,1994-05-20,Maverick,6.891,1725
4290,8272,0.9517,2007-11-28,The Savages,6.891,425
4291,1680,1.7077,1962-08-11,King Kong vs. Godzilla,6.9,334
4292,739993,5.7413,2022-04-08,Metal Lords,6.89,745
4293,24739,3.77,1989-05-19,Miracle Mile,6.9,306
4294,17360,1.7449,1981-06-17,Escape to Victory,6.89,979
4295,13931,1.5144,2002-05-24,Mike's New Car,6.89,736
4296,519465,11.4976,2019-03-27,Queen of Hearts,6.889,364
4297,457332,3.3545,2023-07-06,Hidden Strike,6.889,1049
4298,322125,0.5163,2015-03-18,A Perfect Man,6.9,692
4299,44896,21.4875,2011-03-02,Rango,6.889,6974
4300,12187,1.7852,1993-08-13,Heart and Souls,6.889,407
4301,44896,21.4875,2011-03-02,Rango,6.889,6974
4302,22947,5.3315,2009-12-04,Up in the Air,6.888,3912
4303,254,8.0777,2005-12-12,King Kong,6.9,8371
4304,12476,1.7838,1987-10-30,The Hidden,6.889,471
4305,9942,1.9697,1989-02-16,Major League,6.887,851
4306,7305,2.3909,1993-01-15,Alive,6.887,1549
4307,31900,0.6753,2010-01-20,Gainsbourg: A Heroic Life,6.886,351
4308,9567,4.2701,2003-03-07,Tears of the Sun,6.886,2559
4309,632666,1.1474,2020-09-10,Unpregnant,6.885,317
4310,57214,4.7562,2012-03-01,Project X,6.885,6709
4311,10443,1.2452,1993-10-15,Fearless,6.885,331
4312,6471,1.3824,1979-12-14,The Jerk,6.885,882
4313,495764,8.7772,2020-02-05,Birds of Prey (and the Fantabulous Emancipation of One Harley Quinn),6.884,10701
4314,419743,3.9631,2018-04-24,Disobedience,6.884,1266
4315,64688,8.7274,2012-03-14,21 Jump Street,6.884,10863
4316,24100,1.0263,2000-10-27,The Little Vampire,6.884,453
4317,15167,3.1681,2001-09-30,Barbie in the Nutcracker,6.884,1098
4318,13939,13.5944,1974-07-24,Death Wish,6.884,920
4319,10560,1.5975,2000-05-12,Center Stage,6.884,358
4320,718789,5.5666,2022-06-15,Lightyear,6.883,3728
4321,660942,6.6001,2021-09-03,The Innocents,6.883,692
4322,560016,8.4742,2024-04-03,Monkey Man,6.883,1333
4323,70667,1.0085,2012-08-24,Kon-Tiki,6.883,810
4324,11593,1.582,1994-12-23,Nobody's Fool,6.883,333
4325,6399,3.739,1981-12-09,Who Finds a Friend Finds a Treasure,6.9,667
4326,602223,3.7512,2021-06-30,The Forever Purge,6.882,2641
4327,4012,1.576,2001-08-23,The Believer,6.882,659
4328,1951,1.9764,2005-06-03,Manderlay,6.882,389
4329,500860,1.1317,2019-03-15,The Mustang,6.9,416
4330,5889,1.8824,2003-05-10,Azumi,6.881,354
4331,1770,1.2942,1996-10-25,Michael Collins,6.881,509
4332,820525,4.4437,2023-09-13,After Everything,6.88,977
4333,10015,5.2214,1986-12-05,Heartbreak Ridge,6.88,1096
4334,1106739,3.4852,2024-10-30,Juror #2,6.879,2364
4335,746131,1.054,2021-11-03,"Paris, 13th District",6.9,380
4336,556694,3.2602,2022-08-24,Three Thousand Years of Longing,6.879,1619
4337,449992,1.9048,2018-10-05,The Night Comes for Us,6.879,768
4338,294963,2.8202,2015-10-23,Bone Tomahawk,6.879,2475
4339,157841,1.9201,2013-10-16,The Young and Prodigious T.S. Spivet,6.879,873
4340,294963,2.8202,2015-10-23,Bone Tomahawk,6.879,2475
4341,157841,1.9201,2013-10-16,The Young and Prodigious T.S. Spivet,6.878,874
4342,9059,1.559,1995-01-13,Tales from the Crypt: Demon Knight,6.879,541
4343,642208,1.5299,2020-11-20,Supernova,6.9,348
4344,11170,1.7423,2006-12-12,We Are Marshall,6.878,772
4345,9602,9.2693,1988-06-29,Coming to America,6.878,4661
4346,8882,1.0187,2008-05-16,Gomorrah,6.878,1276
4347,3472,0.9734,2002-09-05,Dirty Pretty Things,6.878,481
4348,1808,4.6313,1998-08-28,Velvet Goldmine,6.878,535
4349,587301,0.9317,2019-08-28,School Life,6.877,801
4350,541134,1.8407,2022-10-19,The Good Nurse,6.877,1392
4351,522098,1.7159,2020-06-15,Babyteeth,6.877,386
4352,113947,2.222,2012-05-02,The Sessions,6.877,595
4353,110410,1.17,2012-11-15,Drug War,6.877,304
4354,16962,1.4872,2007-03-13,Barbie Fairytopia: Magic of the Rainbow,6.877,460
4355,10644,5.2988,1988-02-05,The Unbearable Lightness of Being,6.877,504
4356,9263,1.4613,1995-10-20,Now and Then,6.877,468
4357,6498,1.9384,1994-02-25,Nightwatch,6.877,309
4358,921452,2.0168,2023-05-16,Jeanne du Barry,6.876,667
4359,512200,7.8219,2019-12-04,Jumanji: The Next Level,6.876,9223
4360,360920,12.4902,2018-11-08,The Grinch,6.876,4387
4361,79108,1.7792,2011-07-27,Starbuck,6.876,465
4362,34463,0.9812,1933-05-27,Three Little Pigs,6.876,416
4363,11087,6.692,1992-01-10,The Hand That Rocks the Cradle,6.876,987
4364,10934,2.1458,2003-09-20,Under the Tuscan Sun,6.876,952
4365,9591,1.6752,1996-10-04,That Thing You Do!,6.876,902
4366,9003,15.4798,1987-09-11,Hellraiser,6.876,2806
4367,441393,1.0769,2018-09-21,Ash Is Purest White,6.875,353
4368,10276,1.6342,1991-05-17,What About Bob?,6.875,886
4369,7551,7.9543,2006-11-22,Déjà Vu,6.875,5176
4370,1246,4.6889,2006-12-20,Rocky Balboa,6.875,3739
4371,335787,10.5485,2022-02-10,Uncharted,6.874,6638
4372,55292,2.1605,2011-01-20,Shaolin,6.874,402
4373,13285,2.1415,2006-03-14,Barbie Fairytopia: Mermaidia,6.9,728
4374,454652,2.4932,2018-09-21,Colette,6.873,940
4375,393457,5.3763,2016-12-16,Fences,6.873,2771
4376,339405,14.1292,2016-10-14,Christine,6.873,398
4377,307103,0.4259,2015-01-07,SK1,6.9,327
4378,14752,1.0386,2001-07-24,Dil Chahta Hai,6.873,324
4379,676547,7.0097,2022-10-23,Prey for the Devil,6.872,994
4380,473072,0.9629,2017-08-30,2036: Nexus Dawn,6.9,405
4381,342672,0.6645,2015-05-26,4th Man Out,6.872,345
4382,308084,2.2522,2015-07-10,Tangerine,6.872,784
4383,82507,5.9932,2012-03-29,Sinister,6.872,5930
4384,16270,2.6882,1991-03-29,Career Opportunities,6.872,733
4385,9762,3.3675,2006-08-11,Step Up,6.872,3854
4386,323372,3.0162,2015-03-15,The Corpse of Anna Fritz,6.87,572
4387,256591,17.138,2015-02-25,Focus,6.87,8193
4388,9667,2.9854,2005-03-04,The Jacket,6.87,1643
4389,45284,1.4213,2010-06-12,Outrage,6.869,450
4390,17467,3.2906,1991-10-05,Riki-Oh: The Story of Ricky,6.869,362
4391,11561,2.0611,1973-12-17,Sleeper,6.869,829
4392,1921,2.6893,2001-02-16,Sweet November,6.869,1411
4393,1824,6.6774,2004-02-13,50 First Dates,6.869,7611
4394,513310,4.0839,2021-02-19,Boss Level,6.868,1852
4395,9476,5.7835,2001-05-11,A Knight's Tale,6.9,3310
4396,8769,13.7768,1983-12-09,Christine,6.868,2190
4397,513347,1.4365,2018-08-04,Flavors of Youth,6.867,582
4398,297802,19.5035,2018-12-07,Aquaman,6.867,14758
4399,291984,1.1879,2019-03-13,The Death & Life of John F. Donovan,6.867,714
4400,297802,19.5035,2018-12-07,Aquaman,6.867,14758
4401,278927,5.3383,2016-04-07,The Jungle Book,6.867,8407
4402,68924,2.2793,1997-09-27,The Ice Storm,6.867,728
4403,50839,20.5395,2011-09-28,Margin Call,6.866,2032
4404,11156,1.5265,2009-04-22,Coco Before Chanel,6.867,1015
4405,10937,1.8368,1987-09-02,Barfly,6.9,372
4406,849869,2.5984,2023-02-17,Kill Boksoon,6.866,515
4407,14609,1.2955,2006-02-21,Ultimate Avengers: The Movie,6.866,387
4408,12763,1.4064,2006-03-17,Take the Lead,6.866,733
4409,4193,2.3321,1982-03-05,Evil Under the Sun,6.867,491
4410,1327862,9.9618,2025-10-22,Regretting You,6.9,308
4411,592834,2.7948,2020-01-09,My Spy,6.865,1355
4412,39144,2.251,1986-12-20,Dragon Ball: Curse of the Blood Rubies,6.865,366
4413,22494,1.0788,2009-04-24,Frequently Asked Questions About Time Travel,6.865,657
4414,21506,1.7016,2005-08-20,Noroi: The Curse,6.863,411
4415,10362,1.5198,2008-11-19,Two Lovers,6.865,908
4416,717980,2.1329,2023-02-10,Sharper,6.864,653
4417,605886,2.5086,2023-04-06,To Catch a Killer,6.864,1279
4418,265189,11.3115,2014-08-15,Force Majeure,6.864,1196
4419,31175,0.6452,2009-09-09,Soul Kitchen,6.864,578
4420,1139566,5.5751,2024-02-23,Through My Window 3: Looking at You,6.862,665
4421,504172,15.905,2018-12-14,The Mule,6.863,5284
4422,18444,2.0217,1960-12-21,Swiss Family Robinson,6.9,343
4423,9451,2.3168,1999-04-23,Election,6.863,1164
4424,632856,2.3604,2022-11-10,Spirited,6.862,740
4425,514207,2.2517,2020-02-27,Invasion,6.862,874
4426,340684,1.2879,2015-05-16,Those People,6.9,347
4427,48769,0.9986,1983-10-26,Gramps Is in the Resistance,6.862,429
4428,21946,0.662,2007-03-07,Counter Investigation,6.9,333
4429,551271,3.0775,2022-09-08,Medieval,6.861,525
4430,537055,1.5324,2019-10-04,Wonder Woman: Bloodlines,6.863,512
4431,228108,0.6213,2014-10-24,The Road Within,6.861,398
4432,10083,2.8464,1987-08-14,No Way Out,6.861,784
4433,9919,5.7721,2003-02-07,How to Lose a Guy in 10 Days,6.861,4387
4434,957,16.8572,1987-06-24,Spaceballs,6.861,3309
4435,1182047,5.8872,2024-10-09,The Apprentice,6.863,915
4436,1102776,1.4384,2023-04-28,AKA,6.86,674
4437,526050,1.2735,2019-04-04,Little,6.86,741
4438,82424,1.4991,2011-11-23,Small Fry,6.86,575
4439,11463,2.0077,1969-09-15,Battle of Britain,6.86,339
4440,11463,2.0077,1969-09-15,Battle of Britain,6.86,339
4441,3683,3.1534,2006-10-19,Flags of Our Fathers,6.86,1979
4442,1817,3.2173,2003-01-06,Phone Booth,6.86,4052
4443,18254,1.9071,1981-12-25,Reds,6.859,368
4444,14367,4.7812,1987-07-01,Adventures in Babysitting,6.859,733
4445,14012,1.4299,2006-10-20,Flicka,6.9,308
4446,10858,2.5422,1995-12-22,Nixon,6.859,390
4447,8009,8.7095,1986-03-07,Highlander,6.859,2848
4448,727745,2.3022,2021-08-11,The Kissing Booth 3,6.858,2003
4449,49049,7.9086,2012-09-07,Dredd,6.858,5426
4450,17845,2.0343,2008-10-21,Loft,6.858,431
4451,2787,1.9066,2000-02-18,Pitch Black,6.858,4707
4452,337339,9.0759,2017-04-12,The Fate of the Furious,6.857,10716
4453,303857,5.5992,2015-04-18,Dragon Ball Z: Resurrection 'F',6.857,1988
4454,171372,22.4485,2014-05-09,Frank,6.857,1698
4455,51999,1.6524,2011-09-29,Perfect Sense,6.857,1226
4456,11842,3.0499,1971-09-15,Red Sun,6.857,300
4457,1172676,2.3613,2023-09-29,Poison,6.9,554
4458,449443,8.9174,2018-01-18,Den of Thieves,6.856,3322
4459,168672,11.7552,2013-12-03,American Hustle,6.856,7640
4460,13275,1.2959,2006-01-27,Annapolis,6.856,558
4461,12268,1.448,1976-09-16,The Pink Panther Strikes Again,6.856,599
4462,449443,8.9174,2018-01-18,Den of Thieves,6.856,3322
4463,242090,1.7044,2014-08-08,The One I Love,6.855,761
4464,87502,15.3496,2012-02-22,Flight,6.856,6355
4465,7874,1.9404,2006-12-31,Black Snake Moan,6.855,934
4466,11148,1.486,2007-06-14,XXY,6.854,315
4467,400155,5.262,2018-06-28,Hotel Transylvania 3: Summer Vacation,6.853,4652
4468,354859,4.2981,2016-12-02,The Promise,6.853,497
4469,8367,4.8574,1991-06-14,Robin Hood: Prince of Thieves,6.853,3507
4470,919,1.2931,2000-11-18,Blood: The Last Vampire,6.853,365
4471,805327,2.6689,2022-08-16,Look Both Ways,6.9,715
4472,508101,1.5251,2019-06-14,Plus One,6.852,398
4473,260514,12.2979,2017-06-15,Cars 3,6.852,6297
4474,207933,13.1023,2014-10-23,Stonehearst Asylum,6.85,1550
4475,57737,2.0991,2011-03-01,Barbie: A Fairy Secret,6.9,531
4476,11873,4.9857,1986-10-17,The Color of Money,6.852,1479
4477,10258,1.2392,2005-09-23,The Madagascar Penguins in a Christmas Caper,6.9,385
4478,10212,12.0003,1999-03-16,Ravenous,6.852,677
4479,893370,1.1354,2022-04-21,Virus: 32,6.851,305
4480,116979,1.0791,2012-10-02,Chained,6.851,522
4481,72976,4.3858,2012-11-09,Lincoln,6.851,3996
4482,28609,2.4139,1989-07-15,Dragon Ball Z: Dead Zone,6.851,605
4483,10019,12.804,1987-02-13,Mannequin,6.851,807
4484,2755,4.9138,2002-12-12,About Schmidt,6.851,1342
4485,532865,1.9292,2021-01-14,The Dig,6.85,1321
4486,432087,0.7855,2017-06-14,Back to Burgundy,6.85,607
4487,207933,13.1023,2014-10-23,Stonehearst Asylum,6.85,1550
4488,56590,1.7485,2011-01-01,All Star Superman,6.85,546
4489,13785,3.3951,2000-09-29,Best in Show,6.85,647
4490,10138,15.7941,2010-04-28,Iron Man 2,6.85,22120
4491,1494,1.9418,2006-12-14,Curse of the Golden Flower,6.85,799
4492,929590,20.1494,2024-04-10,Civil War,6.849,4149
4493,181886,4.194,2014-03-14,Enemy,6.8,6314
4494,10218,2.0972,1996-10-18,Swingers,6.849,790
4495,1648,2.7067,1989-02-17,Bill & Ted's Excellent Adventure,6.849,2040
4496,833425,2.063,2022-02-24,No Exit,6.848,1268
4497,527729,1.8616,2018-05-12,Asterix: The Secret of the Magic Potion,6.848,1308
4498,314402,5.2598,2015-08-26,Dheepan,6.848,515
4499,44249,0.3144,2010-06-24,The Legend Is Born: Ip Man,6.848,706
4500,15867,2.1559,1978-08-02,Interiors,6.848,378
4501,14295,0.9694,2000-11-17,You Can Count on Me,6.848,339
4502,13813,4.8014,2008-12-31,Defiance,6.848,1857
4503,527729,1.8616,2018-05-12,Asterix: The Secret of the Magic Potion,6.848,1308
4504,467956,1.8425,2018-05-17,The Professor,6.847,1251
4505,445571,9.6773,2018-02-15,Game Night,6.846,6191
4506,28609,2.4139,1989-07-15,Dragon Ball Z: Dead Zone,6.851,605
4507,2039,11.6968,1987-12-16,Moonstruck,6.846,1070
4508,834860,0.0607,1985-01-01,RETURN,6.846,656
4509,446021,2.7387,2018-10-04,Bad Times at the El Royale,6.846,3803
4510,284305,1.1558,2014-09-21,Shrew's Nest,6.846,319
4511,110390,0.7054,2014-10-24,A Pigeon Sat on a Branch Reflecting on Existence,6.846,487
4512,22971,2.9423,2010-02-04,Dear John,6.846,4252
4513,22373,0.5514,2007-02-23,Saturn in Opposition,6.846,399
4514,12560,4.5713,1983-09-30,The Big Chill,6.846,643
4515,9692,0.8785,2004-12-24,The Woodsman,6.846,515
4516,8052,1.326,1997-02-28,Hard Eight,6.846,941
4517,277,5.8888,2003-09-19,Underworld,6.846,6499
4518,930921,0.4204,2022-10-27,Strangeness,6.845,352
4519,450322,6.1847,2017-10-12,The Man Who Invented Christmas,6.845,862
4520,445629,4.5998,2019-02-14,Fighting with My Family,6.845,1837
4521,258216,2.2864,2013-12-25,Nymphomaniac: Vol. I,6.845,3591
4522,42188,2.2859,2010-03-18,Never Let Me Go,6.845,2421
4523,777245,4.2467,2022-12-23,Women Talking,6.844,694
4524,28501,0.8411,1961-08-12,The Pit and the Pendulum,6.844,374
4525,574436,0.6841,2019-02-14,Piranhas,6.843,534
4526,254578,0.9833,2014-09-25,Phoenix,6.843,471
4527,254470,6.4055,2015-05-07,Pitch Perfect 2,6.842,5471
4528,11879,3.137,1987-10-02,Near Dark,6.8,846
4529,1833,2.066,2005-11-17,Rent,6.843,590
4530,85889,2.855,2013-09-23,Filth,6.842,1864
4531,38939,4.0114,1972-03-09,Tales from the Crypt,6.8,335
4532,14831,1.4515,1965-07-29,Help!,6.8,342
4533,9433,11.0665,1997-09-06,The Edge,6.842,1285
4534,4523,19.8981,2007-11-20,Enchanted,6.841,5648
4535,936,8.5321,1963-12-18,The Pink Panther,6.843,1154
4536,749170,8.9614,2025-06-24,Heads of State,6.841,969
4537,474350,10.0618,2019-09-04,It Chapter Two,6.841,9479
4538,76726,4.325,2012-02-01,Chronicle,6.841,5617
4539,55347,5.4257,2011-06-03,Beginners,6.841,1119
4540,24679,0.8181,1988-06-01,Bird,6.841,348
4541,11386,1.686,1992-09-02,The Crying Game,6.841,832
4542,10998,14.268,1987-09-18,Fatal Attraction,6.841,1651
4543,10222,4.5583,1989-04-20,Kickboxer,6.841,1544
4544,8848,4.7739,2008-02-28,The Bank Job,6.84,2538
4545,913290,9.5088,2022-09-08,Barbarian,6.84,3110
4546,581387,2.8398,2019-12-19,Ashfall,6.84,617
4547,454227,6.592,2018-09-06,Outlaw King,6.84,1658
4548,138832,8.694,2013-08-07,We're the Millers,6.84,9342
4549,1991,7.6411,2007-05-22,Death Proof,6.84,5522
4550,718633,0.8597,2021-11-17,Bruised,6.839,465
4551,429300,12.7538,2018-05-31,Adrift,6.839,2675
4552,17365,2.0554,1974-06-14,The Parallax View,6.839,354
4553,12281,1.1666,2004-08-20,Mean Creek,6.839,404
4554,11696,0.7164,1967-12-01,The Exchange Student,6.839,304
4555,1317088,2.4624,2025-03-21,The Assessment,6.837,395
4556,934761,0.998,2022-05-19,A Perfect Pairing,6.838,590
4557,521777,4.5163,2019-08-14,Good Boys,6.837,1979
4558,440161,2.141,2018-09-19,The Sisters Brothers,6.839,2052
4559,303991,5.8527,2016-04-06,Demolition,6.838,2441
4560,56804,0.3359,1995-12-15,Honeymoon Trips,6.838,507
4561,26171,1.4931,2009-12-04,Everybody's Fine,6.838,1079
4562,15171,1.4312,1973-03-01,Charlotte's Web,6.8,402
4563,1934,3.3241,1998-12-11,Shakespeare in Love,6.839,3159
4564,338952,5.7523,2018-11-14,Fantastic Beasts: The Crimes of Grindelwald,6.837,11366
4565,283366,10.2111,2016-09-28,Miss Peregrine's Home for Peculiar Children,6.838,10387
4566,65057,10.0659,2011-09-09,The Descendants,6.836,2998
4567,879,16.6328,1991-04-10,Hook,6.837,5632
4568,236,1.9485,1994-09-29,Muriel's Wedding,6.837,484
4569,785542,12.1649,2024-09-27,The Outrun,6.843,309
4570,402298,15.681,2016-09-30,Denial,6.836,684
4571,384018,12.506,2019-07-31,Fast & Furious Presents: Hobbs & Shaw,6.836,7648
4572,261102,0.4245,2014-12-25,The Misfits Club,6.836,423
4573,127560,0.9925,2013-12-02,The Railway Man,6.836,769
4574,11071,2.9772,1954-06-16,Them!,6.836,452
4575,520765,1.6167,2020-01-16,Go!,6.836,332
4576,337401,8.1141,2020-09-04,Mulan,6.835,6981
4577,164052,1.1167,2011-01-22,The Strange Thing About the Johnsons,6.835,370
4578,49367,0.7506,2005-08-19,Two Sons of Francisco,6.835,420
4579,9599,4.8412,1988-08-05,The Blob,6.834,1014
4580,7443,17.8533,2000-06-23,Chicken Run,6.834,5337
4581,4929,2.4874,1968-04-12,Hang 'em High,6.8,823
4582,238713,4.376,2015-05-06,Spy,6.834,6326
4583,932086,2.6035,2024-06-26,Horizon: An American Saga - Chapter 1,6.835,626
4584,369778,0.8558,2016-02-03,Chocolat,6.832,748
4585,308032,1.4211,2015-07-17,The Stanford Prison Experiment,6.832,979
4586,13510,8.8491,2008-09-12,Eden Lake,6.832,2029
4587,465003,5.5998,2019-07-28,The Red Sea Diving Resort,6.831,851
4588,397243,5.0624,2016-12-21,The Autopsy of Jane Doe,6.831,4625
4589,84175,1.0277,2012-06-29,Beasts of the Southern Wild,6.831,1129
4590,18937,2.8569,1998-05-15,Quest for Camelot,6.831,839
4591,15927,1.5418,1984-12-14,A Passage to India,6.831,319
4592,864370,3.358,2022-03-18,Incantation,6.83,808
4593,582206,0.9686,2019-12-04,The Best Is Yet to Come,6.8,311
4594,326359,1.8164,2015-03-09,Frozen Fever,6.83,1892
4595,11144,0.5992,1978-09-15,They Called Him Bulldozer,6.83,338
4596,2288,6.9187,2004-12-03,Closer,6.8,3686
4597,1947,1.2642,2005-09-09,An Unfinished Life,6.8,681
4598,400020,0.7636,2017-03-02,The Young Karl Marx,6.829,322
4599,317560,1.0139,2017-03-31,Carrie Pilby,6.829,441
4600,291805,10.7323,2016-06-02,Now You See Me 2,6.829,11409
4601,154400,9.8172,2014-09-12,The Drop,6.829,2377
4602,14011,1.1406,2008-02-26,Justice League: The New Frontier,6.829,551
4603,9319,3.3349,1991-12-13,The Last Boy Scout,6.829,2090
4604,95,20.3134,1998-07-01,Armageddon,6.829,8436
4605,9737,9.3876,1995-04-07,Bad Boys,6.828,6832
4606,1151272,14.3415,2025-06-06,Sirāt,6.8,504
4607,696506,22.3102,2025-02-28,Mickey 17,6.828,3316
4608,516729,4.941,2024-11-08,Paddington in Peru,6.827,640
4609,187017,6.7462,2014-06-05,22 Jump Street,6.827,8404
4610,10586,2.5384,1996-10-11,The Ghost and the Darkness,6.8,1118
4611,9062,4.385,1970-12-16,Love Story,6.827,726
4612,9026,0.9242,2002-05-17,The Importance of Being Earnest,6.827,501
4613,2005,5.4085,1992-05-28,Sister Act,6.827,3387
4614,405774,5.7591,2018-12-13,Bird Box,6.826,10444
4615,335983,19.2433,2018-09-28,Venom,6.826,17050
4616,253412,6.5919,2015-09-10,Everest,6.826,5149
4617,12205,1.3583,2002-01-19,Dark Water,6.826,689
4618,8976,1.436,2005-04-21,A Lot Like Love,6.826,1347
4619,2469,1.1267,1990-01-22,Tie Me Up! Tie Me Down!,6.826,680
4620,374416,0.7356,2016-01-01,Where Am I Going?,6.8,2210
4621,74465,8.3411,2011-11-26,We Bought a Zoo,6.825,2892
4622,55725,1.2352,2011-03-18,Win Win,6.825,543
4623,762504,12.4933,2022-07-20,Nope,6.824,4734
4624,11004,2.805,2000-02-22,Wonder Boys,6.8,646
4625,437342,3.9437,2024-04-03,The First Omen,6.823,1248
4626,150689,14.2603,2015-03-06,Cinderella,6.823,7330
4627,72190,13.2547,2013-06-19,World War Z,6.823,16292
4628,691,4.8529,1977-07-07,The Spy Who Loved Me,6.823,2175
4629,565426,3.0574,2020-02-03,To All the Boys: P.S. I Still Love You,6.822,2674
4630,26719,4.6261,1987-10-11,House of Games,6.822,338
4631,9270,1.465,2006-03-31,Brick,6.822,1346
4632,1858,6.0669,2007-06-27,Transformers,6.822,12024
4633,884971,1.1524,2022-03-09,Goliath,6.821,397
4634,446894,2.9436,2018-09-20,Smallfoot,6.821,1603
4635,86838,9.054,2012-10-12,Seven Psychopaths,6.821,4198
4636,36647,9.5228,1998-08-21,Blade,6.821,6561
4637,33542,2.5587,1995-01-21,Rumble in the Bronx,6.821,1127
4638,13682,1.8915,2005-02-11,Pooh's Heffalump Movie,6.821,484
4639,8366,1.0892,2001-07-11,Manitou's Shoe,6.821,566
4640,2614,7.2683,1987-07-01,Innerspace,6.821,1356
4641,2112,14.6972,1999-02-05,Payback,6.821,1960
4642,436270,17.8049,2022-10-19,Black Adam,6.82,6895
4643,41216,2.9542,2010-07-10,Legend of the Guardians: The Owls of Ga'Hoole,6.82,2433
4644,10297,1.4196,1953-10-29,How to Marry a Millionaire,6.82,550
4645,243683,3.7252,2014-07-15,Step Up All In,6.819,1985
4646,34193,6.6785,1978-11-08,Magic,6.819,317
4647,13648,4.7232,2008-02-13,Resident Evil: Degeneration,6.8,1154
4648,8942,0.8106,2008-12-10,Wendy and Lucy,6.8,353
4649,1978,0.89,1950-02-23,Stage Fright,6.8,359
4650,29702,6.5232,1982-10-28,Tenebre,6.818,679
4651,25475,2.8818,2009-09-03,Tinker Bell and the Lost Treasure,6.818,1096
4652,18093,0.8537,2007-10-24,Northanger Abbey,6.818,316
4653,11439,2.071,2010-02-12,The Ghost Writer,6.818,2402
4654,11129,1.1639,1999-06-04,Human Traffic,6.818,382
4655,1903,17.6847,2001-12-14,Vanilla Sky,6.818,4555
4656,353486,7.1118,2017-12-09,Jumanji: Welcome to the Jungle,6.817,14311
4657,131631,11.9465,2014-11-19,The Hunger Games: Mockingjay - Part 1,6.817,16559
4658,76535,1.1689,2011-10-25,Marvel One-Shot: A Funny Thing Happened on the Way to Thor's Hammer,6.817,535
4659,41233,6.2243,2010-08-04,Step Up 3D,6.817,1971
4660,30508,0.6222,2008-10-01,Berlin Calling,6.817,356
4661,11774,4.064,2004-12-16,Lemony Snicket's A Series of Unfortunate Events,6.817,5227
4662,11708,3.1778,1968-12-17,Chitty Chitty Bang Bang,6.817,722
4663,11617,1.6817,1950-11-15,Rio Grande,6.817,382
4664,10973,3.4799,1954-03-05,Creature from the Black Lagoon,6.8,842
4665,6961,1.5267,2005-02-04,The Wedding Date,6.817,1240
4666,252171,1.3564,2014-11-21,A Girl Walks Home Alone at Night,6.8,936
4667,10115,1.2281,2006-04-21,Stick It,6.816,596
4668,5279,16.0178,2001-12-26,Gosford Park,6.816,1212
4669,596161,1.5188,2020-11-05,Let Him Go,6.815,746
4670,567797,5.9105,2021-01-01,The Dry,6.8,796
4671,47854,1.4647,2010-09-01,Legend of the Fist: The Return of Chen Zhen,6.8,446
4672,33583,23.5899,1971-08-25,The Decameron,6.815,352
4673,9563,2.1934,1999-12-22,Any Given Sunday,6.815,1766
4674,5994,3.8612,2000-12-12,The Family Man,6.815,2150
4675,417870,4.2676,2017-07-21,Girls Trip,6.8,1556
4676,393764,0.6301,2016-06-08,The African Doctor,6.814,663
4677,82992,1.3455,2013-05-21,Fast & Furious 6,6.814,11060
4678,431,3.3584,1998-07-11,Cube,6.814,5118
4679,34205,0.854,2001-10-12,Halloweentown II: Kalabar's Revenge,6.813,359
4680,5994,3.8612,2000-12-12,The Family Man,6.815,2150
4681,431,3.3584,1998-07-11,Cube,6.814,5117
4682,11208,1.4948,2004-09-03,Wicker Park,6.813,724
4683,9655,5.2873,2006-03-17,She's the Man,6.812,3237
4684,2652,3.5474,2005-01-14,Hard Candy,6.813,2734
4685,25941,1.3698,2009-11-11,Harry Brown,6.812,1139
4686,22051,2.2793,2009-07-07,Adam,6.812,473
4687,18377,3.0074,2006-12-14,200 Pounds Beauty,6.8,343
4688,1871,1.3077,1964-11-04,Fantomas,6.812,797
4689,800815,2.7682,2022-12-22,The Pale Blue Eye,6.811,2112
4690,776797,5.3217,2021-01-22,The Sadness,6.811,1062
4691,630004,3.8849,2021-03-04,The Vault,6.811,1049
4692,438747,2.8311,2017-03-10,Tangled: Before Ever After,6.811,387
4693,225574,4.9207,2014-02-26,Non-Stop,6.811,5660
4694,27850,3.8678,1998-11-10,Halloweentown,6.811,586
4695,10045,3.7635,2004-11-09,District B13,6.811,1951
4696,846867,4.5839,2021-09-17,Mad God,6.8,531
4697,796499,4.632,2021-10-29,Army of Thieves,6.81,2228
4698,508664,1.3517,2019-08-08,Danger Close: The Battle of Long Tan,6.8,348
4699,401847,4.0862,2018-10-19,Can You Ever Forgive Me?,6.81,1329
4700,401847,4.0862,2018-10-19,Can You Ever Forgive Me?,6.81,1329
4701,377154,0.5791,2016-02-27,Being 17,6.8,373
4702,145247,1.4776,2013-12-25,The 100 Year-Old Man Who Climbed Out the Window and Disappeared,6.81,995
4703,419635,0.8565,2017-09-08,Kodachrome,6.8,478
4704,38285,0.279,1984-12-20,The Country Boy,6.8,407
4705,37735,3.7783,2010-09-16,Easy A,6.809,7274
4706,11054,3.0276,1988-02-26,Hairspray,6.809,442
4707,443463,5.3987,2018-06-29,Leave No Trace,6.808,1350
4708,252178,1.7181,2014-10-10,'71,6.808,1186
4709,14635,3.7874,2002-03-25,The Rookie,6.808,480
4710,11497,3.1591,1989-11-17,All Dogs Go to Heaven,6.808,1113
4711,2300,5.3543,1996-11-15,Space Jam,6.808,6332
4712,576784,2.8698,2021-02-18,Upon the Magic Roads,6.807,308
4713,253331,1.2301,2014-09-06,Black or White,6.807,357
4714,107985,4.5395,2013-07-18,The World's End,6.807,5776
4715,9503,0.7929,2009-10-22,Pope Joan,6.807,358
4716,8292,4.5921,2005-08-11,Four Brothers,6.807,2335
4717,5185,4.4229,1970-10-29,The Private Life of Sherlock Holmes,6.807,322
4718,974931,4.5093,2023-09-28,Totally Killer,6.806,1063
4719,502422,0.4806,2018-09-12,Thunder Road,6.8,443
4720,11018,0.9996,1985-08-16,Year of the Dragon,6.806,476
4721,9282,1.5677,2003-09-05,11:14,6.806,930
4722,8835,13.2611,2001-07-13,Legally Blonde,6.806,4447
4723,795,10.491,1998-04-10,City of Angels,6.806,2304
4724,67660,2.0174,2012-04-20,Think Like a Man,6.805,883
4725,16995,3.1114,2009-04-17,State of Play,6.805,2095
4726,10711,1.1992,1975-05-18,French Connection II,6.805,455
4727,1072790,12.9893,2023-12-21,Anyone But You,6.804,2954
4728,766798,1.8089,2021-10-08,Parallel Mothers,6.804,1021
4729,126963,10.8237,2013-03-30,Dragon Ball Z: Battle of Gods,6.8,1616
4730,37137,3.9003,1991-06-28,The Naked Gun 2½: The Smell of Fear,6.804,2667
4731,19997,3.4793,1953-01-26,Niagara,6.804,423
4732,8974,11.3016,1953-04-03,The War of the Worlds,6.804,682
4733,1195506,14.2415,2025-03-12,Novocaine,6.804,1471
4734,1001865,2.8555,2022-11-18,Scrooge: A Christmas Carol,6.8,472
4735,534490,5.0332,2019-05-24,Avengement,6.803,569
4736,369885,10.4219,2016-11-23,Allied,6.803,4732
4737,38199,3.6813,2010-05-26,Unthinkable,6.803,1404
4738,14611,1.0265,2006-08-08,Ultimate Avengers 2,6.803,317
4739,11092,3.1435,1990-07-27,Presumed Innocent,6.803,787
4740,956842,4.5654,2024-07-10,Fly Me to the Moon,6.802,1097
4741,484638,1.4056,2019-01-30,15 Minutes of War,6.802,313
4742,340485,1.3863,2016-09-30,American Honey,6.8,912
4743,332979,1.2508,2016-11-04,Bleed for This,6.802,820
4744,1241320,5.0946,2024-07-12,Kingdom: Return of the Great General,6.801,672
4745,283235,2.0668,2015-09-25,99 Homes,6.801,817
4746,10780,16.8391,1987-12-16,Overboard,6.801,952
4747,634528,4.7102,2021-01-15,The Marksman,6.8,1713
4748,3079,4.6153,1957-05-20,The Curse of Frankenstein,6.8,332
4749,426338,0.8056,2017-09-29,Holy Camp!,6.8,365
4750,283704,0.5879,2014-10-16,Leopardi,6.799,668
4751,13342,3.3046,1982-08-13,Fast Times at Ridgemont High,6.799,1344
4752,10897,7.7193,1994-08-05,The Little Rascals,6.799,1298
4753,10697,1.3992,2000-03-01,The Taste of Others,6.799,360
4754,3509,1.7937,2006-07-07,A Scanner Darkly,6.799,1896
4755,15247,1.2288,1965-03-18,The Ipcress File,6.798,337
4756,14392,2.0467,2007-12-12,The Warlords,6.798,361
4757,11381,7.1689,1995-03-31,Tommy Boy,6.8,1033
4758,8881,1.5538,2008-09-05,Che: Part One,6.798,811
4759,760883,1.9504,2021-07-23,Blood Red Sky,6.797,1677
4760,643882,1.3617,2020-11-19,The Princess Switch: Switched Again,6.797,917
4761,629015,1.7033,2022-03-24,Shut In,6.797,385
4762,606566,0.4956,2020-02-13,The Best Years,6.797,432
4763,514921,2.1798,2019-11-04,The Aeronauts,6.797,1172
4764,37768,0.5456,1982-01-22,Talcum Powder,6.797,479
4765,796,19.9256,1999-03-05,Cruel Intentions,6.797,3500
4766,1034541,13.4665,2024-10-09,Terrifier 3,6.796,1882
4767,426249,4.0016,2018-09-20,Lords of Chaos,6.796,538
4768,171337,0.8262,2013-02-27,Siberian Education,6.796,557
4769,44835,3.6979,2010-01-22,Hesher,6.796,732
4770,9481,4.6447,1999-11-04,The Bone Collector,6.796,3790
4771,401898,11.2462,2017-09-15,Thelma,6.8,1118
4772,16910,2.4232,2005-08-06,Naruto the Movie: Legend of the Stone of Gelel,6.795,430
4773,9387,6.7485,1982-03-16,Conan the Barbarian,6.795,2728
4774,974635,11.5069,2024-05-16,Hit Man,6.795,1549
4775,256917,1.6833,2014-12-25,The Water Diviner,6.794,1307
4776,29193,0.7751,1997-12-03,The Spanish Prisoner,6.794,309
4777,9746,2.4856,1997-12-25,Kundun,6.794,482
4778,6973,1.3982,2007-09-14,In the Valley of Elah,6.794,1069
4779,5038,4.1802,2008-08-15,Vicky Cristina Barcelona,6.794,3956
4780,2142,2.9731,1997-08-15,Cop Land,6.794,1749
4781,668482,3.56,2022-11-25,Roald Dahl's Matilda the Musical,6.793,799
4782,370663,4.7752,2017-02-10,Below Her Mouth,6.8,1266
4783,262551,3.1516,2014-04-16,Babysitting,6.793,1998
4784,109417,1.0344,2013-09-21,Battle of the Year,6.793,352
4785,17612,1.5414,2001-01-21,Lost and Delirious,6.793,526
4786,2616,2.7856,1989-08-16,Uncle Buck,6.793,1319
4787,601796,3.749,2022-07-20,Alienoid,6.8,504
4788,290864,1.8848,2014-10-31,Kung Fu Jungle,6.792,507
4789,188166,14.117,2014-04-25,Blue Ruin,6.792,1595
4790,170522,1.4711,2014-11-26,Asterix: The Mansions of the Gods,6.792,1453
4791,158011,12.9135,2013-03-14,The Call,6.792,3017
4792,41402,2.2693,2010-10-01,Let Me In,6.792,2170
4793,20504,5.3748,2010-01-14,The Book of Eli,6.792,6562
4794,11013,6.1975,2002-09-20,Secretary,6.8,1843
4795,4547,14.7047,2002-03-29,Panic Room,6.792,5313
4796,4484,1.078,1978-10-20,La Cage aux Folles,6.792,431
4797,1721,1.9195,1972-12-22,All the Way Boys,6.792,420
4798,763329,11.9005,2021-12-10,Red Rocket,6.791,603
4799,475759,1.4246,2017-09-14,2048: Nowhere to Run,6.8,363
4800,18095,2.0095,1997-03-26,Dragon Ball GT: A Hero's Legacy,6.791,366
4801,11590,2.67,1977-02-25,Slap Shot,6.8,423
4802,228161,5.7756,2015-03-18,Home,6.79,4168
4803,207686,0.5327,2013-06-21,The House at the End of Time,6.79,333
4804,59860,2.2644,2011-07-01,Monte Carlo,6.79,2300
4805,9411,9.7239,1998-01-16,Fallen,6.79,1556
4806,44629,1.8572,2010-06-03,Animal Kingdom,6.789,888
4807,39013,2.0364,2010-06-11,Winter's Bone,6.789,1945
4808,18198,1.6363,2008-02-26,Barbie Mariposa,6.8,541
4809,947891,3.6913,2024-09-13,My Old Ass,6.788,452
4810,604578,4.166,2020-10-02,Spontaneous,6.788,570
4811,27554,1.3567,1971-06-01,The Panic in Needle Park,6.788,361
4812,27130,0.7418,1943-04-21,I Walked with a Zombie,6.788,323
4813,12246,1.791,2007-09-20,Mongol: The Rise of Genghis Khan,6.788,751
4814,717930,5.5038,2023-05-25,Kandahar,6.787,1194
4815,198184,18.8983,2015-03-04,Chappie,6.787,8352
4816,30163,1.3133,1986-12-17,The Fugitives,6.787,420
4817,11835,14.9103,2007-08-31,Death Sentence,6.787,1222
4818,11319,3.717,1977-06-22,The Rescuers,6.8,2650
4819,10855,0.7303,2002-11-15,Naked Weapon,6.8,396
4820,798645,29.0488,2025-11-11,The Running Man,6.788,1218
4821,417670,0.3946,2018-04-24,Loro 1,6.786,543
4822,299537,8.586,2019-03-06,Captain Marvel,6.786,16556
4823,98548,1.754,2012-06-29,People Like Us,6.786,648
4824,29161,8.3093,1985-01-25,Phenomena,6.8,898
4825,27130,0.7418,1943-04-21,I Walked with a Zombie,6.788,323
4826,9953,2.4899,2004-09-02,A Love Song for Bobby Long,6.786,414
4827,9654,4.1236,2003-05-30,The Italian Job,6.785,5898
4828,836009,5.0628,2022-02-10,Against the Ice,6.785,599
4829,598331,2.9293,2021-02-12,Rumble,6.785,541
4830,424781,5.8424,2018-07-06,Sorry to Bother You,6.785,1715
4831,318917,1.7825,2015-10-08,Look Who's Back,6.785,1897
4832,301351,2.4141,2015-08-26,We Are Your Friends,6.784,2426
4833,27554,1.3567,1971-06-01,The Panic in Needle Park,6.788,361
4834,11835,14.9103,2007-08-31,Death Sentence,6.787,1222
4835,475132,1.2505,2018-11-16,A Private War,6.784,544
4836,227719,15.5466,2015-01-28,Project Almanac,6.783,2796
4837,188927,7.5284,2016-07-07,Star Trek Beyond,6.784,6987
4838,15854,2.425,2008-11-08,Kung Fu Panda: Secrets of the Furious Five,6.784,459
4839,496,4.5967,2006-11-01,Borat: Cultural Learnings of America for Make Benefit Glorious Nation of Kazakhstan,6.784,5853
4840,454,16.4024,1996-11-01,Romeo + Juliet,6.8,5268
4841,1172675,13.4403,2023-09-27,The Swan,6.8,521
4842,648579,3.1252,2022-04-20,The Unbearable Weight of Massive Talent,6.783,2393
4843,57243,0.8148,2011-02-16,The Women on the 6th Floor,6.8,401
4844,11843,1.3729,1975-05-21,The Return of the Pink Panther,6.783,663
4845,8871,7.5423,2000-11-17,How the Grinch Stole Christmas,6.783,8173
4846,33908,0.9129,2004-08-20,Three... Extremes,6.782,403
4847,30596,1.6996,2009-12-18,Bodyguards and Assassins,6.782,390
4848,24750,1.8077,1979-09-28,Time After Time,6.782,374
4849,12178,0.9974,2008-03-07,Miss Pettigrew Lives for a Day,6.8,413
4850,9314,8.9367,1984-11-09,Nineteen Eighty-Four,6.782,1613
4851,1946,2.8736,1999-04-14,eXistenZ,6.782,2121
4852,718821,14.7323,2024-07-10,Twisters,6.781,2844
4853,597156,1.8632,2020-09-30,The Boys in the Band,6.781,447
4854,482981,0.8726,2019-04-12,Wild Rose,6.8,349
4855,350499,2.9743,2015-07-18,Pokémon the Movie: Hoopa and the Clash of Ages,6.781,303
4856,345887,8.5883,2018-07-19,The Equalizer 2,6.8,5846
4857,56415,1.3721,2011-11-10,A Gang Story,6.78,393
4858,11235,1.1111,1983-02-17,Local Hero,6.781,391
4859,592863,1.5036,2021-08-12,Respect,6.8,452
4860,11791,1.3806,1959-05-04,The Hound of the Baskervilles,6.78,363
4861,9647,5.5145,1988-11-22,Scrooged,6.78,1664
4862,772,8.7339,1992-11-15,Home Alone 2: Lost in New York,6.78,10470
4863,525661,12.783,2019-12-13,Bombshell,6.779,3155
4864,400579,14.8603,2018-05-04,Tully,6.779,1500
4865,59387,1.4878,2002-07-03,The Powerpuff Girls Movie,6.779,341
4866,9272,4.8405,1993-09-24,The Good Son,6.779,1023
4867,9100,14.5208,1996-05-03,The Craft,6.779,2014
4868,8852,4.7537,1987-10-23,Prince of Darkness,6.779,1120
4869,524434,14.1407,2021-11-03,Eternals,6.778,8982
4870,241771,1.2125,2014-11-14,Beyond the Lights,6.778,388
4871,51209,1.5215,2011-03-10,Kill the Irishman,6.778,685
4872,8193,2.75,2004-06-11,Napoleon Dynamite,6.778,2098
4873,1365,2.2266,2001-12-26,Monster's Ball,6.8,1057
4874,538207,1.1067,2019-05-09,We Die Young,6.8,341
4875,84332,1.9562,2012-06-08,Safety Not Guaranteed,6.777,1582
4876,11022,1.9947,2002-01-14,Narc,6.777,573
4877,9374,6.2433,1992-07-30,Death Becomes Her,6.8,2912
4878,654895,0.9786,2022-03-17,Run to You,6.776,387
4879,619930,1.6329,2022-12-25,Narvik,6.776,433
4880,321697,3.929,2015-10-09,Steve Jobs,6.776,4321
4881,61667,23.5822,2011-04-15,We Have a Pope,6.776,588
4882,38050,4.8273,2011-03-03,The Adjustment Bureau,6.776,4819
4883,14830,1.3788,2007-08-14,Doctor Strange,6.8,339
4884,11935,4.2035,1977-12-10,Capricorn One,6.776,495
4885,646207,4.1907,2021-06-24,The Ice Road,6.775,1872
4886,51052,5.1318,2011-11-10,Arthur Christmas,6.775,1608
4887,19548,1.0058,1966-09-09,The Restaurant,6.774,547
4888,12160,3.3622,1994-06-24,Wyatt Earp,6.774,912
4889,744276,3.314,2022-08-24,After Ever Happy,6.773,1350
4890,121835,1.0885,2012-09-20,Lore,6.773,309
4891,11622,4.5575,1999-02-12,Blast from the Past,6.8,1190
4892,9740,2.0021,2001-02-08,Hannibal,6.773,5102
4893,8456,4.3287,2008-03-04,Never Back Down,6.773,2450
4894,444090,1.5823,2017-09-29,The Ash Lad: In the Hall of the Mountain King,6.772,401
4895,912,1.7319,1968-06-26,The Thomas Crown Affair,6.772,559
4896,37686,6.733,2011-06-09,Super 8,6.771,6973
4897,9443,2.5451,1981-05-15,Chariots of Fire,6.771,1014
4898,712,7.4035,1994-03-09,Four Weddings and a Funeral,6.771,2944
4899,619730,5.1429,2022-09-21,Don't Worry Darling,6.77,2869
4900,11003,2.5507,1998-02-13,The Wedding Singer,6.77,1878
4901,9684,1.0568,1999-12-03,Sweet and Lowdown,6.77,547
4902,8348,2.2163,1974-05-23,Thunderbolt and Lightfoot,6.77,612
4903,239566,4.4658,2014-08-01,Get On Up,6.769,558
4904,236751,2.8718,2014-04-16,Heaven Is for Real,6.769,871
4905,184352,0.7953,2014-03-28,Tom at the Farm,6.769,845
4906,32250,1.0862,2000-02-11,Ju-on: The Curse,6.769,301
4907,26517,3.3825,1978-05-10,Martin,6.769,308
4908,11507,3.3441,1984-10-25,Body Double,6.769,887
4909,10195,15.1438,2011-04-21,Thor,6.769,22116
4910,9031,0.9909,1979-11-30,I'm for the Hippopotamus,6.8,513
4911,892515,0.7168,2022-11-01,Masquerade,6.8,456
4912,258152,1.8683,2014-02-20,Party Central,6.768,315
4913,128136,0.9102,2012-09-11,My Awkward Sexual Adventure,6.768,360
4914,11223,1.4847,1978-01-06,Coma,6.768,444
4915,9318,1.1169,1986-12-03,Asterix in Britain,6.768,711
4916,7012,1.2532,1983-12-10,The Day After,6.8,428
4917,1439,1.6354,1999-12-16,Anna and the King,6.768,816
4918,1013850,3.6593,2024-11-01,A Real Pain,6.767,1322
4919,845659,17.9751,2023-02-16,Perfect Addiction,6.767,324
4920,472734,1.6033,2018-12-20,Dumplin',6.767,1428
4921,159824,6.4071,2015-09-21,Hotel Transylvania 2,6.767,6054
4922,44251,17.4755,1994-03-12,Dragon Ball Z: Broly - Second Coming,6.8,707
4923,11313,1.3198,2001-09-28,Hearts in Atlantis,6.767,606
4924,10096,8.0359,2004-04-13,13 Going on 30,6.8,5468
4925,2255,1.9212,1997-04-04,Chasing Amy,6.767,1506
4926,535292,12.6422,2019-10-24,21 Bridges,6.766,2109
4927,267463,0.8379,2014-09-06,The 10 Year Plan,6.766,301
4928,11253,3.7483,2008-07-11,Hellboy II: The Golden Army,6.766,5522
4929,11162,1.5394,2004-12-03,The Merchant of Venice,6.766,599
4930,6435,2.8984,1998-10-16,Practical Magic,6.8,1677
4931,2362,3.2221,1973-08-15,Westworld,6.8,1418
4932,2266,1.6105,2006-06-21,Paris Je T'aime,6.8,815
4933,325189,0.8851,2015-06-26,Teen Beach 2,6.8,597
4934,231176,0.5496,2013-10-31,Sun In Buckets,6.765,1734
4935,9519,1.8336,2000-06-21,Chopper,6.765,404
4936,468202,1.7253,2017-10-26,The Girl in the Fog,6.764,1065
4937,352161,1.7854,2015-08-13,The Clan,6.764,433
4938,11259,5.3148,1992-05-22,Far and Away,6.765,1278
4939,5854,1.1375,1976-04-09,Family Plot,6.764,492
4940,5854,1.1375,1976-04-09,Family Plot,6.764,492
4941,733156,0.9716,2020-09-29,Sightless,6.763,416
4942,537059,1.167,2019-03-29,Justice League vs. the Fatal Five,6.763,376
4943,316152,1.522,2016-06-24,Free State of Jones,6.763,1600
4944,48175,0.6843,2007-03-16,7 and 8,6.763,691
4945,25284,2.0204,1994-05-26,The Last Seduction,6.761,414
4946,5729,1.4293,1930-11-28,L'Âge d'or,6.763,335
4947,569547,2.2085,2018-12-28,Black Mirror: Bandersnatch,6.762,4122
4948,381262,0.8645,2016-03-16,In Her Name,6.762,328
4949,272693,5.8139,2015-02-20,The DUFF,6.762,4451
4950,105077,4.7464,2009-10-27,Battlestar Galactica: The Plan,6.762,468
4951,44683,3.1616,2010-07-29,Tinker Bell and the Great Fairy Rescue,6.762,994
4952,11838,2.7665,2002-10-18,Ju-on: The Grudge,6.761,918
4953,10226,3.5874,2003-06-18,High Tension,6.762,1431
4954,8355,10.6787,2009-06-26,Ice Age: Dawn of the Dinosaurs,6.762,8763
4955,369192,4.9178,2017-09-22,Battle of the Sexes,6.761,1941
4956,205775,3.2835,2015-12-03,In the Heart of the Sea,6.761,4301
4957,14337,2.8454,2004-10-08,Primer,6.8,2358
4958,11974,14.8243,1989-02-17,The 'Burbs,6.8,1337
4959,10156,346.5377,1981-06-12,History of the World: Part I,6.761,885
4960,2293,1.6647,1995-10-20,Mallrats,6.761,1348
4961,956,6.1528,2006-04-25,Mission: Impossible III,6.761,7495
4962,500682,4.6132,2019-03-15,The Highwaymen,6.762,2196
4963,419709,0.9461,2017-11-03,Last Flag Flying,6.8,482
4964,15856,5.2614,1959-01-01,House on Haunted Hill,6.76,593
4965,12626,1.453,1987-12-16,Broadcast News,6.8,455
4966,9763,3.1683,2005-09-29,Goal!,6.76,1182
4967,1151039,5.5219,2025-05-01,Nonnas,6.759,473
4968,377799,0.8987,2016-02-17,One Man and his Cow,6.759,350
4969,278427,1.0305,2010-12-21,Family Guy Presents: It's a Trap!,6.759,441
4970,3784,1.505,1991-10-11,Frankie and Johnny,6.759,632
4971,46195,9.7502,2011-04-03,Rio,6.759,7077
4972,1197137,15.0398,2025-10-15,Black Phone 2,6.752,938
4973,193613,0.6487,2013-09-25,Metallica: Through the Never,6.757,304
4974,181808,9.7694,2017-12-13,Star Wars: The Last Jedi,6.757,16127
4975,11185,2.6177,1989-05-12,"See No Evil, Hear No Evil",6.757,1049
4976,620725,1.9238,2019-10-10,Jexi,6.756,1266
4977,509598,6.0477,2019-10-03,Mr. Jones,6.756,452
4978,390734,5.0917,2016-07-09,Kingsglaive: Final Fantasy XV,6.758,737
4979,15849,2.5028,1932-12-22,The Mummy,6.755,688
4980,348765,0.5388,2015-11-05,Alaska,6.754,311
4981,338768,1.0407,2018-01-26,Please Stand By,6.8,510
4982,28089,1.2735,2009-11-13,The Messenger,6.754,471
4983,15723,0.5933,1999-11-17,The Big Kahuna,6.754,367
4984,9469,1.7489,1998-05-01,He Got Game,6.754,777
4985,5175,9.7011,2001-08-03,Rush Hour 2,6.754,4493
4986,1088514,2.4741,2024-10-07,The Room Next Door,6.753,661
4987,919573,0.5825,2022-10-12,The Innocent,6.753,369
4988,795813,1.302,2021-07-01,I'm Your Man,6.8,356
4989,585268,5.0164,2019-10-02,War,6.753,370
4990,9739,16.1504,1993-10-08,Demolition Man,6.753,4016
4991,9326,3.366,1984-03-30,Romancing the Stone,6.753,1999
4992,1197137,15.0398,2025-10-15,Black Phone 2,6.752,938
4993,401246,5.1754,2017-08-25,The Square,6.752,1701
4994,209451,2.9882,2014-06-18,Jersey Boys,6.752,733
4995,13195,2.3101,2007-09-01,Flawless,6.752,604
4996,10510,2.4104,1994-11-18,Miracle on 34th Street,6.752,1133
4997,9558,2.5742,1990-07-18,King of New York,6.752,753
4998,8489,2.9818,2001-12-10,Ali,6.8,1836
4999,1212073,2.698,2024-01-19,Sixty Minutes,6.751,593
5000,1212073,2.698,2024-01-19,Sixty Minutes,6.751,593
5001,758336,3.334,2023-05-04,Love Again,6.751,461
5002,568091,2.8473,2019-09-22,Fractured,6.75,2828
5003,42691,1.3715,1967-09-07,Oedipus Rex,6.751,361
5004,15144,14.991,1984-05-04,Sixteen Candles,6.751,2186
5005,635910,4.2932,2023-08-09,The Last Voyage of the Demeter,6.75,1879
5006,245698,10.5599,2015-09-16,Pawn Sacrifice,6.751,1041
5007,619778,15.8755,2021-09-01,Malignant,6.748,2556
5008,8536,11.1097,1980-12-12,Superman II,6.749,2471
5009,605,9.8338,2003-11-05,The Matrix Revolutions,6.748,10622
5010,814776,3.437,2023-08-25,Bottoms,6.7,802
5011,571891,6.3802,2019-07-12,Pokémon the Movie: Mewtwo Strikes Back - Evolution,6.7,557
5012,21481,2.4421,2005-10-14,Twitches,6.7,530
5013,4985,2.3192,1974-08-21,The Longest Yard,6.7,313
5014,4978,2.1929,1986-11-21,An American Tail,6.7,1424
5015,2926,1.8884,1973-12-11,The Three Musketeers,6.748,345
5016,256924,2.4005,2015-03-19,Danny Collins,6.747,574
5017,12227,14.7915,1991-01-18,White Fang,6.747,651
5018,466,1.8778,1971-06-23,Klute,6.747,492
5019,257,1.6654,2005-09-23,Oliver Twist,6.746,1228
5020,257,1.6654,2005-09-23,Oliver Twist,6.746,1228
5021,755566,14.7192,2022-08-12,Day Shift,6.745,2146
5022,539892,1.9312,2019-09-12,Freaks,6.745,1247
5023,9367,1.8687,1993-02-22,El Mariachi,6.745,1253
5024,600583,2.5253,2021-10-25,The Power of the Dog,6.744,2899
5025,512195,5.24,2021-11-04,Red Notice,6.744,6308
5026,1696,1.9324,2005-07-22,The Devil's Rejects,6.7,1516
5027,297725,1.1865,2018-05-19,The Man Who Killed Don Quixote,6.743,1064
5028,12706,1.7457,1998-06-25,Croupier,6.743,315
5029,913,2.5287,1999-08-06,The Thomas Crown Affair,6.743,1319
5030,785533,1.1135,2021-11-18,The Princess Switch 3: Romancing the Star,6.7,460
5031,724209,3.5808,2023-08-09,Heart of Stone,6.742,1867
5032,463319,1.643,2018-09-30,Shadow,6.742,438
5033,14924,1.3245,1986-09-12,Sid and Nancy,6.7,553
5034,11904,4.1802,1985-12-04,Young Sherlock Holmes,6.742,689
5035,10692,4.1732,1986-09-24,Henry: Portrait of a Serial Killer,6.742,767
5036,9781,1.6644,1999-08-13,Detroit Rock City,6.742,443
5037,548066,1.4531,2018-02-20,Level 16,6.741,724
5038,538225,1.6959,2019-05-31,Deadwood: The Movie,6.741,442
5039,283350,1.5683,2014-09-04,Before We Go,6.741,1873
5040,41110,1.2864,2010-03-19,I Am Love,6.741,397
5041,20115,1.9126,1987-12-19,Opera,6.741,522
5042,10935,1.4575,1980-11-19,Heaven's Gate,6.741,403
5043,10427,1.1223,1993-05-14,Red Rock West,6.7,384
5044,1020006,16.0473,2023-10-27,Priscilla,6.74,1042
5045,760517,1.6816,2022-02-11,Love and Leashes,6.7,306
5046,37777,0.344,1983-10-27,Soap and Water,6.74,361
5047,11211,0.2084,2006-07-18,Bring It On: All or Nothing,6.74,854
5048,634,3.4139,2001-04-13,Bridget Jones's Diary,6.739,5423
5049,806368,14.195,2022-11-10,The Son,6.737,550
5050,530723,5.9615,2019-09-08,Bad Education,6.739,755
5051,57112,0.5009,2004-12-15,Have You Met Claudia?,6.739,1055
5052,10846,0.9171,2005-10-14,The Tiger and the Snow,6.739,490
5053,9749,1.196,1985-05-31,Fletch,6.739,743
5054,212716,9.2846,2013-09-07,What If,6.738,2055
5055,10585,4.9554,1988-11-09,Child's Play,6.7,3271
5056,463319,1.643,2018-09-30,Shadow,6.742,438
5057,458594,2.8593,2018-09-06,Peppermint,6.737,2200
5058,21474,0.1712,2009-07-30,Bring It On: Fight to the Finish,6.737,575
5059,4271,1.1861,1988-02-03,Life Is a Long Quiet River,6.737,452
5060,4271,1.1861,1988-02-03,Life Is a Long Quiet River,6.737,452
5061,667869,0.6286,2020-11-03,The Life Ahead,6.736,567
5062,587807,6.6678,2021-02-10,Tom & Jerry,6.736,2551
5063,105864,11.0264,2015-11-14,The Good Dinosaur,6.736,5905
5064,14022,1.7639,1991-07-05,Slacker,6.736,331
5065,13312,1.3294,2007-06-13,Inside,6.736,902
5066,11091,1.2476,2001-10-19,Riding in Cars with Boys,6.736,473
5067,11086,2.2834,2001-12-21,The Majestic,6.736,815
5068,7985,2.5983,2007-11-17,Penelope,6.7,1458
5069,858,3.6608,1993-06-24,Sleepless in Seattle,6.7,2537
5070,394684,0.7827,2016-10-28,May God Save Us,6.735,465
5071,376570,11.8331,2016-03-12,Hush,6.735,4780
5072,256274,3.9724,2014-08-14,"As Above, So Below",6.7,3784
5073,10591,9.0306,2004-04-09,The Girl Next Door,6.735,3917
5074,3989,5.6724,2004-10-10,Team America: World Police,6.735,2007
5075,448776,1.2689,2018-05-24,A Prayer Before Dawn,6.7,627
5076,416194,1.4306,2018-08-31,The Quake,6.7,806
5077,186161,0.5798,2013-04-19,The Gilded Cage,6.734,353
5078,37233,14.3715,1993-06-30,The Firm,6.734,2248
5079,882059,6.3649,2024-04-24,Boy Kills World,6.735,771
5080,186161,0.5798,2013-04-19,The Gilded Cage,6.734,353
5081,37233,14.3715,1993-06-30,The Firm,6.734,2248
5082,39513,18.951,2011-02-14,Paul,6.733,6155
5083,26648,1.3027,1974-04-03,The Night Porter,6.7,377
5084,18764,1.5603,1992-01-15,Twin Dragons,6.733,419
5085,11592,2.3964,1994-04-13,Serial Mom,6.733,754
5086,974262,6.5979,2024-07-11,Descendants: The Rise of Red,6.732,461
5087,541660,1.0302,2018-09-13,Loro,6.732,342
5088,399170,5.1765,2017-08-17,Logan Lucky,6.732,3771
5089,253980,1.9706,2014-02-04,Marvel One-Shot: All Hail the King,6.732,599
5090,65760,1.8673,2010-09-13,The Whistleblower,6.732,600
5091,45610,1.5682,2011-09-23,Machine Gun Preacher,6.732,1115
5092,21385,2.5253,2004-08-04,"Mickey, Donald, Goofy: The Three Musketeers",6.732,976
5093,12651,1.2608,1990-09-07,Memphis Belle,6.732,409
5094,464502,1.9739,2018-03-30,Acrimony,6.731,390
5095,438799,4.1443,2018-11-01,Overlord,6.731,3062
5096,42172,3.1675,1979-02-09,Hardcore,6.731,305
5097,17894,1.1969,1997-02-07,The Beautician and the Beast,6.731,368
5098,13691,1.5178,2003-03-16,Piglet's Big Movie,6.7,394
5099,13640,2.0713,2007-09-18,Superman: Doomsday,6.73,692
5100,10837,7.9247,1990-08-03,DuckTales: The Movie - Treasure of the Lost Lamp,6.7,914
5101,4349,2.5472,2007-08-22,The Kingdom,6.73,1778
5102,581392,5.4272,2020-07-15,Peninsula,6.729,2537
5103,294254,9.8082,2015-09-09,Maze Runner: The Scorch Trials,6.729,10898
5104,12599,3.3574,1999-07-17,Pokémon the Movie 2000,6.7,918
5105,10135,2.5386,1989-05-19,Road House,6.729,1461
5106,1909,1.3478,1994-10-12,Don Juan DeMarco,6.729,789
5107,28176,1.7114,1988-08-12,Tucker: The Man and His Dream,6.728,414
5108,13258,1.0041,2007-01-22,Son of Rambow,6.7,480
5109,12233,2.007,1988-11-18,Oliver & Company,6.728,1673
5110,11542,1.6485,1980-12-25,Altered States,6.7,734
5111,1930,15.8726,2012-06-23,The Amazing Spider-Man,6.728,18282
5112,752505,4.0841,2021-04-04,The Old Ways,6.727,364
5113,11009,2.4566,1977-12-16,Saturday Night Fever,6.727,2049
5114,9058,3.4361,1994-03-04,Only You,6.727,557
5115,8967,5.0796,2011-05-17,The Tree of Life,6.727,3285
5116,591,7.7977,2006-05-17,The Da Vinci Code,6.727,9920
5117,732450,1.5277,2021-01-12,Batman: Soul of the Dragon,6.726,369
5118,597094,0.9842,2019-05-31,First Love,6.726,325
5119,44718,1.2179,2010-07-30,Get Low,6.726,329
5120,12508,2.9858,2001-09-04,Rock Star,6.726,800
5121,2669,5.4013,1984-05-04,The Bounty,6.7,623
5122,1870,1.4542,1965-12-08,Fantomas Unleashed,6.7,561
5123,77499,0.8828,2011-11-03,Barbie: A Perfect Christmas,6.7,322
5124,6312,2.842,2001-01-31,Brotherhood of the Wolf,6.725,1681
5125,5255,4.7838,2004-11-10,The Polar Express,6.725,6798
5126,298,5.2514,2007-06-05,Ocean's Thirteen,6.725,6773
5127,359983,1.532,2016-01-25,The Lion Guard: Return of the Roar,6.724,1219
5128,790,7.9698,1980-02-01,The Fog,6.7,1704
5129,760104,8.5185,2022-03-17,X,6.723,3851
5130,524216,1.7547,2020-09-25,The Mortuary Collection,6.723,474
5131,269650,3.451,2014-05-28,Appleseed Alpha,6.723,410
5132,53957,0.8814,2009-03-13,La matassa,6.723,487
5133,36897,2.5193,2001-08-17,Pokémon: Mewtwo Returns,6.7,423
5134,19200,1.3875,1991-12-05,Shadows and Fog,6.723,389
5135,1875,0.7883,1967-03-16,Fantomas vs. Scotland Yard,6.7,560
5136,310,29.5129,2003-05-23,Bruce Almighty,6.723,11340
5137,933419,1.7735,2023-03-09,Champions,6.722,482
5138,852438,1.117,2022-05-18,Final Cut,6.722,462
5139,460059,0.8525,2018-01-03,Burn Out,6.722,450
5140,107846,14.8588,2013-10-09,Escape Plan,6.722,5503
5141,35554,0.6912,2009-11-27,Cado dalle nubi,6.722,1695
5142,24740,2.8321,1982-09-30,The Entity,6.722,539
5143,13851,1.751,2008-07-08,Batman: Gotham Knight,6.7,748
5144,9789,0.67,2007-03-28,My Brother Is an Only Child,6.7,410
5145,2462,1.7553,1969-09-10,Hibernatus,6.722,503
5146,1118031,6.9314,2024-10-04,Apocalypse Z: The Beginning of the End,6.721,1209
5147,476669,8.0893,2021-12-22,The King's Man,6.721,4967
5148,209263,1.4842,2013-09-18,Enough Said,6.721,896
5149,313922,12.6949,2016-04-15,Green Room,6.72,2887
5150,881462,0.5212,2023-03-16,Still Time,6.719,358
5151,424783,15.3069,2018-11-22,Bumblebee,6.719,6525
5152,300666,1.7194,2015-05-08,Bravetown,6.7,303
5153,244506,1.7351,2014-10-17,Camp X-Ray,6.719,1084
5154,82703,4.5594,2014-02-07,Mr. Peabody & Sherman,6.7,2494
5155,9538,13.4826,1981-01-14,Scanners,6.7,1318
5156,662546,2.4795,2020-12-04,Godmothered,6.7,631
5157,504603,0.909,2018-08-15,The World Is Yours,6.718,439
5158,198185,1.1963,2014-05-09,Million Dollar Arm,6.7,653
5159,14197,1.269,2008-05-26,My Sassy Girl,6.718,397
5160,4108,6.8261,2002-10-02,The Transporter,6.717,5714
5161,2330,5.1411,1998-04-08,Taxi,6.718,2663
5162,614292,1.2689,2020-06-15,Bad Tales,6.717,605
5163,463858,0.6528,2018-09-12,The Freshmen,6.717,723
5164,124157,1.4855,2012-07-25,The Thieves,6.717,327
5165,11130,6.3872,2004-08-06,The Princess Diaries 2: Royal Engagement,6.717,3381
5166,9819,1.1887,1996-12-18,Marvin's Room,6.7,624
5167,500475,2.1271,2018-06-13,SuperFly,6.7,399
5168,48415,1.0735,2010-10-01,Welcome to the South,6.716,1861
5169,28942,1.2267,1979-05-25,The Brood,6.716,791
5170,16241,13.882,1978-10-05,The Boys from Brazil,6.716,432
5171,13448,10.0616,2009-04-20,Angels & Demons,6.716,7214
5172,11448,1.3662,1995-09-13,Mighty Aphrodite,6.716,731
5173,10758,1.1661,2007-05-25,Waitress,6.716,567
5174,4587,2.7881,1990-12-14,Mermaids,6.7,566
5175,950,8.0335,2006-03-29,Ice Age: The Meltdown,6.715,10235
5176,14522,1.2055,1994-07-29,Black Beauty,6.715,344
5177,10785,1.6215,1951-04-05,The Thing from Another World,6.7,673
5178,10675,4.6155,1988-02-19,Frantic,6.715,1105
5179,1239193,7.2862,2025-06-12,Deep Cover,6.714,535
5180,452773,1.8884,2017-03-25,"Tad, the Lost Explorer, and the Secret of King Midas",6.7,432
5181,353571,0.9331,2016-06-02,Tallulah,6.714,748
5182,24803,5.2902,2009-08-06,Julie & Julia,6.714,2189
5183,14181,4.4295,2000-02-18,Boiler Room,6.714,728
5184,10552,2.2285,1985-04-12,Cat's Eye,6.714,715
5185,484641,16.1843,2019-06-19,Anna,6.713,2931
5186,459992,11.1866,2019-05-02,Long Shot,6.713,2838
5187,200505,1.4865,2014-04-11,Draft Day,6.713,981
5188,15762,3.5778,1986-08-21,Night of the Creeps,6.713,556
5189,13155,4.5351,1985-06-21,Return to Oz,6.713,1059
5190,10660,4.0841,1994-07-16,It Could Happen to You,6.713,898
5191,505948,1.972,2019-06-07,I Am Mother,6.712,2773
5192,74513,3.7044,2011-11-02,Special Forces,6.7,620
5193,55420,6.6471,2011-07-22,Another Earth,6.712,1767
5194,51980,0.9737,1993-09-29,Germinal,6.7,338
5195,13509,1.5136,1987-08-14,The Monster Squad,6.712,626
5196,616803,1.4505,2020-02-14,Breaking Surface,6.711,440
5197,402529,4.2849,2017-06-12,All Eyez on Me,6.711,1219
5198,91745,1.0628,2013-09-12,Romeo & Juliet,6.71,581
5199,1042834,10.3439,2025-04-03,Eden,6.709,575
5200,91745,1.0628,2013-09-12,Romeo & Juliet,6.71,581
5201,427348,0.9648,2017-11-01,Carbone,6.709,440
5202,24106,3.4246,1934-05-07,The Black Cat,6.709,304
5203,20649,1.3685,1995-09-15,Clockers,6.709,345
5204,15674,0.821,1996-04-07,Sabrina the Teenage Witch,6.709,338
5205,1125,4.7266,2006-12-25,Dreamgirls,6.709,1067
5206,798286,5.8144,2023-04-14,Beau Is Afraid,6.708,1272
5207,649394,1.1216,2021-07-21,Worth,6.708,365
5208,249397,8.0582,2013-12-25,Nymphomaniac: Vol. II,6.708,3090
5209,96724,6.3384,2012-09-06,Anna Karenina,6.708,2384
5210,46420,1.264,2010-08-04,The Loved Ones,6.7,823
5211,39514,9.575,2010-10-13,RED,6.708,7061
5212,16367,1.7658,2005-08-30,Kinky Boots,6.708,355
5213,13971,3.7695,2008-08-15,Wild Child,6.708,1902
5214,12573,2.1278,2009-10-02,A Serious Man,6.7,2298
5215,11880,4.6791,2002-05-10,Dog Soldiers,6.708,963
5216,11558,1.0663,1976-12-03,Silver Streak,6.708,356
5217,11522,6.8339,1986-02-28,Pretty in Pink,6.707,1178
5218,10744,0.9111,2003-11-26,The Cooler,6.7,384
5219,9297,4.9413,2006-06-30,Monster House,6.708,4266
5220,636706,3.352,2024-02-23,Spaceman,6.707,1000
5221,25189,2.0144,1996-11-15,The Mirror Has Two Faces,6.707,367
5222,24767,1.086,1994-01-14,Iron Will,6.7,324
5223,11522,6.8339,1986-02-28,Pretty in Pink,6.707,1178
5224,392044,9.541,2017-11-03,Murder on the Orient Express,6.706,10423
5225,32042,1.5484,1975-06-11,Night Moves,6.7,345
5226,7191,8.6486,2008-01-15,Cloverfield,6.706,7647
5227,1624,6.1725,1997-03-21,Liar Liar,6.706,6124
5228,811592,15.2553,2021-11-05,One Shot,6.705,903
5229,455980,2.9989,2018-05-30,Tag,6.705,3369
5230,443009,0.9685,2018-04-04,"Don't Worry, He Won't Get Far on Foot",6.705,746
5231,60307,2.5968,2011-03-25,Diary of a Wimpy Kid: Rodrick Rules,6.705,1226
5232,43645,0.6494,1988-07-01,The Little Devil,6.705,429
5233,12684,17.4351,1937-01-08,Sabotage,6.7,357
5234,913673,4.0367,2023-04-14,Nefarious,6.704,455
5235,785457,0.9758,2021-09-02,Afterlife of the Party,6.704,480
5236,943,5.0223,1992-05-15,Lethal Weapon 3,6.704,3154
5237,598896,3.9057,2021-02-12,Land,6.703,322
5238,426063,9.9575,2024-12-25,Nosferatu,6.703,3478
5239,276844,1.0045,2014-06-13,The Little Death,6.703,520
5240,10731,3.284,1994-07-20,The Client,6.703,1333
5241,10649,2.5682,1976-12-16,The Enforcer,6.703,959
5242,8699,2.9712,2004-06-28,Anchorman: The Legend of Ron Burgundy,6.703,4487
5243,489430,2.6387,2018-05-03,Terrified,6.702,790
5244,50546,6.8148,2011-02-10,Just Go with It,6.702,6035
5245,46146,3.161,2010-10-29,Troll Hunter,6.701,1713
5246,11780,17.2868,1995-04-13,Rob Roy,6.702,697
5247,7446,10.8678,2008-08-09,Tropic Thunder,6.702,6801
5248,4517,2.4212,2007-09-09,Elizabeth: The Golden Age,6.702,1294
5249,2675,7.2596,2002-08-02,Signs,6.701,6122
5250,1887,6.3896,2006-05-24,Marie Antoinette,6.702,2912
5251,1498,6.6917,1990-03-30,Teenage Mutant Ninja Turtles,6.701,1915
5252,1228246,26.6567,2025-12-03,Five Nights at Freddy's 2,6.696,785
5253,928344,5.4386,2022-09-08,Weird: The Al Yankovic Story,6.701,584
5254,426284,1.5093,2017-04-29,Blade of the Immortal,6.701,615
5255,11548,1.6748,1987-12-18,*batteries not included,6.7,777
5256,9588,1.7504,1990-10-17,Quigley Down Under,6.701,416
5257,9534,0.698,2004-09-10,The Ferpect Crime,6.701,343
5258,619,14.4912,1992-11-25,The Bodyguard,6.701,3178
5259,170687,6.5039,2014-09-10,The Boxtrolls,6.7,1770
5260,1228246,26.6567,2025-12-03,Five Nights at Freddy's 2,6.7,786
5261,170687,6.5039,2014-09-10,The Boxtrolls,6.7,1770
5262,22798,10.3455,2009-04-09,Whip It,6.7,1107
5263,339419,4.7357,2016-11-04,Loving,6.699,957
5264,328425,13.6298,2015-07-31,The Gift,6.699,3436
5265,135397,19.13,2015-06-06,Jurassic World,6.699,21357
5266,29917,2.4728,2009-06-19,Exam,6.699,2244
5267,11163,0.9198,1969-09-18,Satyricon,6.7,359
5268,1422096,12.2508,2025-10-01,Good Boy,6.698,532
5269,760747,1.1779,2021-07-30,The Trip,6.698,625
5270,360605,2.3238,2015-12-10,Invisible Sister,6.698,308
5271,276843,0.919,2014-09-26,What We Did on Our Holiday,6.698,560
5272,174733,0.9096,2013-02-21,Metro,6.698,366
5273,27431,3.0589,1971-02-12,The Cat o' Nine Tails,6.698,446
5274,23439,0.6811,1960-06-18,House of Usher,6.698,356
5275,12184,2.8142,2008-02-28,The Other Boleyn Girl,6.698,2186
5276,3021,3.6913,2007-06-22,1408,6.698,4795
5277,471474,0.9788,2018-01-12,Batman: Gotham by Gaslight,6.697,751
5278,418879,1.578,2018-02-01,The Current War,6.697,1136
5279,10072,3.3362,1987-02-27,A Nightmare on Elm Street 3: Dream Warriors,6.697,1975
5280,78698,1.2466,2012-02-02,Big Miracle,6.696,521
5281,22307,1.3612,1973-03-26,Sisters,6.7,431
5282,2290,0.8246,1999-09-16,Jakob the Liar,6.7,397
5283,484510,1.1844,2017-11-01,Trolls Holiday,6.7,504
5284,375183,1.2902,2016-09-13,A Family Man,6.701,530
5285,48466,1.5904,2010-10-28,Scared Shrekless,6.695,498
5286,13763,4.4631,1984-07-27,Purple Rain,6.695,407
5287,9336,14.2817,1984-03-22,Police Academy,6.695,2919
5288,592984,2.0287,2020-11-09,Hillbilly Elegy,6.694,1003
5289,21683,1.697,2003-10-21,Batman: Mystery of the Batwoman,6.694,432
5290,11371,3.7785,2001-07-13,The Score,6.694,1811
5291,9079,3.7878,1991-06-20,Dying Young,6.694,484
5292,4912,1.5486,2002-12-31,Confessions of a Dangerous Mind,6.7,1237
5293,565,13.1819,2002-10-18,The Ring,6.694,6558
5294,1109255,6.5966,2024-10-24,Parthenope,6.693,719
5295,451925,1.5991,2018-11-09,Time Freak,6.693,479
5296,334522,5.1485,2016-02-15,Alone in Berlin,6.693,393
5297,278236,3.5336,2014-03-13,X+Y,6.693,600
5298,13685,1.7021,1996-02-21,Bottle Rocket,6.693,1162
5299,1597,5.5623,2000-10-06,Meet the Parents,6.693,6285
5300,1597,5.5623,2000-10-06,Meet the Parents,6.693,6283
5301,768,2.1764,2001-02-08,From Hell,6.693,2968
5302,381719,3.4679,2018-02-07,Peter Rabbit,6.691,1887
5303,336882,2.977,2015-08-28,The Wave,6.692,1378
5304,116776,2.5814,1988-07-09,Dragon Ball: Mystical Adventure,6.692,300
5305,22171,24.2004,1981-04-24,Ms .45,6.692,390
5306,11633,0.9899,2004-04-17,Appleseed,6.692,382
5307,10399,1.6915,1999-11-12,Mansfield Park,6.692,325
5308,3638,2.1294,2007-06-15,No Reservations,6.692,1454
5309,574321,1.0781,2019-12-04,Only the Animals,6.691,316
5310,8065,4.6254,2008-03-27,21,6.691,4957
5311,7555,16.2925,2008-01-24,Rambo,6.691,4192
5312,7219,4.781,1979-08-25,Zombie Flesh Eaters,6.691,664
5313,2001,2.3192,2007-10-12,We Own the Night,6.691,1475
5314,787,7.4739,2005-06-07,Mr. & Mrs. Smith,6.691,11062
5315,1197306,25.1936,2025-03-26,A Working Man,6.69,1796
5316,778106,1.1278,2022-05-06,Along for the Ride,6.69,371
5317,517839,1.5357,2018-09-27,Border,6.69,908
5318,504562,2.158,2019-10-31,Motherless Brooklyn,6.69,1561
5319,236399,2.4485,2014-01-18,Flowers in the Attic,6.69,397
5320,14553,2.0524,1996-03-29,Stealing Beauty,6.69,599
5321,10999,16.52,1985-10-03,Commando,6.7,3063
5322,10464,1.6353,1994-08-12,"Corrina, Corrina",6.7,446
5323,245,2.1492,2002-04-26,About a Boy,6.69,2357
5324,762079,1.0404,2021-12-01,The Advent Calendar,6.689,395
5325,618219,1.3278,2019-09-04,Mosul,6.689,336
5326,254375,0.9589,2014-08-14,Hector and the Search for Happiness,6.689,942
5327,13804,2.061,2009-04-02,Fast & Furious,6.689,7701
5328,1635,15.3599,2005-07-21,The Island,6.689,5777
5329,373571,10.5812,2019-05-29,Godzilla: King of the Monsters,6.688,6598
5330,353070,4.9231,2017-04-06,Going in Style,6.688,2980
5331,338958,11.1079,2022-11-18,Disenchanted,6.688,1160
5332,46138,3.5474,2010-10-01,Made in Dagenham,6.7,321
5333,646385,32.2672,2022-01-12,Scream,6.687,3750
5334,493551,2.909,2018-08-29,Operation Finale,6.687,1073
5335,338762,11.9377,2020-03-05,Bloodshot,6.686,5187
5336,62630,1.3151,2011-02-11,The Devil's Double,6.687,593
5337,48138,5.2802,2011-02-16,Unknown,6.687,4105
5338,9960,1.6028,1963-08-13,Lord of the Flies,6.687,559
5339,515195,7.6381,2019-06-26,Yesterday,6.686,4203
5340,515195,7.6381,2019-06-26,Yesterday,6.686,4203
5341,338762,11.9377,2020-03-05,Bloodshot,6.686,5187
5342,337676,1.8003,2018-03-21,"Mektoub, My Love: Canto Uno",6.7,325
5343,273153,0.8694,2015-08-19,Summertime,6.7,355
5344,10393,2.8021,2000-08-11,The Replacements,6.686,1045
5345,10201,9.0521,2008-12-09,Yes Man,6.686,7276
5346,8669,1.063,2008-02-22,Charlie Bartlett,6.686,681
5347,8271,9.3064,2007-03-27,Disturbia,6.686,4008
5348,638597,1.8851,2021-03-11,YES DAY,6.685,1278
5349,543343,0.416,2019-04-13,Guava Island,6.685,338
5350,511322,1.7357,2019-11-08,The Good Liar,6.685,1249
5351,13676,0.3339,2008-08-25,The Little Mermaid: Ariel's Beginning,6.685,1059
5352,11322,14.0484,2009-07-01,Public Enemies,6.685,4750
5353,7229,2.9905,2003-10-22,Ruby & Quentin,6.685,890
5354,1992,7.0576,2007-04-06,Planet Terror,6.685,3758
5355,232679,0.8293,2014-08-22,When the Game Stands Tall,6.677,375
5356,16121,0.9859,1980-05-28,The Big Red One,6.684,331
5357,15035,2.1125,1983-03-25,Fire and Ice,6.684,342
5358,11583,3.6447,1978-12-14,The First Great Train Robbery,6.7,419
5359,8328,3.3942,2008-02-14,Step Up 2: The Streets,6.684,2394
5360,1045944,1.4839,2022-12-06,The Boss Baby: Christmas Bonus,6.683,314
5361,884605,5.2517,2023-06-15,No Hard Feelings,6.683,3697
5362,792293,6.2976,2023-09-15,Dumb Money,6.683,766
5363,223485,4.1863,2015-05-15,Slow West,6.683,1033
5364,12223,1.5444,1975-02-12,The Stepford Wives,6.683,352
5365,11655,2.0595,1993-11-05,Cronos,6.683,738
5366,11340,7.365,1982-03-24,Banana Joe,6.7,491
5367,10874,3.4996,1996-02-16,Muppet Treasure Island,6.7,450
5368,4031,2.9002,1974-03-20,Going Places,6.7,484
5369,1788,16.1038,1984-02-17,Footloose,6.7,2169
5370,862965,4.3031,2022-08-12,Emily the Criminal,6.7,966
5371,814338,4.3408,2022-11-22,Lady Chatterley's Lover,6.684,498
5372,421447,0.6438,2017-01-25,The Climb,6.682,884
5373,325789,1.807,2016-07-13,The Infiltrator,6.682,1773
5374,81250,1.1563,2011-11-11,Geek Charming,6.7,785
5375,75802,1.3418,2011-06-06,Hysteria,6.682,854
5376,34942,1.1753,2004-04-14,Balto III: Wings of Change,6.682,347
5377,20760,3.2559,2005-08-22,Lilo & Stitch 2: Stitch Has a Glitch,6.682,1607
5378,655187,1.0579,2020-10-02,Coven,6.681,312
5379,10729,1.5747,1990-07-13,Quick Change,6.7,405
5380,10729,1.5747,1990-07-13,Quick Change,6.7,405
5381,2251,7.0433,2002-05-10,Unfaithful,6.7,1670
5382,64328,2.805,2011-11-23,The Muppets,6.7,1657
5383,7453,6.454,2005-04-28,The Hitchhiker's Guide to the Galaxy,6.68,4154
5384,491283,2.9877,2019-09-27,Judy,6.7,1245
5385,250235,0.5408,2014-01-23,Tutta colpa di Freud,6.679,1044
5386,91586,2.7457,2013-09-12,Insidious: Chapter 2,6.68,4500
5387,11302,1.3186,1971-04-28,Bananas,6.679,806
5388,9869,2.3614,1992-06-04,Patriot Games,6.679,1783
5389,9585,3.9765,1991-01-11,Not Without My Daughter,6.679,326
5390,185567,1.0442,2013-12-04,Zulu,6.678,512
5391,33875,2.4759,2002-07-13,Pokémon Heroes,6.7,376
5392,22244,2.951,1989-05-13,Society,6.678,610
5393,5680,2.6072,1988-09-30,Elvira: Mistress of the Dark,6.678,600
5394,2016,0.9403,2006-09-27,Days of Glory,6.7,393
5395,840705,13.3641,2024-08-21,Blink Twice,6.679,1799
5396,337167,11.1031,2018-01-17,Fifty Shades Freed,6.676,8295
5397,157386,1.6795,2013-08-02,The Spectacular Now,6.677,2983
5398,75900,2.2633,2011-11-23,My Week with Marilyn,6.677,1343
5399,8204,7.2665,2008-02-14,The Spiderwick Chronicles,6.677,2797
5400,8204,7.2665,2008-02-14,The Spiderwick Chronicles,6.677,2797
5401,1008409,5.1454,2024-06-19,The Bikeriders,6.675,1081
5402,672741,2.383,2021-07-02,Till Death,6.676,936
5403,337167,11.1031,2018-01-17,Fifty Shades Freed,6.676,8296
5404,284303,1.4634,2015-01-08,Goodnight Mommy,6.7,1677
5405,27324,2.5381,2001-02-03,Pulse,6.7,649
5406,19403,9.195,1972-10-06,The Mechanic,6.676,329
5407,11601,3.7463,1999-09-10,Stir of Echoes,6.676,1319
5408,10316,2.8065,2011-10-07,The Ides of March,6.676,2660
5409,9517,2.502,2001-06-15,Bully,6.676,529
5410,150,3.1827,1982-12-07,48 Hrs.,6.676,1661
5411,25,13.567,2005-11-04,Jarhead,6.7,3110
5412,614933,4.5825,2024-05-23,Atlas,6.675,1508
5413,614560,4.7597,2020-11-13,Mank,6.675,1752
5414,17332,1.2524,2009-04-24,The Soloist,6.675,808
5415,1487,7.7451,2004-04-02,Hellboy,6.675,7308
5416,517116,5.7019,2019-09-13,Haunt,6.674,1341
5417,83686,1.8409,2012-09-07,The Words,6.674,1265
5418,9044,6.9033,2006-04-07,Tristan & Isolde,6.674,833
5419,5126,1.1161,2007-11-02,Martian Child,6.674,320
5420,13768,2.3796,2002-10-11,Tuck Everlasting,6.672,495
5421,9726,2.2942,2006-09-09,A Good Year,6.673,1601
5422,1389,2.6598,1998-06-26,Out of Sight,6.7,1368
5423,46169,1.9857,2007-10-12,Twitches Too,6.672,363
5424,22832,7.8425,2009-09-29,Ninja Assassin,6.672,1721
5425,4944,7.4847,2008-09-05,Burn After Reading,6.672,5112
5426,1936,1.5387,1954-04-30,River of No Return,6.672,468
5427,56812,1.2789,2010-12-17,The Last Circus,6.671,435
5428,660,15.2829,1965-12-11,Thunderball,6.671,2574
5429,820609,3.458,2023-09-21,No One Will Save You,6.67,1394
5430,332210,6.0242,2016-09-22,Storks,6.67,2476
5431,81440,0.8085,2011-12-02,"Good Luck Charlie, It's Christmas!",6.67,424
5432,41610,0.6024,1981-12-22,Fracchia The Human Beast,6.67,336
5433,16340,1.558,2000-11-17,Rugrats in Paris: The Movie,6.67,481
5434,11967,2.4057,1988-08-12,Young Guns,6.67,1006
5435,1911,3.0408,1999-08-13,The 13th Warrior,6.67,1999
5436,41663,0.5699,1980-11-13,Fantozzi Against the Wind,6.7,546
5437,11023,6.5467,2003-08-20,Thirteen,6.669,1727
5438,9614,18.3819,1996-02-16,Happy Gilmore,6.669,3251
5439,2161,5.8684,1966-08-24,Fantastic Voyage,6.669,478
5440,1216191,9.6598,2024-07-19,Oddity,6.668,719
5441,866463,3.568,2023-09-29,Reptile,6.668,1170
5442,575299,3.2622,2019-10-31,Fidelity,6.668,325
5443,414770,2.0721,2017-01-28,Antiporno,6.668,435
5444,75612,18.3881,2013-04-10,Oblivion,6.668,11323
5445,37645,4.9547,2010-03-23,22 Bullets,6.668,1306
5446,9291,4.4584,2005-05-27,The Longest Yard,6.668,3608
5447,8736,0.7245,2006-06-21,Dikkenek,6.668,713
5448,8270,3.0038,2007-03-09,The Lookout,6.668,690
5449,3595,2.6179,1996-11-08,Ransom,6.668,2022
5450,916053,1.0373,2022-12-08,Something from Tiffany's,6.667,309
5451,424277,9.6893,2021-07-07,Annette,6.667,740
5452,9529,4.6242,1992-10-16,Candyman,6.7,1757
5453,1120911,2.2409,2024-09-27,Saturday Night,6.666,334
5454,435126,0.6142,2017-12-01,Perfect Strangers,6.7,674
5455,882598,11.2404,2022-09-23,Smile,6.665,3937
5456,614939,6.3932,2022-09-30,Bros,6.665,556
5457,419639,3.1783,2016-10-12,The Thinning,6.7,376
5458,271397,1.1661,2014-09-11,The Tribe,6.665,310
5459,262391,2.5137,2014-04-16,Serial (Bad) Weddings,6.665,3493
5460,209185,0.8843,2014-05-30,The Grand Seduction,6.665,349
5461,34204,0.6074,2006-10-20,Return to Halloweentown,6.665,620
5462,12509,1.4499,2000-09-06,Pollock,6.665,342
5463,912649,19.3116,2024-10-22,Venom: The Last Dance,6.664,4034
5464,450465,5.5832,2019-01-16,Glass,6.664,8964
5465,347123,1.1573,2016-05-23,All the Way,6.664,305
5466,201085,13.1565,2015-10-13,Crimson Peak,6.664,5173
5467,19255,1.2645,2009-06-05,Away We Go,6.664,614
5468,10364,2.1661,1970-06-24,Catch-22,6.664,343
5469,16411,3.1522,2005-05-12,Initial D,6.663,304
5470,13820,10.0571,1984-03-02,Repo Man,6.7,657
5471,11443,13.0472,1995-09-29,Dead Presidents,6.663,315
5472,10719,7.8287,2003-11-07,Elf,6.663,4473
5473,1552,1.6132,1989-07-31,Parenthood,6.7,708
5474,629176,10.26,2022-08-25,Samaritan,6.662,2151
5475,474335,6.2437,2018-06-27,Uncle Drew,6.7,590
5476,321751,1.0241,2015-08-28,A Perfect Day,6.662,664
5477,6522,2.586,1999-04-16,Life,6.7,852
5478,1364,1.8159,2001-08-24,Sex and Lucía,6.7,614
5479,833339,2.0586,2022-03-17,Speak No Evil,6.7,1064
5480,532953,0.6517,2019-01-18,Purl,6.661,320
5481,347026,1.3918,2016-11-25,A United Kingdom,6.7,527
5482,66,2.0482,1997-02-14,Absolute Power,6.661,1207
5483,862968,5.3415,2023-10-20,Pain Hustlers,6.66,745
5484,790142,1.1445,2022-01-20,The Royal Treatment,6.66,794
5485,384664,2.1822,2016-09-15,Goodbye Berlin,6.66,340
5486,190880,0.9866,2013-11-20,"Me, Myself and Mum",6.66,692
5487,46332,0.8917,2010-09-08,Of Gods and Men,6.66,406
5488,20083,1.7943,2009-03-22,Shinjuku Incident,6.66,312
5489,2110,3.7645,2001-10-31,Wasabi,6.66,1397
5490,542,1.3165,2002-10-01,The Crime of Padre Amaro,6.66,300
5491,762441,6.8672,2024-06-26,A Quiet Place: Day One,6.659,3211
5492,440021,5.0292,2017-10-12,Happy Death Day,6.659,6489
5493,242042,3.2364,2014-02-02,Barefoot,6.659,670
5494,11959,23.6588,1989-07-21,UHF,6.7,396
5495,2976,3.9593,2007-07-19,Hairspray,6.659,2591
5496,1001835,3.2088,2022-08-12,Wifelike,6.658,304
5497,575428,0.9873,2019-12-06,The Wild Goose Lake,6.658,365
5498,401513,1.8953,2017-01-26,Attraction,6.658,894
5499,280217,6.1037,2019-02-06,The Lego Movie 2: The Second Part,6.658,2375
5500,280217,6.1037,2019-02-06,The Lego Movie 2: The Second Part,6.658,2375
5501,27585,1.4658,2010-12-16,Rabbit Hole,6.658,643
5502,11307,0.7871,1982-07-23,The World According to Garp,6.658,373
5503,10873,1.0745,2000-08-30,Shadow of the Vampire,6.658,663
5504,9442,1.2492,1982-05-21,Dead Men Don't Wear Plaid,6.658,430
5505,6072,1.9644,1997-07-29,One Eight Seven,6.658,615
5506,9687,14.1399,2005-12-02,Keeping Mum,6.7,606
5507,2924,2.5938,1991-05-24,Backdraft,6.7,1531
5508,1369,9.65,1985-05-21,Rambo: First Blood Part II,6.657,4231
5509,998846,4.4086,2024-04-11,Back to Black,6.656,684
5510,967941,15.7331,2025-11-19,Wicked: For Good,6.656,847
5511,52274,1.0763,2010-08-16,Julia's Eyes,6.656,842
5512,22794,8.01,2009-09-17,Cloudy with a Chance of Meatballs,6.656,6357
5513,11520,2.206,1993-12-25,Grumpy Old Men,6.657,727
5514,8961,5.4131,2003-07-18,Bad Boys II,6.656,5833
5515,406994,2.069,2017-10-06,Better Watch Out,6.655,1615
5516,315664,2.1125,2016-05-06,Florence Foster Jenkins,6.656,1523
5517,14370,1.7677,1985-08-07,Real Genius,6.655,486
5518,542830,1.2103,2019-05-01,Little White Lies 2,6.654,728
5519,522931,3.8044,2021-06-14,Hitman's Wife's Bodyguard,6.654,2515
5520,75780,12.6574,2012-12-20,Jack Reacher,6.654,7510
5521,13291,2.0689,2008-08-23,Traitor,6.654,698
5522,11541,1.3442,1982-12-17,The Year of Living Dangerously,6.654,350
5523,1098110,3.9179,2023-04-21,Blood & Gold,6.653,403
5524,1016121,4.2886,2023-04-04,Beautiful Disaster,6.653,884
5525,839321,0.1881,2008-01-01,Return,6.7,582
5526,280180,5.0361,2024-06-20,Beverly Hills Cop: Axel F,6.653,1383
5527,166426,12.0783,2017-05-23,Pirates of the Caribbean: Dead Men Tell No Tales,6.653,12657
5528,87492,5.0667,2014-11-14,Foxcatcher,6.654,2446
5529,65291,1.2742,2011-06-07,Green Lantern: Emerald Knights,6.653,537
5530,52744,1.2094,1984-11-21,Falling in Love,6.653,389
5531,13531,1.7629,1995-09-22,Empire Records,6.7,785
5532,10629,1.2627,2003-07-11,Veronica Guerin,6.652,329
5533,1948,7.5497,2006-08-31,Crank,6.652,4124
5534,881164,5.9538,2023-03-16,Boston Strangler,6.651,815
5535,379686,10.601,2021-07-08,Space Jam: A New Legacy,6.65,4182
5536,25389,0.9171,1993-01-29,Matinee,6.651,314
5537,3179,1.5305,1996-12-20,Beavis and Butt-Head Do America,6.651,761
5538,968051,5.377,2023-09-06,The Nun II,6.65,2413
5539,823482,15.2347,2023-11-10,Dream Scenario,6.65,1255
5540,379686,10.601,2021-07-08,Space Jam: A New Legacy,6.65,4182
5541,290512,4.265,2017-10-05,The Mountain Between Us,6.65,2495
5542,244772,0.8487,2014-06-05,The Skeleton Twins,6.65,685
5543,8827,1.0383,2007-09-26,99 Francs,6.65,782
5544,337674,1.7755,2016-05-25,Elle,6.6,1973
5545,180894,1.7753,2013-12-27,Ninja: Shadow of a Tear,6.649,410
5546,2059,14.33,2004-11-19,National Treasure,6.649,6749
5547,1576,6.6829,2002-03-15,Resident Evil,6.649,6794
5548,763152,1.518,2021-07-30,More the Merrier,6.648,440
5549,19458,1.8866,2009-06-08,Princess Protection Program,6.648,1747
5550,1957,2.3709,2002-05-21,Enough,6.648,1224
5551,599845,1.3174,2019-12-05,The Immortal,6.647,493
5552,511817,4.532,2022-10-21,Wendell & Wild,6.6,372
5553,454619,13.481,2018-04-13,Overboard,6.647,1459
5554,433252,2.6425,2017-09-29,Our Souls at Night,6.647,458
5555,287590,2.4258,2014-06-21,Saint Seiya: Legend of Sanctuary,6.6,713
5556,10952,2.4588,1991-03-08,New Jack City,6.647,575
5557,9313,3.2341,1998-03-12,The Man in the Iron Mask,6.647,4075
5558,4780,1.1674,1976-08-01,Obsession,6.6,312
5559,589524,0.7243,2019-04-18,The Champion,6.646,395
5560,574376,0.6343,2019-08-30,Eye for an Eye,6.646,325
5561,529106,0.9878,2021-04-01,Major Grom: Plague Doctor,6.6,637
5562,494974,2.1222,2018-09-13,Red Joan,6.6,390
5563,152747,1.5623,2013-08-23,All Is Lost,6.6,1718
5564,72432,1.2521,2011-09-23,Puncture,6.646,425
5565,31608,20.1583,1989-01-27,Three Fugitives,6.646,319
5566,11566,3.3227,1993-05-07,Dave,6.646,816
5567,10158,1.8322,1992-03-27,White Men Can't Jump,6.646,1478
5568,9357,1.6633,2002-08-21,One Hour Photo,6.646,1843
5569,535167,3.3725,2019-02-05,The Wandering Earth,6.645,1114
5570,513576,1.4649,2019-05-31,Always Be My Maybe,6.6,1383
5571,276908,1.6102,2014-12-05,Comet,6.645,455
5572,63578,6.7284,2011-04-24,The Trip,6.645,310
5573,50544,6.1306,2011-07-21,Friends with Benefits,6.645,8305
5574,22970,6.3814,2012-04-12,The Cabin in the Woods,6.644,8402
5575,8467,8.8161,1994-12-16,Dumb and Dumber,6.645,6588
5576,4437,4.8727,1984-12-06,2010,6.645,1034
5577,2621,1.5559,2000-04-07,Return to Me,6.6,462
5578,474331,0.4008,2018-07-04,Keep an Eye Out,6.644,634
5579,209361,1.3679,2013-09-09,One Chance,6.644,313
5580,39538,17.1928,2011-09-08,Contagion,6.644,6435
5581,15356,4.4743,2007-07-19,The Girl Next Door,6.6,766
5582,11654,14.6819,1983-04-29,The Hunger,6.644,632
5583,8827,1.0383,2007-09-26,99 Francs,6.644,780
5584,565770,13.8507,2023-08-16,Blue Beetle,6.643,3028
5585,8880,1.8804,2008-12-12,Che: Part Two,6.643,677
5586,6415,2.627,1999-09-27,Three Kings,6.6,2235
5587,668640,1.4246,2021-09-04,Official Competition,6.642,437
5588,484247,2.7583,2018-09-13,A Simple Favor,6.642,4522
5589,366672,2.0482,2022-07-14,Paws of Fury: The Legend of Hank,6.642,323
5590,360638,0.5516,2015-10-07,The Student and Mister Henri,6.6,384
5591,241848,14.7479,2014-09-05,The Guest,6.643,2098
5592,236737,0.8723,2014-03-14,Spanish Affair,6.642,666
5593,46655,0.959,1968-03-22,The Little Bather,6.642,386
5594,15742,1.2825,2006-08-23,Taxidermia,6.642,339
5595,10189,26.3317,2008-08-06,Pineapple Express,6.642,4110
5596,9331,7.8096,1994-08-03,Clear and Present Danger,6.641,1651
5597,803104,1.9943,2022-01-14,Sex Appeal,6.641,309
5598,722149,6.1722,2023-02-24,Luther: The Fallen Sun,6.641,1060
5599,330764,1.6445,2015-09-02,The Brand New Testament,6.641,1737
5600,7457,2.09,2006-01-27,Alpha Dog,6.641,1476
5601,616651,2.5607,2021-07-29,Stillwater,6.64,1383
5602,464446,0.1599,2015-07-04,Return,6.64,630
5603,49521,12.9029,2013-06-12,Man of Steel,6.64,15975
5604,15613,4.8684,1993-03-12,Fire in the Sky,6.64,671
5605,9613,1.5966,2002-11-06,Spider,6.641,914
5606,6639,1.3496,2007-10-04,Love in the Time of Cholera,6.64,399
5607,2605,3.1308,1986-05-09,Short Circuit,6.639,1589
5608,1266,2.6547,2008-04-10,Street Kings,6.639,1634
5609,615667,1.6618,2020-11-25,Ma Rainey's Black Bottom,6.638,1240
5610,529485,1.91,2020-03-05,The Way Back,6.638,1294
5611,8913,6.0885,1989-04-21,Pet Sematary,6.638,2341
5612,1571,5.5967,2007-06-20,Live Free or Die Hard,6.638,6238
5613,390062,2.8143,2017-06-27,Jungle,6.637,2095
5614,86825,5.5224,2013-02-28,Stoker,6.637,2370
5615,62835,7.846,2011-07-27,Colombiana,6.637,2809
5616,12155,9.8289,2010-03-03,Alice in Wonderland,6.637,14650
5617,11455,1.993,1978-05-16,Up in Smoke,6.637,616
5618,11135,0.6919,1990-11-16,The Rescuers Down Under,6.6,1369
5619,7859,0.9967,2006-08-11,Half Nelson,6.637,932
5620,7859,0.9967,2006-08-11,Half Nelson,6.637,932
5621,6964,4.5587,2003-12-12,Something's Gotta Give,6.637,1720
5622,97,10.6149,1982-07-09,Tron,6.637,2664
5623,817648,1.5609,2022-01-28,Home Team,6.636,778
5624,417466,1.3755,2019-08-15,Monos,6.636,433
5625,401200,1.7037,2018-11-07,Kursk,6.636,679
5626,177699,5.2367,2013-07-24,Alan Partridge: Alpha Papa,6.636,483
5627,39100,2.2838,1990-03-10,Dragon Ball Z: The World's Strongest,6.636,543
5628,35052,1.7039,2009-12-04,Cracks,6.6,430
5629,26388,2.4408,2010-09-24,Buried,6.635,2986
5630,9283,1.9188,1996-02-09,Beautiful Girls,6.636,392
5631,873126,1.2883,2022-11-30,My Name Is Vendetta,6.635,642
5632,621870,5.0386,2020-09-25,Secret Society of Second Born Royals,6.6,558
5633,618162,2.1812,2021-10-22,The Harder They Fall,6.635,1174
5634,25095,6.5093,1992-10-16,Wuthering Heights,6.633,300
5635,13672,0.8589,2008-06-04,JCVD,6.635,551
5636,3877,0.8442,2007-09-26,Things We Lost in the Fire,6.635,380
5637,514847,14.0647,2020-03-11,The Hunt,6.6,3538
5638,162215,1.4559,2013-09-10,How I Live Now,6.6,925
5639,27995,0.6114,1986-08-08,She's Gotta Have It,6.634,350
5640,13967,1.7271,2006-12-03,Miss Potter,6.634,537
5641,454458,1.533,2019-05-01,UglyDolls,6.633,461
5642,25095,6.5093,1992-10-16,Wuthering Heights,6.633,300
5643,18415,1.4167,1997-10-17,Gummo,6.633,690
5644,9093,1.9814,2002-09-08,The Four Feathers,6.634,582
5645,558449,15.0376,2024-11-13,Gladiator II,6.632,4230
5646,332794,6.4155,2016-10-12,The Odyssey,6.632,431
5647,320367,0.1506,2015-01-01,Return,6.6,1177
5648,16418,1.4403,2009-02-24,Barbie Presents: Thumbelina,6.6,505
5649,11300,1.0058,1986-11-07,Something Wild,6.632,378
5650,10133,1.2877,2002-10-01,Cypher,6.632,613
5651,2897,13.4559,1956-10-17,Around the World in 80 Days,6.632,559
5652,733668,0.403,,Return,6.631,424
5653,499701,2.7847,2019-08-08,Dora and the Lost City of Gold,6.6,1801
5654,338953,12.2199,2022-04-06,Fantastic Beasts: The Secrets of Dumbledore,6.6,5010
5655,38368,0.8646,2010-06-25,Uncle Boonmee Who Can Recall His Past Lives,6.6,416
5656,12113,2.4442,2008-10-09,Body of Lies,6.63,3253
5657,1064028,8.1501,2024-08-15,Subservience,6.629,945
5658,597891,5.9867,2021-09-10,Kate,6.629,1667
5659,339964,5.3505,2017-07-19,Valerian and the City of a Thousand Planets,6.629,7882
5660,11372,2.1273,1976-12-24,The Eagle Has Landed,6.6,371
5661,10328,2.385,1985-06-21,Cocoon,6.629,1377
5662,9532,13.1027,2000-03-17,Final Destination,6.629,6536
5663,2454,7.7996,2008-05-15,The Chronicles of Narnia: Prince Caspian,6.629,6689
5664,626412,2.1039,2024-01-10,Alienoid: Return to the Future,6.6,825
5665,238636,11.5322,2014-07-17,The Purge: Anarchy,6.628,6640
5666,136799,4.8064,2016-10-13,Trolls,6.628,3771
5667,10184,4.4883,2009-02-06,He's Just Not That Into You,6.6,3985
5668,3635,1.8679,2003-12-12,Girl with a Pearl Earring,6.628,1459
5669,80321,7.0708,2012-06-06,Madagascar 3: Europe's Most Wanted,6.627,6480
5670,41211,1.168,2010-03-17,Heartbreaker,6.627,1396
5671,16395,9.6219,1980-02-07,Inferno,6.627,663
5672,315872,5.7378,2015-04-16,Mia madre,6.6,371
5673,267999,1.4902,2014-06-12,White God,6.625,360
5674,49517,6.3776,2011-09-16,Tinker Tailor Soldier Spy,6.625,2860
5675,38718,1.618,1990-10-19,Reversal of Fortune,6.625,348
5676,27936,0.8715,2009-10-28,Micmacs,6.625,646
5677,5595,1.3419,2007-10-07,Fermat's Room,6.625,449
5678,20306,1.0723,1994-09-10,Swimming with Sharks,6.6,330
5679,17609,6.8854,2009-05-20,Antichrist,6.624,2783
5680,12609,1.6772,2000-10-06,Help! I'm a Fish,6.6,445
5681,1729,4.5353,2008-04-17,The Forbidden Kingdom,6.624,1869
5682,244539,0.7911,2014-01-18,Infinitely Polar Bear,6.623,391
5683,44865,4.0132,2013-01-10,The Grandmaster,6.623,962
5684,10691,1.7932,2001-06-29,Crazy/Beautiful,6.623,381
5685,10155,2.2562,1997-10-03,U Turn,6.625,791
5686,9913,2.5093,2005-07-29,The Skeleton Key,6.623,2237
5687,9410,2.0452,1998-01-30,Great Expectations,6.623,668
5688,814757,1.7925,2022-12-09,Empire of Light,6.622,609
5689,615904,17.6671,2022-02-09,Marry Me,6.622,1082
5690,555850,0.685,2018-11-02,The Holiday Calendar,6.622,1040
5691,417812,6.9768,2018-09-23,Wildlife,6.622,766
5692,347866,2.5724,2018-07-26,Hot Summer Nights,6.622,794
5693,334524,3.348,2016-02-03,Gold,6.622,1724
5694,241855,2.6858,2014-10-08,Spring,6.622,765
5695,239678,1.7861,2014-09-10,This Is Where I Leave You,6.622,1451
5696,10398,4.9538,1999-09-24,Double Jeopardy,6.622,1437
5697,523773,5.288,2018-08-24,Little Italy,6.621,699
5698,184341,1.0609,2016-08-26,Hands of Stone,6.621,442
5699,171540,0.5836,2013-04-21,Big Bad Wolves,6.621,409
5700,184341,1.0609,2016-08-26,Hands of Stone,6.621,442
5701,171540,0.5836,2013-04-21,Big Bad Wolves,6.621,409
5702,10183,0.9797,2008-03-26,Frozen River,6.621,346
5703,544,4.5224,1998-07-15,There's Something About Mary,6.621,5243
5704,763285,15.5044,2022-03-16,Ambulance,6.62,2384
5705,660833,1.305,2021-11-12,Multiverse,6.62,343
5706,552688,11.5971,2023-05-04,The Mother,6.62,1382
5707,177494,3.9422,2014-03-13,Veronica Mars,6.62,1131
5708,8738,5.1754,1980-01-31,The Final Countdown,6.62,652
5709,428495,0.7331,2017-06-19,The Nile Hilton Incident,6.619,382
5710,166076,0.841,2013-04-23,Superman: Unbound,6.619,453
5711,10664,3.1806,2009-09-15,[REC]²,6.618,2149
5712,8834,17.2159,1997-08-08,Conspiracy Theory,6.6,1596
5713,431819,1.7355,2017-08-18,Fireworks,6.6,361
5714,306650,0.896,2014-11-12,Kajaki,6.618,309
5715,298618,11.4665,2023-06-13,The Flash,6.618,4874
5716,11422,4.1715,1976-06-18,Midway,6.618,314
5717,416186,4.1115,2017-06-24,Godard Mon Amour,6.617,368
5718,245916,1.9722,2014-10-09,Kill the Messenger,6.617,900
5719,245775,0.6718,2014-01-08,Yves Saint Laurent,6.6,917
5720,68727,2.3922,2013-03-27,Trance,6.617,2305
5721,61404,0.7407,2010-11-08,Point Blank,6.617,494
5722,588,14.434,2006-04-21,Silent Hill,6.617,4747
5723,529862,0.8043,2019-08-23,Brittany Runs a Marathon,6.616,504
5724,70954,1.3055,2011-10-06,The Hunter,6.616,696
5725,27958,6.5637,1980-02-15,Cruising,6.616,608
5726,25059,1.6836,1996-03-08,Homeward Bound II: Lost in San Francisco,6.616,528
5727,9352,11.0641,2004-02-20,EuroTrip,6.6,2876
5728,11515,1.1749,2006-11-08,Goya's Ghosts,6.615,524
5729,513045,2.1261,2019-07-11,Stuber,6.614,1385
5730,136403,2.3134,2012-11-27,Populaire,6.616,593
5731,36819,7.1159,1981-07-13,Time Bandits,6.614,1119
5732,14134,1.8027,2004-04-30,Main Hoon Na,6.6,417
5733,11977,14.3771,1980-07-25,Caddyshack,6.614,1268
5734,10668,4.6202,1997-09-06,Suicide Kings,6.614,320
5735,396810,1.1876,2017-03-03,The Last Word,6.613,371
5736,370665,1.9416,2015-12-18,Dilwale,6.613,336
5737,29963,1.4604,2009-09-18,Bright Star,6.613,476
5738,21407,2.7848,2009-07-09,The Collector,6.613,1618
5739,172803,1.3179,2013-12-04,Hours,6.611,783
5740,1100988,20.3878,2025-06-18,28 Years Later,6.609,2279
5741,578701,6.1443,2021-05-05,Those Who Wish Me Dead,6.611,1794
5742,507086,11.5766,2022-06-01,Jurassic World Dominion,6.611,6913
5743,445793,0.7761,2017-04-13,Husband & Wife,6.611,352
5744,192577,1.2577,2013-09-07,Space Pirate Captain Harlock,6.61,1076
5745,4169,1.515,2007-02-12,Breach,6.6,649
5746,1233069,6.4639,2025-04-29,Exterritorial,6.604,623
5747,577242,1.7742,2021-07-21,Kaamelott: The First Chapter,6.608,742
5748,382322,1.7943,2016-07-24,Batman: The Killing Joke,6.61,1911
5749,10176,1.0529,1985-09-08,The Quiet Earth,6.61,603
5750,9463,3.3081,1985-12-21,Vampire Hunter D,6.61,524
5751,3573,16.4125,1996-08-02,Emma,6.61,658
5752,2123,4.2883,2000-06-22,"Me, Myself & Irene",6.61,4161
5753,1172674,1.6803,2023-09-28,The Rat Catcher,6.6,505
5754,454527,6.0206,2021-07-09,Benedetta,6.608,1127
5755,433422,2.011,2017-05-06,Fairy Tail: Dragon Cry,6.608,415
5756,29963,1.4604,2009-09-18,Bright Star,6.6,475
5757,12150,2.0585,1989-09-15,Sea of Love,6.608,671
5758,8649,1.8408,1999-10-22,Bringing Out the Dead,6.608,1194
5759,559907,5.7619,2021-07-29,The Green Knight,6.607,2137
5760,14029,3.9639,1985-10-04,Demons,6.607,627
5761,287,1.9031,1988-06-15,Bull Durham,6.607,656
5762,823766,1.8584,2022-11-02,The Wonder,6.606,926
5763,760161,3.3993,2022-07-27,Orphan: First Kill,6.606,2272
5764,498402,1.579,2021-11-10,Aline,6.606,390
5765,481084,4.9049,2019-10-10,The Addams Family,6.606,2457
5766,471498,1.642,2021-05-12,Oxygen,6.606,1512
5767,241239,2.2304,2014-12-31,A Most Violent Year,6.606,1509
5768,201749,0.6915,2013-08-22,Mr. Morgan's Last Love,6.606,317
5769,83899,2.2561,2013-08-22,You're Next,6.606,2636
5770,12185,2.9139,1978-06-28,Heaven Can Wait,6.606,434
5771,1562,9.415,2007-04-26,28 Weeks Later,6.606,5390
5772,33408,6.9356,1993-04-02,The Crush,6.6,537
5773,10264,1.0861,1990-12-19,Hamlet,6.605,428
5774,8643,3.2159,2005-09-09,The Exorcism of Emily Rose,6.605,2993
5775,1233069,6.4639,2025-04-29,Exterritorial,6.604,623
5776,619297,5.8411,2021-08-18,Sweet Girl,6.604,1270
5777,483104,3.5019,2017-11-17,A Christmas Prince,6.6,1471
5778,396422,14.6905,2017-08-03,Annabelle: Creation,6.604,5931
5779,44048,18.6227,2010-11-04,Unstoppable,6.604,3814
5780,483104,3.5019,2017-11-17,A Christmas Prince,6.6,1471
5781,396422,14.6905,2017-08-03,Annabelle: Creation,6.604,5931
5782,16296,2.2238,1988-05-27,Killer Klowns from Outer Space,6.604,1135
5783,11064,2.0618,1985-05-22,Brewster's Millions,6.604,646
5784,215,7.2946,2005-10-28,Saw II,6.603,5773
5785,39781,1.3303,2010-07-09,The Kids Are All Right,6.603,1564
5786,11884,1.7408,1984-07-13,The Last Starfighter,6.603,745
5787,10484,1.4044,1983-11-23,The ComDads,6.604,423
5788,834,14.1757,2006-01-12,Underworld: Evolution,6.602,4300
5789,549,0.8879,1996-08-09,Basquiat,6.603,310
5790,11184,1.3803,2004-09-04,Kinsey,6.602,508
5791,720755,1.3265,2020-10-16,The Kid Detective,6.601,462
5792,438674,2.7713,2019-02-21,Dragged Across Concrete,6.596,1086
5793,300673,4.6013,2016-01-27,The Finest Hours,6.601,1709
5794,20178,0.8465,2009-08-20,World's Greatest Dad,6.6,641
5795,20156,1.6002,1994-09-29,Exotica,6.601,382
5796,11198,2.1333,1993-01-14,City Hunter,6.6,446
5797,5121,1.1641,1974-03-31,The Sugarland Express,6.601,444
5798,2105,10.6922,1999-07-09,American Pie,6.601,8167
5799,944,6.3155,1998-07-10,Lethal Weapon 4,6.601,2866
5800,604685,7.3012,2025-01-08,Den of Thieves 2: Pantera,6.599,746
5801,6575,5.4771,2007-12-21,Walk Hard: The Dewey Cox Story,6.6,735
5802,5780,15.8126,1966-07-14,Torn Curtain,6.6,648
5803,1028196,6.5999,2024-12-13,Nickel Boys,6.6,324
5804,492452,2.2017,2018-12-05,Ben Is Back,6.6,953
5805,363992,2.0866,2017-05-11,The Wizard of Lies,6.599,634
5806,8066,2.4532,2005-09-24,Stay,6.599,1472
5807,311291,2.9917,2015-05-29,45 Years,6.598,782
5808,119675,1.3641,2013-05-26,Behind the Candelabra,6.598,820
5809,10875,1.2531,1989-10-13,The Fabulous Baker Boys,6.598,357
5810,4413,2.1674,2007-09-12,The Brave One,6.595,1041
5811,1059128,19.3869,2024-11-27,Queer,6.6,485
5812,17898,2.0901,1985-10-10,Silver Bullet,6.597,668
5813,10803,2.3157,1976-06-23,Logan's Run,6.6,1020
5814,10687,1.0495,2000-10-06,Tigerland,6.597,598
5815,1593,8.8085,2006-12-20,Night at the Museum,6.597,10813
5816,744653,5.8831,2025-08-22,The Thursday Murder Club,6.596,917
5817,423204,6.5141,2019-08-21,Angel Has Fallen,6.596,3808
5818,15393,1.3229,1971-10-01,Play Misty for Me,6.596,547
5819,11899,0.991,1984-06-27,The Muppets Take Manhattan,6.596,410
5820,123,2.4117,1978-11-15,The Lord of the Rings,6.596,1025
5821,536176,0.7647,2019-01-19,Brexit: The Uncivil War,6.595,347
5822,341012,1.6181,2016-06-03,Popstar: Never Stop Never Stopping,6.595,1343
5823,8446,1.435,1976-07-22,Bugsy Malone,6.595,309
5824,3525,2.5773,1988-12-20,Working Girl,6.595,1035
5825,2978,16.9298,1989-06-16,Ghostbusters II,6.595,4760
5826,2779,0.9511,2001-08-10,The Curse of the Jade Scorpion,6.595,819
5827,166,21.8144,1980-12-17,The Party,6.595,1200
5828,852046,1.7678,2022-09-09,Athena,6.6,811
5829,586461,2.194,2020-01-15,Swallow,6.594,825
5830,11676,1.8583,1997-07-18,Nothing to Lose,6.594,672
5831,10503,0.8034,2008-04-18,Happy-Go-Lucky,6.6,496
5832,417859,7.7241,2011-10-27,Puss in Boots,6.593,4460
5833,348877,0.1565,1972-07-15,Return,6.593,416
5834,345009,11.8449,2016-10-06,Mine,6.593,1334
5835,20714,0.9428,2007-06-06,12,6.593,412
5836,9950,1.3931,2006-03-16,Find Me Guilty,6.593,531
5837,667,5.8487,1967-06-13,You Only Live Twice,6.592,2417
5838,12924,1.4963,2004-11-20,The Place Promised in Our Early Days,6.6,545
5839,12151,1.1128,1986-06-26,Ruthless People,6.592,436
5840,10449,1.419,1994-04-29,When a Man Loves a Woman,6.592,375
5841,9346,13.0555,1983-08-05,Risky Business,6.59,1423
5842,512,2.6282,2006-07-27,Scoop,6.6,1714
5843,683340,8.1176,2022-07-29,Vengeance,6.591,446
5844,80389,4.6365,2012-03-15,Get the Gringo,6.591,1746
5845,70981,15.5941,2012-05-30,Prometheus,6.591,13074
5846,13090,1.2406,2008-01-18,Sunshine Cleaning,6.591,826
5847,9944,2.3107,1993-09-17,The Pelican Brief,6.591,1725
5848,4958,1.3605,2000-11-02,The Legend of Bagger Vance,6.6,968
5849,1100782,6.4284,2024-10-16,Smile 2,6.591,2016
5850,136795,3.5274,2013-06-27,The Heat,6.59,4122
5851,39145,1.733,1987-07-18,Dragon Ball: Sleeping Princess in Devil's Castle,6.59,304
5852,11247,3.9493,2004-07-16,A Cinderella Story,6.59,3347
5853,1894,8.8168,2002-05-15,Star Wars: Episode II - Attack of the Clones,6.589,14134
5854,706503,0.8071,2020-06-19,Lost Bullet,6.584,915
5855,554241,1.5472,2019-11-08,Playing with Fire,6.588,748
5856,411638,0.6504,2016-09-09,The Fury of a Patient Man,6.588,453
5857,329996,4.2984,2019-03-27,Dumbo,6.588,4492
5858,20539,14.2219,1996-11-27,The Crucible,6.588,544
5859,816,7.614,1997-05-02,Austin Powers: International Man of Mystery,6.588,3710
5860,22586,2.1617,1994-11-18,The Swan Princess,6.587,990
5861,19898,5.4349,2009-09-08,Pandorum,6.587,2586
5862,11012,2.2621,1992-12-02,Damage,6.587,657
5863,621749,1.6051,2020-01-30,Nimic,6.586,304
5864,270303,5.6624,2015-02-04,It Follows,6.586,6813
5865,109428,11.2927,2013-04-05,Evil Dead,6.586,4927
5866,413658,1.3199,2016-11-18,The Warriors Gate,6.6,365
5867,50837,1.4436,2011-10-21,Martha Marcy May Marlene,6.585,802
5868,50456,2.9067,2011-04-07,Hanna,6.585,3602
5869,18126,3.9101,2009-04-10,Hannah Montana: The Movie,6.6,2082
5870,9595,4.6682,1991-07-31,Hot Shots!,6.585,2381
5871,7518,7.0434,2006-05-17,Over the Hedge,6.585,4754
5872,577,1.8986,1995-09-22,To Die For,6.6,861
5873,800158,12.1407,2023-10-25,The Killer,6.584,2710
5874,706503,0.8071,2020-06-19,Lost Bullet,6.584,915
5875,80274,3.768,2013-10-24,Ender's Game,6.584,6151
5876,68817,4.7935,2011-10-06,Footloose,6.584,1704
5877,13704,1.0326,1988-07-06,License to Drive,6.584,395
5878,10894,1.4139,2003-04-11,May,6.6,693
5879,10539,3.1896,1996-04-12,James and the Giant Peach,6.584,1412
5880,8005,3.1505,1993-07-28,Robin Hood: Men in Tights,6.584,2227
5881,6972,2.8727,2008-11-18,Australia,6.584,2415
5882,487476,2.4255,2018-10-17,Nothing to Hide,6.583,1414
5883,250124,1.4118,2015-08-07,The Diary of a Teenage Girl,6.583,779
5884,4105,4.3966,1989-09-22,Black Rain,6.6,1200
5885,1082195,5.1878,2024-12-05,The Order,6.582,828
5886,629017,2.1325,2021-06-17,Run Hide Fight,6.582,348
5887,454467,2.1633,2019-11-12,Noelle,6.582,734
5888,5879,8.5547,1976-09-15,In the Realm of the Senses,6.582,711
5889,1070514,1.4886,2023-08-03,Zom 100: Bucket List of the Dead,6.581,606
5890,848058,3.3016,2022-10-07,Piggy,6.581,684
5891,727293,2.1142,2021-12-17,The Tender Bar,6.581,597
5892,716594,1.0444,2021-08-19,No Man of God,6.6,321
5893,448119,6.9523,2020-01-02,Dolittle,6.581,3830
5894,11412,4.79,1996-10-11,The Long Kiss Goodnight,6.581,1315
5895,11298,12.1128,1981-01-21,The Howling,6.581,867
5896,9399,4.2103,1990-06-07,Lionheart,6.581,1124
5897,1198870,0.2793,,Return,6.58,443
5898,405177,2.0999,2019-08-16,"Where'd You Go, Bernadette",6.58,717
5899,340101,4.9894,2017-02-19,Their Finest,6.58,436
5900,25319,2.6603,1964-06-24,The Masque of the Red Death,6.6,355
5901,19405,1.387,2001-02-16,Recess: School's Out,6.6,364
5902,16538,2.0245,2009-03-20,"I Love You, Man",6.58,1890
5903,12690,5.3708,2008-09-19,Appaloosa,6.58,1066
5904,11430,5.8115,2004-10-28,The Lion King 1½,6.58,3107
5905,11281,4.1947,1981-10-30,Halloween II,6.58,2207
5906,468362,4.6185,2018-05-15,The Angel,6.579,324
5907,10909,1.419,1993-06-24,Kalifornia,6.579,849
5908,10414,2.5481,1992-10-02,The Mighty Ducks,6.6,954
5909,1063879,1.8852,2023-12-27,Infested,6.578,558
5910,732670,0.8494,2020-11-17,LEGO Star Wars Holiday Special,6.6,359
5911,601666,9.6263,2021-02-19,I Care a Lot,6.578,2921
5912,10409,1.3497,1992-08-20,Strictly Ballroom,6.578,370
5913,9342,8.8635,1998-07-16,The Mask of Zorro,6.578,4267
5914,630392,2.1509,2021-07-28,The Cursed,6.577,407
5915,492719,3.1748,2018-05-18,Godzilla: City on the Edge of Battle,6.577,392
5916,480857,1.5605,2020-03-11,Radioactive,6.577,899
5917,467936,4.7722,2018-08-01,The Children Act,6.577,643
5918,246860,3.6146,2014-08-20,Clouds of Sils Maria,6.6,797
5919,19277,1.9705,2003-11-24,In Hell,6.577,598
5920,19277,1.9705,2003-11-24,In Hell,6.577,598
5921,15655,1.7994,2000-02-11,The Tigger Movie,6.577,602
5922,13161,4.6813,2007-11-03,Big Stan,6.577,999
5923,11183,1.383,1978-11-11,French Fried Vacation,6.577,932
5924,10330,4.2373,2003-08-05,Freaky Friday,6.577,4201
5925,13667,1.602,1985-08-23,Better Off Dead...,6.6,539
5926,8488,6.7066,2005-02-11,Hitch,6.576,6131
5927,945729,7.1291,2023-09-13,A Haunting in Venice,6.575,2757
5928,92591,1.4084,2012-04-27,Bernie,6.575,1012
5929,12079,2.1755,2003-02-07,Spun,6.575,504
5930,532938,0.6469,2019-05-08,The Shiny Shrimps,6.574,459
5931,73358,1.1717,2011-08-28,Page Eight,6.574,323
5932,21159,1.1442,1964-05-06,The Last Man on Earth,6.574,472
5933,5206,0.4445,2006-12-08,The Boss of It All,6.6,310
5934,253306,2.7328,2014-09-04,Housebound,6.573,900
5935,51540,15.6921,2011-07-08,Horrible Bosses,6.573,6701
5936,9685,0.6232,2002-09-13,Igby Goes Down,6.573,343
5937,3049,5.1859,1994-02-04,Ace Ventura: Pet Detective,6.573,6254
5938,547565,1.7485,2021-07-15,The Night House,6.572,1278
5939,511785,0.9167,2018-04-16,Alex Strangelove,6.572,1566
5940,511785,0.9167,2018-04-16,Alex Strangelove,6.572,1566
5941,413644,4.9803,2017-07-26,The Son of Bigfoot,6.572,512
5942,967585,2.4484,2023-01-07,Alibi.com 2,6.571,472
5943,839369,13.6275,2023-11-16,May December,6.571,1002
5944,332340,1.5686,2015-05-29,Man Up,6.571,1036
5945,72431,1.606,2012-01-19,Red Tails,6.571,673
5946,31007,1.2779,2010-10-29,Welcome to the Rileys,6.571,424
5947,8413,7.1833,1997-08-15,Event Horizon,6.571,3183
5948,1893,7.4686,1999-05-19,Star Wars: Episode I - The Phantom Menace,6.571,15598
5949,623520,0.6885,2019-09-19,Z,6.57,345
5950,546630,0.4494,2018-12-06,100 Things,6.57,313
5951,441282,6.339,2019-08-08,Night Hunter,6.57,1050
5952,622855,4.1314,2020-11-06,Jingle Jangle: A Christmas Journey,6.569,561
5953,375366,2.3489,2016-09-23,The Girl with All the Gifts,6.569,2119
5954,28260,1.6539,1993-10-01,Return of the Living Dead III,6.569,895
5955,12165,1.379,2008-11-07,The Burning Plain,6.569,458
5956,10493,3.8829,1989-04-07,Dead Calm,6.6,806
5957,7211,1.3944,2007-10-26,Dan in Real Life,6.569,1323
5958,1315303,33.8817,2026-01-01,Primate,6.6,432
5959,1048241,4.6859,2024-07-18,My Spy The Eternal City,6.568,441
5960,774825,3.9117,2022-01-28,The Ice Age Adventures of Buck Wild,6.568,1799
5961,736526,7.645,2022-11-30,Troll,6.568,1983
5962,644495,4.1357,2021-11-24,House of Gucci,6.568,3378
5963,206647,7.9946,2015-10-26,Spectre,6.568,11095
5964,75174,18.9728,2012-01-26,The Grey,6.568,4052
5965,46528,1.7465,2010-12-01,The Warrior's Way,6.568,652
5966,14136,1.8287,1968-12-23,The Love Bug,6.6,633
5967,10389,1.1697,2002-05-09,The Eye,6.568,453
5968,581726,15.3703,2021-09-09,Infinite,6.567,2072
5969,500840,3.2713,2020-08-28,I'm Thinking of Ending Things,6.6,2145
5970,329712,1.0743,2015-05-19,The Measure of a Man,6.567,364
5971,12775,9.5247,1985-08-30,Flesh + Blood,6.567,426
5972,273477,11.7211,2015-10-23,Scouts Guide to the Zombie Apocalypse,6.6,2081
5973,113160,0.4815,2012-01-18,My First Time,6.566,534
5974,11468,1.0873,2002-02-12,The Salton Sea,6.566,349
5975,10652,1.7481,1987-08-07,Hamburger Hill,6.566,497
5976,1586,3.3412,2004-03-12,Secret Window,6.566,3872
5977,163,5.6684,2004-12-09,Ocean's Twelve,6.566,7769
5978,575776,9.4707,2020-10-09,Saint Maud,6.565,859
5979,410117,6.3563,2016-12-12,Lady Macbeth,6.565,810
5980,164457,1.9469,2013-11-12,Out of the Furnace,6.565,2089
5981,38575,10.7477,2010-06-10,The Karate Kid,6.565,6463
5982,1865,15.8132,2011-05-15,Pirates of the Caribbean: On Stranger Tides,6.565,14787
5983,424139,13.6585,2018-10-18,Halloween,6.564,5005
5984,88005,1.409,2012-06-22,Seeking a Friend for the End of the World,6.564,2219
5985,64678,1.4342,2011-06-17,The Art of Getting By,6.564,1342
5986,48289,1.6518,2010-09-30,The Debt,6.564,944
5987,9276,44.9869,1998-12-25,The Faculty,6.564,2189
5988,8874,2.4093,1997-06-19,My Best Friend's Wedding,6.564,2840
5989,51917,0.4358,2008-03-28,A Whole Life Ahead,6.563,317
5990,10215,2.0612,1998-04-23,Sliding Doors,6.563,1397
5991,435921,0.6838,2017-01-19,It’s the Law,6.562,786
5992,413518,12.6057,2019-12-19,Pinocchio,6.562,1561
5993,668,5.1774,1969-12-18,On Her Majesty's Secret Service,6.562,2090
5994,330,0.5401,1997-05-23,The Lost World: Jurassic Park,6.562,9083
5995,551804,4.9575,2020-11-12,Freaky,6.6,1794
5996,645788,5.9378,2021-08-19,The Protégé,6.56,1114
5997,489927,1.1218,2018-09-23,The Kindergarten Teacher,6.6,378
5998,471506,2.9203,2019-02-28,Greta,6.56,1434
5999,241259,6.007,2016-05-25,Alice Through the Looking Glass,6.56,6721
6000,38410,2.0205,2007-04-27,The Poughkeepsie Tapes,6.56,726
6001,10147,14.525,2003-11-26,Bad Santa,6.56,2343
6002,9873,1.3678,1986-02-07,F/X,6.6,483
6003,4564,4.543,2008-05-12,Sex and the City,6.6,2235
6004,632357,4.7451,2021-03-31,The Unholy,6.559,2240
6005,433310,1.938,2018-02-08,When We First Met,6.6,2347
6006,347629,0.9771,2017-10-26,Thank You for Your Service,6.559,407
6007,10890,2.7045,1981-06-26,Stripes,6.559,1000
6008,5955,7.478,2001-01-19,The Pledge,6.559,1194
6009,5486,1.1245,1971-09-08,A Bay of Blood,6.559,422
6010,425591,1.1919,2017-01-19,I Don't Feel at Home in This World Anymore,6.558,1389
6011,227156,2.7561,2014-08-13,The Giver,6.558,4589
6012,39939,2.4037,2001-02-15,Super Troopers,6.6,1196
6013,28696,1.2727,1953-12-30,The Wild One,6.558,320
6014,12133,7.946,2008-07-25,Step Brothers,6.558,3333
6015,6950,10.3674,1995-03-10,Outbreak,6.558,2434
6016,457136,2.6742,2018-12-07,Mary Queen of Scots,6.557,1912
6017,438145,1.2107,2018-09-05,Black '47,6.557,323
6018,30943,1.7628,1999-03-12,The Deep End of the Ocean,6.6,523
6019,18032,1.7248,2009-02-06,The Secret of Moonacre,6.6,483
6020,376166,5.2533,2016-10-19,From the Land of the Moon,6.6,312
6021,348350,8.938,2018-05-15,Solo: A Star Wars Story,6.556,9130
6022,112336,3.3488,2012-11-22,Hitchcock,6.556,1611
6023,10543,5.6215,1996-04-12,Fear,6.556,978
6024,665251,3.162,2020-03-18,Altered Carbon: Resleeved,6.555,316
6025,653744,1.0586,2020-01-28,Sergio,6.555,352
6026,218425,1.7787,2013-07-24,Frequencies,6.555,431
6027,36586,10.4429,2002-03-22,Blade II,6.555,5111
6028,11551,3.1992,1998-07-10,Small Soldiers,6.555,2271
6029,10567,7.2955,2000-05-19,Dinosaur,6.555,2703
6030,8461,3.3452,2008-03-14,Funny Games,6.555,2222
6031,924482,5.5246,2022-02-18,The Ledge,6.554,388
6032,11282,6.8063,2004-07-02,Harold & Kumar Go to White Castle,6.554,2223
6033,339408,1.2433,2016-09-09,The Birth of a Nation,6.553,561
6034,60309,1.436,2011-04-15,The Conspirator,6.553,484
6035,2788,7.6951,1994-02-18,Reality Bites,6.553,780
6036,480001,1.5303,2019-07-12,The Art of Self-Defense,6.552,806
6037,87499,12.1633,2013-05-31,The East,6.552,841
6038,15739,15.2517,1982-05-21,Annie,6.552,756
6039,10502,1.2687,1993-08-25,The Man Without a Face,6.552,548
6040,10502,1.2687,1993-08-25,The Man Without a Face,6.552,548
6041,5139,0.6402,2007-12-27,The Fox and the Child,6.552,354
6042,693158,3.136,2020-05-15,Proximity,6.551,362
6043,462883,1.7162,2017-10-05,Woody Woodpecker,6.551,760
6044,293167,11.8275,2017-03-08,Kong: Skull Island,6.551,10996
6045,274479,2.029,2015-12-24,Joy,6.551,4254
6046,56832,2.2696,2010-11-29,Gantz,6.551,333
6047,11521,1.4241,1991-09-06,Little Man Tate,6.6,332
6048,988078,3.5992,2023-06-23,Through My Window: Across the Sea,6.55,951
6049,736769,4.3869,2023-06-14,They Cloned Tyrone,6.5,708
6050,420426,1.4038,2018-07-20,Bleach,6.5,569
6051,274857,5.486,2017-05-10,King Arthur: Legend of the Sword,6.551,5976
6052,38843,1.4557,2010-07-23,Ramona and Beezus,6.55,780
6053,10947,5.3694,2006-01-20,High School Musical,6.549,4751
6054,1945,1.8987,1994-12-23,Nell,6.55,541
6055,435,6.0325,2004-05-26,The Day After Tomorrow,6.55,8698
6056,1263256,8.338,2025-07-25,Happy Gilmore 2,6.5,890
6057,762430,6.6399,2023-08-23,Retribution,6.549,1326
6058,565743,1.1713,2019-06-01,The Vast of Night,6.5,1143
6059,339259,1.6741,2017-05-25,The Man with the Iron Heart,6.549,814
6060,68812,2.0276,2012-09-01,The Iceman,6.55,1117
6061,12637,1.6008,1977-06-21,"New York, New York",6.549,491
6062,48492,3.0807,2010-09-18,Detective Dee and the Mystery of the Phantom Flame,6.5,425
6063,14429,1.2135,1999-10-01,Drive Me Crazy,6.5,418
6064,823855,0.965,2021-05-14,I Am All Girls,6.547,320
6065,526051,3.306,2018-10-12,Look Away,6.547,944
6066,412656,11.3522,2021-02-24,Chaos Walking,6.547,2515
6067,398181,2.0151,2017-11-08,You Were Never Really Here,6.547,2990
6068,1965,5.0018,1998-06-05,A Perfect Murder,6.5,1518
6069,664,8.3269,1996-05-10,Twister,6.548,3756
6070,1363123,18.0812,2025-11-11,The Family Plan 2,6.547,507
6071,231576,1.0754,2014-07-18,Wish I Was Here,6.546,767
6072,125521,1.1464,1996-08-03,Slayers Return,6.546,2073
6073,21755,1.4585,2008-09-09,The Brothers Bloom,6.546,696
6074,16119,5.5509,2007-02-06,Cinderella III: A Twist in Time,6.546,1315
6075,13122,1.5572,1991-11-01,The People Under the Stairs,6.5,736
6076,11887,2.5758,2008-10-11,High School Musical 3: Senior Year,6.546,3580
6077,10650,1.9688,1983-12-08,Sudden Impact,6.546,974
6078,10412,6.3516,1992-03-05,Romper Stomper,6.546,549
6079,8840,3.2644,1996-05-31,DragonHeart,6.5,2108
6080,2789,1.8222,2004-06-11,The Chronicles of Riddick,6.547,4394
6081,522681,4.5399,2019-01-03,Escape Room,6.543,4985
6082,171274,6.9555,2014-12-12,Inherent Vice,6.546,2673
6083,116711,5.1542,2013-05-15,Epic,6.545,2883
6084,34560,1.6498,2004-10-08,Halloweentown High,6.545,319
6085,17689,1.5728,1977-12-17,The Gauntlet,6.545,594
6086,381890,3.218,2016-02-08,The Mermaid,6.5,478
6087,297608,3.3511,2014-10-21,The Taking of Deborah Logan,6.5,1429
6088,244509,1.2189,2014-05-23,Cold in July,6.544,799
6089,45132,2.3185,2010-11-26,Super,6.544,1702
6090,241842,1.2412,2014-02-12,Dead Snow 2: Red vs. Dead,6.543,697
6091,54318,1.9076,2007-12-25,The Water Horse,6.543,1134
6092,44945,2.0607,2010-09-10,Trust,6.543,1028
6093,10872,1.1439,1994-03-09,The Ref,6.543,368
6094,864959,1.2409,2022-10-14,The Curse of Bridge Hollow,6.542,501
6095,760741,9.6988,2022-08-11,Beast,6.54,1697
6096,572802,14.8515,2023-12-20,Aquaman and the Lost Kingdom,6.541,3388
6097,544404,1.0694,2019-02-27,Who You Think I Am,6.542,349
6098,331583,2.6567,2016-03-25,The Whole Truth,6.54,1252
6099,13922,1.651,2005-08-12,The Great Raid,6.542,370
6100,401545,2.8094,2018-05-09,Everybody Knows,6.541,1021
6101,136400,5.1778,2013-08-02,2 Guns,6.541,4420
6102,51991,3.9878,2010-12-22,Romantics Anonymous,6.541,567
6103,39101,2.3701,1990-06-07,Dragon Ball Z: The Tree of Might,6.5,616
6104,14024,1.4861,2004-08-10,Raise Your Voice,6.541,853
6105,12437,5.8962,2009-01-22,Underworld: Rise of the Lycans,6.541,3894
6106,9255,2.7179,1993-05-21,Hot Shots! Part Deux,6.541,2013
6107,699,4.418,1981-06-24,For Your Eyes Only,6.541,2023
6108,760741,9.6988,2022-08-11,Beast,6.54,1697
6109,331583,2.6567,2016-03-25,The Whole Truth,6.54,1252
6110,11814,12.7275,1985-08-01,Weird Science,6.54,1512
6111,6069,6.6704,1987-06-12,The Witches of Eastwick,6.54,1522
6112,41154,5.4348,2012-05-23,Men in Black 3,6.539,10843
6113,11348,1.1756,2005-10-14,Fragile,6.539,614
6114,9615,2.1659,2006-06-03,The Fast and the Furious: Tokyo Drift,6.539,7474
6115,9035,2.6292,2006-03-31,Slither,6.539,1679
6116,8665,1.951,2002-07-19,K-19: The Widowmaker,6.539,1137
6117,839033,6.0259,2024-12-05,The Lord of the Rings: The War of the Rohirrim,6.538,807
6118,613349,0.406,2019-12-11,A Good Doctor,6.538,327
6119,466081,20.5533,2019-08-30,The Informer,6.538,919
6120,9664,2.5734,2006-09-22,Flyboys,6.538,839
6121,9035,2.6292,2006-03-31,Slither,6.539,1679
6122,6538,1.9709,2007-12-19,Charlie Wilson's War,6.538,1613
6123,1990,1.1283,2007-07-12,Paranoid Park,6.538,585
6124,877817,14.2928,2024-09-20,Wolfs,6.536,1356
6125,613099,1.5184,2019-12-05,The Legacy of the Bones,6.537,456
6126,453755,4.991,2018-11-21,Arctic,6.537,1363
6127,245700,1.7295,2014-10-31,Mr. Turner,6.537,576
6128,73567,15.2299,2012-06-07,Killer Joe,6.538,1546
6129,12106,6.2742,1995-02-09,The Quick and the Dead,6.537,1908
6130,11364,1.675,1991-07-10,Regarding Henry,6.537,626
6131,11348,1.1756,2005-10-14,Fragile,6.539,614
6132,11338,3.4625,1985-02-22,Into the Night,6.537,321
6133,440626,1.0354,2018-05-03,Sobibor,6.536,329
6134,400157,9.5958,2019-03-13,Wonder Park,6.5,737
6135,10388,15.1701,1999-10-08,The Limey,6.536,485
6136,9816,1.508,2001-01-12,Save the Last Dance,6.536,1340
6137,1362,1.4667,1977-11-27,The Hobbit,6.536,348
6138,1226578,12.7467,2024-07-10,Longlegs,6.533,2507
6139,470918,2.562,2018-04-18,Beast,6.5,326
6140,20526,15.8881,2010-12-14,TRON: Legacy,6.535,7791
6141,13552,1.1848,1995-10-20,The Doom Generation,6.535,303
6142,13053,13.6763,2008-11-21,Bolt,6.535,6413
6143,37910,1.1986,2002-02-02,Voices of a Distant Star,6.5,325
6144,10991,2.7301,2000-07-08,Pokémon 3: The Movie,6.5,672
6145,10684,1.5794,1996-07-04,Courage Under Fire,6.534,1019
6146,9087,2.228,1995-11-17,The American President,6.534,767
6147,594718,2.1527,2020-07-24,Sputnik,6.5,959
6148,486131,2.0845,2019-06-14,Shaft,6.533,1826
6149,401981,13.1251,2018-02-15,Red Sparrow,6.533,6293
6150,351286,11.1446,2018-06-06,Jurassic World: Fallen Kingdom,6.534,12591
6151,865,7.7199,1987-11-13,The Running Man,6.533,2739
6152,1139829,7.4002,2024-02-01,Orion and the Dark,6.532,620
6153,940139,7.918,2024-10-30,Here,6.532,631
6154,399360,9.8075,2018-08-17,Alpha,6.5,2700
6155,271724,20.5831,2014-09-03,Hippocrates,6.532,494
6156,146216,3.8774,2013-07-18,RED 2,6.532,4268
6157,21316,2.1016,2006-06-23,Leroy & Stitch,6.531,597
6158,11808,9.917,1998-03-06,U.S. Marshals,6.532,1751
6159,10800,1.0651,2008-03-19,Dragon Hunters,6.532,470
6160,425274,45.4011,2025-11-12,Now You See Me: Now You Don't,6.531,1153
6161,21316,2.1016,2006-06-23,Leroy & Stitch,6.531,597
6162,9445,1.9932,1998-10-23,Apt Pupil,6.531,702
6163,8696,2.1043,2003-09-02,Calendar Girls,6.531,397
6164,74,10.8912,2005-06-28,War of the Worlds,6.531,8998
6165,635744,1.851,2019-10-01,Jarhead: Law of Return,6.53,3356
6166,458576,4.3083,2020-12-03,Monster Hunter,6.53,3495
6167,270946,7.4489,2014-11-22,Penguins of Madagascar,6.53,4410
6168,242224,8.8995,2014-05-22,The Babadook,6.53,6331
6169,44129,1.3789,2010-10-21,The Company Men,6.53,792
6170,38093,2.2504,2010-05-14,Just Wright,6.5,450
6171,25155,1.1053,1987-01-23,The Stepfather,6.53,367
6172,623195,1.2099,2019-08-29,Falling Inn Love,6.529,1201
6173,620881,0.6862,2019-10-31,The Perfect Secret,6.529,333
6174,300693,1.3012,2015-10-16,Truth,6.529,517
6175,261023,16.333,2015-09-17,Black Mass,6.529,3541
6176,13105,1.8849,1983-07-22,Mr. Mom,6.5,339
6177,10866,2.0378,2001-10-05,Joy Ride,6.529,1310
6178,9768,15.2829,1990-04-06,Cry-Baby,6.529,1559
6179,2882,1.6695,2007-03-21,Hunting & Gathering,6.529,436
6180,799546,5.4112,2022-09-30,Luckiest Girl Alive,6.528,908
6181,522938,10.2857,2019-09-18,Rambo: Last Blood,6.528,4146
6182,264656,1.7957,2014-05-18,The Homesman,6.528,849
6183,261023,16.333,2015-09-17,Black Mass,6.529,3541
6184,37933,6.7171,2006-07-29,Tales from Earthsea,6.528,1457
6185,12797,1.9298,2008-09-19,Ghost Town,6.5,1037
6186,295964,12.9891,2015-10-02,Burnt,6.527,3536
6187,27582,12.8362,2011-01-13,The Mechanic,6.527,3519
6188,19124,1.4944,1989-08-17,Blind Fury,6.5,491
6189,10970,1.9284,1976-06-17,Silent Movie,6.527,328
6190,436274,1.856,2017-07-17,Radius,6.5,725
6191,102382,11.0928,2014-04-16,The Amazing Spider-Man 2,6.527,14027
6192,11543,1.9822,1996-07-04,Kingpin,6.526,952
6193,9429,6.3786,1998-10-01,A Night at the Roxbury,6.526,977
6194,8909,6.466,2008-06-19,Wanted,6.526,7477
6195,2360,1.2881,2000-01-24,Saving Grace,6.5,431
6196,579047,19.1797,2021-08-18,Reminiscence,6.526,1913
6197,324670,3.0195,2016-12-09,Spectral,6.525,1918
6198,273271,6.6372,2014-05-24,Time Lapse,6.525,1353
6199,10622,4.0328,1997-01-31,Mr. Nice Guy,6.525,731
6200,10622,4.0328,1997-01-31,Mr. Nice Guy,6.525,731
6201,10527,8.7046,2008-10-30,Madagascar: Escape 2 Africa,6.524,7329
6202,10052,2.5946,2002-02-22,Dragonfly,6.525,910
6203,8868,1.0142,1985-03-06,Asterix vs. Caesar,6.5,630
6204,1137350,5.5128,2025-05-23,The Phoenician Scheme,6.524,820
6205,458534,1.2523,2018-03-14,Rolling to You,6.524,780
6206,39371,0.4374,1984-10-26,L'allenatore nel pallone,6.524,392
6207,21861,0.9991,2009-02-04,LOL (Laughing Out Loud),6.524,1338
6208,11624,1.2938,1972-08-06,Everything You Always Wanted to Know About Sex *But Were Afraid to Ask,6.524,979
6209,10939,0.7954,1974-11-12,The Return of the Tall Blond Man with One Black Shoe,6.5,337
6210,73723,8.5168,2012-03-01,The Lorax,6.523,3810
6211,13205,2.0064,2006-01-26,Bambi II,6.5,1042
6212,10354,18.3439,1999-03-19,True Crime,6.523,847
6213,848,2.2977,1981-06-26,Dragonslayer,6.523,308
6214,832502,1.8313,2023-07-30,The Monkey King,6.522,334
6215,409421,1.2393,2017-05-20,BLAME!,6.522,348
6216,9437,3.1104,1997-09-29,Kiss the Girls,6.522,1841
6217,928,6.04,1990-06-15,Gremlins 2: The New Batch,6.522,2838
6218,172385,7.7107,2014-03-19,Rio 2,6.521,3702
6219,157847,12.4918,2014-04-11,Joe,6.521,1007
6220,75674,2.8939,2012-02-24,Act of Valor,6.521,1218
6221,72197,3.6286,2012-03-12,The Pirates! In an Adventure with Scientists!,6.5,1182
6222,18898,0.7319,2009-05-27,Looking for Eric,6.521,361
6223,9975,2.1152,2006-02-10,Curious George,6.521,548
6224,628914,2.1523,2021-08-26,Queenpins,6.52,482
6225,536115,3.3838,2018-11-09,Godzilla: The Planet Eater,6.522,393
6226,246655,6.7862,2016-05-18,X-Men: Apocalypse,6.52,13609
6227,3536,2.6572,2000-04-20,U-571,6.5,1322
6228,96,5.0834,1987-05-18,Beverly Hills Cop II,6.52,2760
6229,614479,3.6766,2023-07-05,Insidious: The Red Door,6.519,1916
6230,83201,2.1391,2012-02-07,Puss in Boots: The Three Diablos,6.519,507
6231,43629,1.1391,1997-01-01,Doodlebug,6.518,475
6232,9900,2.2088,2006-01-06,Grandma's Boy,6.519,727
6233,37725,1.4721,2006-07-15,It's a Boy Girl Thing,6.5,1089
6234,11400,2.123,2005-12-25,The New World,6.518,1247
6235,645710,9.7993,2021-08-25,The Voyeurs,6.517,1131
6236,257785,1.6986,2017-07-13,Tulip Fever,6.517,734
6237,11559,4.6671,2005-10-13,Tideland,6.5,601
6238,9350,14.0486,1993-05-28,Cliffhanger,6.5,2579
6239,21309,3.454,1986-10-10,River's Edge,6.516,308
6240,9779,6.7849,2005-06-01,The Sisterhood of the Traveling Pants,6.516,1338
6241,1022690,3.6754,2024-03-07,Ricky Stanicky,6.519,754
6242,12222,7.0302,2008-03-03,Horton Hears a Who!,6.515,3492
6243,10881,0.9639,2001-01-20,Avalon,6.515,341
6244,8954,0.9802,2007-09-13,Reservation Road,6.515,407
6245,584,1.5634,2003-06-05,2 Fast 2 Furious,6.515,8025
6246,335977,6.9659,2023-06-25,Indiana Jones and the Dial of Destiny,6.514,4016
6247,68724,17.2288,2013-08-07,Elysium,6.514,9428
6248,18331,1.4241,1963-06-04,The Nutty Professor,6.514,459
6249,193,1.6808,1994-11-18,Star Trek: Generations,6.514,1452
6250,1180831,12.7956,2025-11-30,Troll 2,6.515,421
6251,389868,0.7225,2016-08-17,Seoul Station,6.513,477
6252,12242,22.7297,2004-11-03,Mulan II,6.513,2479
6253,8338,3.3932,2008-05-14,Blindness,6.513,1346
6254,661231,3.4768,2022-04-01,Operation Mincemeat,6.5,773
6255,585216,3.7749,2021-07-01,Escape Room: Tournament of Champions,6.512,2227
6256,581600,1.8774,2020-03-06,Spenser Confidential,6.512,2466
6257,400650,6.6183,2018-12-13,Mary Poppins Returns,6.512,3433
6258,53319,0.4957,2011-01-05,What a Beautiful Day,6.5,1571
6259,15070,4.368,2002-07-17,Undisputed,6.512,791
6260,10818,1.9111,2007-05-17,Water Lilies,6.5,463
6261,9638,2.079,1979-03-28,Phantasm,6.512,763
6262,4233,16.1059,1997-12-12,Scream 2,6.5,4604
6263,390555,0.4901,1993-11-24,Bonanza: The Return,6.511,401
6264,76338,11.8911,2013-10-30,Thor: The Dark World,6.511,18135
6265,39102,2.2739,1991-03-19,Dragon Ball Z: Lord Slug,6.511,577
6266,10466,5.1949,1986-03-26,The Money Pit,6.5,1214
6267,36801,1.1228,2010-04-14,Cemetery Junction,6.51,302
6268,13465,1.9982,1949-10-05,The Adventures of Ichabod and Mr. Toad,6.51,673
6269,2148,1.9206,1984-12-14,The Cotton Club,6.51,432
6270,374465,0.5676,2016-04-06,Things to Come,6.5,334
6271,301365,2.6463,2016-05-31,The Neon Demon,6.509,3887
6272,274862,3.5096,2017-09-21,The Lego Ninjago Movie,6.509,1148
6273,172386,0.9134,2013-03-15,Return to Nim's Island,6.5,642
6274,58235,1.4088,2011-02-25,Confessions of a Brazilian Call Girl,6.509,500
6275,13649,5.4532,2007-08-17,High School Musical 2,6.509,3846
6276,11827,5.0779,1981-08-07,Heavy Metal,6.5,764
6277,503125,1.0034,2019-08-29,Little Monsters,6.5,724
6278,390054,4.4185,2017-04-21,Sand Castle,6.5,845
6279,353616,3.2252,2017-12-20,Pitch Perfect 3,6.508,3433
6280,390054,4.4185,2017-04-21,Sand Castle,6.5,845
6281,146015,9.7754,2014-04-03,The Double,6.508,1069
6282,9535,2.6263,1999-03-05,Analyze This,6.507,2078
6283,845783,3.9658,2023-12-28,Baghead,6.506,472
6284,785398,4.5705,2022-09-30,EO,6.506,408
6285,467938,6.6766,2018-02-07,Revenge,6.506,2036
6286,467482,0.4446,2018-11-07,A Man in a Hurry,6.5,315
6287,55721,12.5758,2011-05-13,Bridesmaids,6.505,4611
6288,20943,8.7474,2009-07-24,The Ugly Truth,6.506,3718
6289,13680,3.168,2007-09-28,The Game Plan,6.506,2152
6290,654028,2.1844,2020-11-18,The Christmas Chronicles: Part Two,6.505,1148
6291,452557,1.9097,2017-07-27,Wolf Warrior 2,6.505,321
6292,24122,2.0306,2009-09-16,The Rebound,6.505,945
6293,14510,1.4213,1986-10-24,From Beyond,6.5,640
6294,13665,10.3788,1981-07-17,Arthur,6.505,457
6295,253,8.2108,1973-06-27,Live and Let Die,6.505,2239
6296,864168,1.9914,2023-06-22,Joy Ride,6.504,465
6297,773655,2.4655,2020-12-27,Death to 2020,6.504,786
6298,10656,1.2128,1985-04-10,Subway,6.504,495
6299,3902,1.6681,2007-10-01,I'm Not There,6.504,759
6300,840464,103.3658,2026-01-07,Greenland 2: Migration,6.5,548
6301,301804,1.376,2016-04-07,Before I Wake,6.502,1948
6302,43947,6.2447,2010-06-17,I Spit on Your Grave,6.501,2502
6303,22897,1.903,2009-12-23,It's Complicated,6.502,1488
6304,9870,2.2949,2008-04-17,Forgetting Sarah Marshall,6.502,3630
6305,540,1.6664,2005-03-25,D.E.B.S.,6.5,616
6306,617502,3.3603,2021-07-15,Jolt,6.501,1360
6307,1551,4.399,1990-08-10,Flatliners,6.501,1680
6308,758724,1.7506,2022-03-25,The Cellar,6.5,488
6309,351044,1.5884,2018-12-21,Welcome to Marwen,6.5,1189
6310,310135,1.0625,2015-08-14,Turbo Kid,6.5,753
6311,309302,2.3781,2015-02-19,Wolf Totem,6.5,396
6312,184314,7.5431,2013-08-21,Young & Beautiful,6.5,1301
6313,45243,6.7361,2011-05-25,The Hangover Part II,6.5,11124
6314,11001,2.8459,1999-09-17,Blue Streak,6.5,1595
6315,10782,5.4077,2003-04-18,Basic,6.495,1116
6316,9077,0.8083,1955-10-29,Tarantula,6.5,305
6317,842,0.842,2004-05-17,The Assassination of Richard Nixon,6.5,300
6318,1029955,3.9147,2024-05-30,Kinds of Kindness,6.5,1216
6319,975511,3.3195,2024-11-28,The Return,6.505,404
6320,445040,1.1324,2017-11-03,My Friend Dahmer,6.5,635
6321,72387,7.1799,2012-04-16,Safe,6.498,2629
6322,11980,1.3913,1995-08-05,The Prophecy,6.499,550
6323,9353,3.8667,2006-06-16,Nacho Libre,6.499,1802
6324,9086,1.618,1990-08-01,Young Guns II,6.499,583
6325,948276,0.8825,2022-11-10,Lost Bullet 2,6.498,467
6326,877183,1.1471,2021-11-12,The Simpsons in Plusaversary,6.498,429
6327,33689,1.5358,1995-11-17,It Takes Two,6.5,953
6328,8346,2.136,2002-04-19,My Big Fat Greek Wedding,6.498,2252
6329,429473,2.3979,2022-09-23,Lou,6.497,755
6330,392207,2.2762,2017-03-03,The Invisible Guardian,6.497,725
6331,205022,2.7283,2013-08-08,Chennai Express,6.497,370
6332,36593,3.9275,1994-03-18,Naked Gun 33⅓: The Final Insult,6.497,2444
6333,14854,8.1305,1983-04-15,Lone Wolf McQuade,6.497,389
6334,10326,2.6536,1992-12-16,Forever Young,6.497,953
6335,5353,0.7886,2007-09-03,The Hunting Party,6.497,348
6336,18405,4.2161,2009-03-13,The Last House on the Left,6.495,1907
6337,10576,4.0296,1983-06-03,Psycho II,6.496,707
6338,4729,1.4397,1968-10-30,The Gendarme Gets Married,6.498,594
6339,444539,1.7022,2017-11-10,The Bookshop,6.495,455
6340,229297,1.2319,2014-07-25,Magic in the Moonlight,6.494,2152
6341,160139,1.1479,2013-03-07,Night Train to Lisbon,6.494,427
6342,47760,9.1648,2011-09-16,Restless,6.494,430
6343,10126,2.1357,1988-04-15,Colors,6.5,521
6344,9522,3.8848,2005-07-13,Wedding Crashers,6.494,4635
6345,8012,6.8839,1995-10-20,Get Shorty,6.494,1183
6346,450001,2.5034,2018-12-20,Master Z: Ip Man Legacy,6.493,579
6347,417384,5.5992,2019-08-08,Scary Stories to Tell in the Dark,6.492,2811
6348,238751,1.4909,1989-11-10,Best of the Best,6.492,323
6349,18129,2.1214,1990-08-08,The Grifters,6.492,458
6350,9691,2.7868,1995-10-06,Assassins,6.492,1675
6351,9689,0.6696,2002-05-03,Hollywood Ending,6.492,522
6352,9032,4.3105,1999-06-25,Big Daddy,6.492,3480
6353,2107,1.4264,1991-02-08,L.A. Story,6.492,375
6354,840464,103.3658,2026-01-07,Greenland 2: Migration,6.5,548
6355,376659,13.7352,2016-07-28,Bad Moms,6.491,4217
6356,309299,2.529,2015-10-16,Experimenter,6.491,482
6357,16523,2.2706,2009-10-16,Where the Wild Things Are,6.491,1980
6358,948276,0.8825,2022-11-10,Lost Bullet 2,6.49,468
6359,248774,0.6682,2014-06-06,Obvious Child,6.5,454
6360,11027,1.3652,1981-03-20,The Postman Always Rings Twice,6.49,547
6361,10021,1.6365,1987-04-10,The Secret of My Success,6.5,679
6362,5951,0.9528,2007-09-09,The Jane Austen Book Club,6.5,388
6363,1127166,4.8264,2024-04-03,The Tearsmith,6.489,949
6364,401469,5.8542,2018-11-06,Widows,6.489,2436
6365,30689,2.6821,1971-12-17,Four Flies on Grey Velvet,6.489,423
6366,12610,2.4629,2001-08-10,Osmosis Jones,6.5,1067
6367,8208,0.8716,1934-12-09,The Man Who Knew Too Much,6.489,438
6368,7442,2.194,1991-01-13,Sleeping with the Enemy,6.489,1189
6369,121826,5.5702,2012-12-26,Quartet,6.488,380
6370,9707,1.1925,2002-06-09,Bubba Ho-tep,6.488,685
6371,8194,5.1648,2006-09-29,A Guide to Recognizing Your Saints,6.5,326
6372,807356,11.4044,2022-06-03,Watcher,6.487,1119
6373,475303,0.3494,2019-07-26,A Rainy Day in New York,6.487,2347
6374,59961,2.9865,2012-02-08,Safe House,6.487,3856
6375,489326,1.8102,2020-02-28,Mortal,6.5,495
6376,227700,2.3005,2013-10-13,Anna,6.486,708
6377,25472,2.4887,2009-11-16,Merry Madagascar,6.486,317
6378,22972,3.1058,2010-03-11,Green Zone,6.486,2333
6379,9408,5.0985,2007-06-08,Surf's Up,6.486,2698
6380,22972,3.1058,2010-03-11,Green Zone,6.486,2333
6381,9408,5.0985,2007-06-08,Surf's Up,6.486,2697
6382,575100,1.5446,2019-02-07,When Mom Is Away,6.485,516
6383,340176,1.7725,2015-05-11,Tag,6.485,394
6384,204922,2.9102,2014-09-03,Before I Go to Sleep,6.485,2111
6385,15301,3.9305,1983-06-24,Twilight Zone: The Movie,6.5,785
6386,11285,1.1013,1988-09-13,Cocoon: The Return,6.485,1012
6387,302,2.091,2003-05-21,Swimming Pool,6.485,776
6388,760329,9.8939,2025-10-01,The Smashing Machine,6.483,474
6389,335051,0.4319,2015-04-09,God Willing,6.484,615
6390,186929,1.1971,2013-08-29,Borgman,6.484,347
6391,34016,3.3008,2010-03-11,She's Out of My League,6.484,2290
6392,15373,2.8078,2008-11-07,Role Models,6.5,2091
6393,13027,6.2743,2008-09-25,Eagle Eye,6.484,3061
6394,12689,1.5986,2008-07-25,"Angus, Thongs and Perfect Snogging",6.484,827
6395,10278,1.3931,1998-08-10,Return to Paradise,6.484,310
6396,6947,14.5978,2004-07-30,The Village,6.5,4508
6397,622,9.1124,1999-08-25,The Ninth Gate,6.484,3269
6398,621151,1.2761,2020-10-30,Spell,6.483,423
6399,531438,1.387,2019-11-06,Holiday in the Wild,6.483,562
6400,446791,5.3505,2017-12-21,All the Money in the World,6.5,2378
6401,173185,4.3321,2013-03-06,It Boy,6.5,1560
6402,15602,1.2759,1995-12-22,Grumpier Old Men,6.484,417
6403,10279,1.3962,1999-06-28,Summer of Sam,6.483,519
6404,8992,1.546,1985-03-01,The Sure Thing,6.483,315
6405,5174,5.9006,2007-08-08,Rush Hour 3,6.483,3627
6406,2019,4.3055,1993-04-27,Hard Target,6.483,1308
6407,535,16.2577,1983-04-14,Flashdance,6.483,1579
6408,152,6.071,1979-12-07,Star Trek: The Motion Picture,6.484,1888
6409,532620,0.9937,2019-03-27,Let's Dance,6.475,339
6410,270343,0.6405,2014-08-20,Love at First Fight,6.5,454
6411,38842,2.2486,2009-05-17,Middle Men,6.482,336
6412,21629,15.1091,1980-12-12,Stir Crazy,6.482,470
6413,20857,1.3792,2001-09-14,Hardball,6.482,539
6414,20048,3.0178,2009-02-05,Confessions of a Shopaholic,6.481,2724
6415,17710,1.4292,2002-06-28,Hey Arnold! The Movie,6.482,371
6416,517088,2.3708,2021-12-10,Being the Ricardos,6.481,683
6417,287689,1.2498,2015-07-08,7 Days in Hell,6.485,423
6418,10750,1.4443,1991-04-24,Toy Soldiers,6.481,368
6419,9928,21.7269,2005-03-10,Robots,6.481,4854
6420,474051,1.1779,2018-06-22,Calibre,6.48,760
6421,375012,0.5473,2016-09-30,Under the Shadow,6.48,716
6422,255756,0.7504,2014-06-11,"Black Coal, Thin Ice",6.48,306
6423,7516,4.3701,2006-12-09,Smokin' Aces,6.48,1788
6424,1140066,18.3901,2023-06-24,Paradise,6.479,685
6425,777443,7.6022,2025-03-07,The Electric State,6.479,1560
6426,726208,2.2176,2020-07-24,Don't Listen,6.479,792
6427,296271,1.5889,2023-01-13,The Devil Conspiracy,6.479,454
6428,243684,2.2671,2014-10-17,"Men, Women & Children",6.479,970
6429,38594,1.8497,2008-09-21,Dragon Ball: Yo! Son Goku and His Friends Return!!,6.5,580
6430,4141,2.7288,2007-07-26,Shoot 'Em Up,6.479,2020
6431,1071215,15.4824,2023-11-16,Thanksgiving,6.478,1522
6432,939335,2.659,2023-09-29,Muzzle,6.478,339
6433,553604,2.8584,2020-09-03,Honest Thief,6.478,1859
6434,492282,0.5802,2017-12-28,Like a Cat on a Highway,6.478,938
6435,267192,1.2733,2016-06-10,Genius,6.5,714
6436,14462,2.0956,2004-07-30,The Manchurian Candidate,6.478,1688
6437,10760,2.0956,2007-09-21,Sydney White,6.478,1095
6438,9404,2.2075,1996-02-10,Police Story 4: First Strike,6.478,521
6439,280996,5.8984,2015-06-19,Mr. Holmes,6.477,1939
6440,14442,3.2445,2004-04-09,Ella Enchanted,6.477,1948
6441,10631,0.9473,1984-09-21,All of Me,6.477,365
6442,574982,1.2409,2019-11-21,The Blackout,6.5,562
6443,396940,0.9055,2017-09-29,Super Dark Times,6.476,661
6444,157849,2.0872,2014-07-25,A Most Wanted Man,6.476,1455
6445,41446,30.7695,2011-04-13,Scream 4,6.5,4079
6446,12600,2.4149,2001-07-06,Pokémon 4Ever,6.5,450
6447,2133,3.4312,2000-06-29,The Perfect Storm,6.476,2507
6448,621151,1.2761,2020-10-30,Spell,6.475,424
6449,532620,0.9937,2019-03-27,Let's Dance,6.475,339
6450,309245,0.7626,2015-08-14,Mistress America,6.475,582
6451,101669,1.0209,2010-09-23,Mother's Day,6.475,453
6452,16690,6.1134,2002-02-14,Return to Never Land,6.475,2382
6453,13573,1.1864,2003-05-15,The United States of Leland,6.5,336
6454,8922,14.1227,2001-07-01,Jeepers Creepers,6.475,3219
6455,8748,0.6806,2007-07-15,Eagle vs Shark,6.5,322
6456,407436,3.2214,2018-11-25,Mowgli: Legend of the Jungle,6.5,2573
6457,41592,1.624,2010-05-19,StreetDance 3D,6.5,424
6458,9618,4.6779,1989-12-22,Tango & Cash,6.5,2078
6459,341174,10.5918,2017-02-08,Fifty Shades Darker,6.473,7884
6460,9618,4.6779,1989-12-22,Tango & Cash,6.5,2078
6461,533533,22.2198,2025-10-08,TRON: Ares,6.471,1238
6462,448095,0.9523,2018-09-27,I Still See You,6.472,653
6463,104859,1.5152,2012-07-03,Mac & Devin Go to High School,6.5,445
6464,20726,1.3399,1994-10-14,Little Giants,6.472,462
6465,11846,2.523,1991-12-20,Father of the Bride,6.472,1471
6466,2046,2.7774,2000-12-22,The Gift,6.472,1353
6467,1968,1.2697,1997-02-14,Fools Rush In,6.472,590
6468,1316092,81.0517,2026-02-11,"""Wuthering Heights""",6.459,454
6469,540901,14.2294,2019-09-12,Hustlers,6.471,3062
6470,391710,4.8348,2018-01-24,A Futile and Stupid Gesture,6.471,357
6471,240832,15.998,2014-07-25,Lucy,6.471,16867
6472,18585,0.9985,2008-02-08,The Ramen Girl,6.471,361
6473,977506,1.2736,2023-02-24,The Crime Is Mine,6.47,446
6474,723072,2.3227,2020-12-04,Host,6.47,1069
6475,595586,1.5649,2022-10-28,Causeway,6.47,545
6476,157827,4.5031,2015-10-01,Louder Than Bombs,6.5,365
6477,10347,1.4495,1997-06-18,Dobermann,6.47,547
6478,566454,0.4301,2019-03-06,The Mystery of Henri Pick,6.469,474
6479,347626,3.6476,2021-08-27,He's All That,6.47,1464
6480,14684,1.2291,1992-09-18,School Ties,6.5,420
6481,10671,8.8818,1970-03-25,Airport,6.469,434
6482,10471,2.6673,2000-01-12,Next Friday,6.469,631
6483,9772,7.6246,1997-07-25,Air Force One,6.469,3254
6484,9294,14.0277,1996-07-05,Phenomenon,6.469,1302
6485,8224,3.3907,1999-02-26,8MM,6.469,2203
6486,1281,3.6174,1997-07-03,Bean,6.469,2551
6487,82654,6.7746,2013-01-31,Warm Bodies,6.468,6319
6488,26285,0.469,1983-12-22,Fantozzi Still Suffers,6.5,479
6489,10249,4.9554,1991-06-21,The Rocketeer,6.468,1017
6490,9593,3.9168,1993-06-18,Last Action Hero,6.468,2934
6491,84355,1.2268,2011-09-11,Your Sister's Sister,6.467,359
6492,752623,4.583,2022-03-23,The Lost City,6.466,3914
6493,398929,16.825,2017-02-15,Alibi.com,6.466,1746
6494,84306,0.8908,2012-09-14,Liberal Arts,6.466,569
6495,16871,5.0608,2009-05-27,Drag Me to Hell,6.466,3994
6496,324852,4.7634,2017-06-15,Despicable Me 3,6.465,7554
6497,117251,6.845,2013-06-27,White House Down,6.465,5028
6498,79218,1.8769,2011-11-24,Ice Age: A Mammoth Christmas,6.465,693
6499,10081,1.3604,1987-09-18,The Principal,6.465,303
6500,79218,1.8769,2011-11-24,Ice Age: A Mammoth Christmas,6.465,693
6501,63492,2.5738,2011-09-30,What's Your Number?,6.463,2420
6502,10081,1.3604,1987-09-18,The Principal,6.465,303
6503,601470,1.8585,2021-09-17,The Eyes of Tammy Faye,6.5,668
6504,460793,2.2323,2017-10-27,Olaf's Frozen Adventure,6.464,1485
6505,329263,0.4654,2015-09-10,Suck Me Shakespeer 2,6.464,999
6506,252838,6.0372,2015-01-16,The Wedding Ringer,6.464,1671
6507,34996,1.1305,1995-10-06,The Addiction,6.5,304
6508,14052,2.6577,1984-07-20,Revenge of the Nerds,6.464,790
6509,9666,1.2303,2003-08-15,Ju-on: The Grudge 2,6.5,378
6510,8279,1.5901,2008-02-20,Paris,6.464,348
6511,5683,5.2042,1985-07-26,Pee-wee's Big Adventure,6.464,832
6512,4421,5.616,1997-08-19,G.I. Jane,6.5,1811
6513,2069,2.1103,2000-02-18,The Whole Nine Yards,6.5,2033
6514,1710,2.3065,1995-10-27,Copycat,6.464,1215
6515,396398,2.2364,2017-10-13,The Meyerowitz Stories (New and Selected),6.463,1259
6516,374617,1.3603,2016-08-19,Imperium,6.464,1464
6517,359246,4.2581,2015-10-16,Hell House LLC,6.463,601
6518,334298,1.6453,2015-07-16,Monster Hunt,6.5,362
6519,159121,1.4994,2012-10-04,Paulette,6.5,406
6520,11359,1.7269,1995-07-14,The Indian in the Cupboard,6.463,663
6521,3980,2.1081,1986-04-11,Critters,6.463,1069
6522,554230,2.029,2021-12-15,The Lost Daughter,6.5,1083
6523,469274,2.0065,2019-02-06,City Hunter,6.462,827
6524,9422,1.8572,1998-12-25,A Civil Action,6.462,479
6525,708336,0.5292,2020-06-15,Return of the Tooth Fairy,6.461,855
6526,193893,3.795,2014-08-13,Let's Be Cops,6.5,2932
6527,12085,1.6427,2008-01-17,Mad Money,6.461,703
6528,11047,0.9045,1967-12-20,Asterix the Gaul,6.5,788
6529,673174,1.4398,2020-07-24,Offering to the Storm,6.46,338
6530,339095,0.8756,2020-06-05,The Last Days of American Crime,6.46,847
6531,59678,2.4176,2011-05-12,Attack the Block,6.46,2220
6532,18111,1.0703,1990-09-01,Bride of Re-Animator,6.46,486
6533,16899,0.91,2008-11-07,Easy Virtue,6.46,445
6534,8288,0.803,1982-07-16,A Midsummer Night's Sex Comedy,6.46,461
6535,397,1.9059,1995-05-05,French Kiss,6.46,782
6536,1316092,81.0517,2026-02-11,"""Wuthering Heights""",6.457,455
6537,739405,6.512,2023-01-04,Operation Fortune: Ruse de Guerre,6.459,1858
6538,266285,1.2486,2014-05-22,The Salvation,6.459,921
6539,199575,1.0433,2014-07-31,These Final Hours,6.459,601
6540,266285,1.2486,2014-05-22,The Salvation,6.459,921
6541,59678,2.4176,2011-05-12,Attack the Block,6.46,2220
6542,2617,1.5733,1988-06-17,The Great Outdoors,6.459,587
6543,23963,1.1998,2009-03-06,Pontypool,6.458,692
6544,10859,1.1986,1987-08-05,Stakeout,6.458,439
6545,6,4.0876,1993-10-15,Judgment Night,6.5,366
6546,852096,1.4538,2023-02-24,We Have a Ghost,6.457,670
6547,489245,1.274,2019-10-17,The Kill Team,6.457,416
6548,376866,9.9874,2016-12-02,Jackie,6.457,2414
6549,109451,6.2342,2013-09-26,Cloudy with a Chance of Meatballs 2,6.457,3434
6550,84341,0.9202,2012-01-22,Smashed,6.457,302
6551,50620,7.1909,2012-11-13,The Twilight Saga: Breaking Dawn - Part 2,6.457,9294
6552,10806,1.421,1997-09-10,In & Out,6.457,737
6553,1406,1.8708,1991-06-07,City Slickers,6.457,849
6554,682,5.1038,1974-12-04,The Man with the Golden Gun,6.454,2231
6555,429733,1.1883,2017-11-10,Mayhem,6.456,771
6556,369230,0.2408,2015-11-19,Them Who?,6.456,428
6557,27586,23.8963,2010-03-19,The Runaways,6.456,824
6558,16353,2.3993,2008-12-04,Ong Bak 2,6.456,697
6559,1052280,2.0886,2024-01-19,It's What's Inside,6.5,751
6560,1052280,2.0886,2024-01-19,It's What's Inside,6.5,751
6561,639798,2.396,2020-01-17,32 Malasana Street,6.455,686
6562,115290,6.5295,2012-06-16,Blue Lagoon: The Awakening,6.455,1492
6563,39103,4.3043,1992-03-07,Dragon Ball Z: The Return of Cooler,6.5,1088
6564,10961,1.3939,2006-08-29,Behind the Mask: The Rise of Leslie Vernon,6.455,500
6565,28032,3.2699,1994-03-30,Thumbelina,6.454,533
6566,16617,2.6953,2004-05-07,Mindhunters,6.454,1293
6567,10529,3.3812,2008-04-24,Outlander,6.5,1379
6568,9792,7.5197,2006-03-10,The Hills Have Eyes,6.454,3273
6569,682,5.1038,1974-12-04,The Man with the Golden Gun,6.454,2231
6570,568620,2.8548,2021-07-22,Snake Eyes: G.I. Joe Origins,6.453,1685
6571,355547,2.4482,2017-11-15,The Star,6.453,601
6572,333385,1.7423,2016-02-29,Mr. Right,6.453,1433
6573,295693,3.0872,2017-03-23,The Boss Baby,6.453,7391
6574,38363,2.2779,2010-05-20,Fair Game,6.453,840
6575,14254,7.0643,2009-01-30,The Uninvited,6.453,1595
6576,11229,1.4661,1996-08-23,Freeway,6.453,417
6577,8987,1.5943,1994-09-30,The River Wild,6.453,941
6578,452,5.2575,1998-04-28,The Idiots,6.453,638
6579,400,1.6376,1995-12-01,Things to Do in Denver When You're Dead,6.453,418
6580,581859,1.7248,2020-06-12,Da 5 Bloods,6.5,1145
6581,529962,1.3984,2018-09-20,The Perfection,6.452,1437
6582,309304,2.4822,2015-06-04,Grandma,6.452,383
6583,11333,14.4454,1980-09-18,Super Fuzz,6.452,352
6584,7300,1.6757,1996-12-20,One Fine Day,6.452,710
6585,559,15.0341,2007-05-01,Spider-Man 3,6.452,14998
6586,1038263,7.1578,2024-11-27,Maria,6.451,439
6587,1027073,3.2645,2023-10-06,In the Land of Saints and Sinners,6.451,567
6588,649609,2.6385,2023-04-07,Renfield,6.451,2065
6589,441183,1.2607,2019-08-09,Light of My Life,6.451,566
6590,49017,10.6473,2014-10-01,Dracula Untold,6.451,6420
6591,6557,4.4299,2008-01-10,27 Dresses,6.451,3338
6592,292431,5.3771,2015-07-15,Love,6.45,2626
6593,9788,3.7801,2006-08-18,Accepted,6.45,1739
6594,9315,3.9468,2005-09-22,Flightplan,6.45,2904
6595,8512,1.2805,1995-09-29,Devil in a Blue Dress,6.45,444
6596,553608,2.6456,2019-02-28,DJ Cinderella,6.449,352
6597,395992,6.0118,2017-03-22,Life,6.449,7814
6598,9679,4.1272,2000-06-09,Gone in Sixty Seconds,6.449,4776
6599,1097311,17.3649,2025-06-13,Echo Valley,6.448,345
6600,429417,3.2538,2018-01-20,Ghost Stories,6.448,1258
6601,427641,13.5192,2018-04-11,Rampage,6.448,7419
6602,395992,6.0118,2017-03-22,Life,6.449,7814
6603,72105,9.2917,2012-06-29,Ted,6.448,13001
6604,12535,0.8854,1977-12-25,High Anxiety,6.4,388
6605,11008,2.4723,1995-03-24,Major Payne,6.448,872
6606,429203,3.4728,2018-09-27,The Old Man & the Gun,6.447,1473
6607,39874,4.0391,1981-02-11,My Bloody Valentine,6.4,544
6608,3036,2.0254,1994-11-04,Mary Shelley's Frankenstein,6.447,1343
6609,2207,3.01,2006-03-01,16 Blocks,6.447,2056
6610,884,6.7174,1996-07-17,Crash,6.447,1307
6611,747188,15.1394,2023-06-08,Asteroid City,6.446,2413
6612,33365,0.6093,2006-02-17,The Night Before the Exams,6.446,1073
6613,15261,0.1365,2007-10-29,Bring It On: In It to Win It,6.446,532
6614,14001,3.1387,2007-03-16,Dead Silence,6.446,2402
6615,10761,2.7886,2008-04-30,Made of Honor,6.4,1756
6616,9681,1.7741,2005-12-25,Casanova,6.446,925
6617,5653,2.9371,2003-10-29,Luther,6.446,332
6618,3981,6.8653,2000-12-15,What Women Want,6.446,4291
6619,636,1.5766,1971-03-11,THX 1138,6.446,1029
6620,266082,0.6809,2014-10-22,Girlhood,6.4,394
6621,225728,4.4498,2015-09-22,Macbeth,6.445,1513
6622,200713,0.6228,2013-09-07,9 Month Stretch,6.445,579
6623,11326,2.5547,1975-03-19,Tommy,6.445,354
6624,993710,7.0848,2025-01-15,Back in Action,6.444,1456
6625,325173,1.1246,2015-11-19,Close Range,6.444,319
6626,9843,0.7881,2006-12-01,Big Nothing,6.444,467
6627,1825,3.7174,1987-02-13,Over the Top,6.444,1822
6628,1285965,6.4974,2025-06-05,Dangerous Animals,6.4,476
6629,346685,6.0389,2016-10-05,The Girl on the Train,6.443,5958
6630,12720,1.0707,2001-10-29,Suicide Club,6.443,542
6631,11128,1.1837,2004-10-01,Ladder 49,6.443,841
6632,200,6.3597,1998-12-11,Star Trek: Insurrection,6.445,1325
6633,44147,1.2987,2010-06-17,Wild Target,6.442,772
6634,12182,1.2466,2008-10-03,Nick and Norah's Infinite Playlist,6.442,1257
6635,10413,1.8196,1993-01-15,Nowhere to Run,6.442,792
6636,9716,1.249,1996-12-06,Everyone Says I Love You,6.442,703
6637,457335,4.9487,2020-02-27,Guns Akimbo,6.441,2502
6638,60175,1.368,1980-04-30,The Under-Gifted,6.441,474
6639,16187,1.1909,2000-08-08,Buzz Lightyear of Star Command: The Adventure Begins,6.4,328
6640,10159,20.1194,2003-09-26,The Rundown,6.441,2133
6641,10140,7.8009,2010-12-02,The Chronicles of Narnia: The Voyage of the Dawn Treader,6.441,5834
6642,339397,13.6143,2016-05-11,Café Society,6.44,2792
6643,24920,1.0388,1980-08-11,City of the Living Dead,6.44,431
6644,10390,1.9488,1999-09-17,For Love of the Game,6.44,453
6645,6488,1.1211,1990-07-20,Arachnophobia,6.44,1492
6646,991,1.1512,1976-03-18,The Man Who Fell to Earth,6.44,577
6647,797840,0.8082,2022-09-29,Dry,6.439,337
6648,300668,6.93,2018-02-22,Annihilation,6.439,9222
6649,21705,1.3089,2006-05-17,The Barbie Diaries,6.4,389
6650,10348,1.6004,1995-09-08,Thunderbolt,6.439,321
6651,625568,5.2038,2020-07-16,Unhinged,6.438,2465
6652,11172,3.5691,2007-02-09,Music and Lyrics,6.4,1764
6653,10295,12.3446,1985-12-11,Miami Supercops,6.438,460
6654,594767,9.2716,2023-03-15,Shazam! Fury of the Gods,6.4,3555
6655,334878,1.2317,2015-05-06,Blind Date,6.437,564
6656,730769,1.6419,2021-09-10,Some Like It Rare,6.436,513
6657,709631,7.0159,2023-07-19,Cobweb,6.436,1023
6658,82520,0.6537,2011-02-10,Return,6.436,3920
6659,36834,1.6958,1995-11-03,Total Eclipse,6.4,548
6660,7873,1.0365,2005-09-11,Harsh Times,6.436,754
6661,730769,1.6419,2021-09-10,Some Like It Rare,6.436,513
6662,615952,1.2483,2022-10-28,Armageddon Time,6.4,487
6663,603119,11.5969,2020-07-18,The Silencing,6.435,767
6664,425001,2.2882,2020-08-27,The War with Grandpa,6.435,1044
6665,57825,1.7913,2004-02-11,Bride & Prejudice,6.435,397
6666,10569,1.2195,2000-05-19,Small Time Crooks,6.435,732
6667,10490,1.423,1999-07-16,Drop Dead Gorgeous,6.4,421
6668,1085218,1.3886,2023-04-13,Darkland: The Return,6.434,589
6669,543540,2.4308,2019-04-12,The Perfect Date,6.434,3309
6670,397722,7.0992,2018-03-09,Thoroughbreds,6.434,1229
6671,341013,9.7691,2017-07-26,Atomic Blonde,6.434,6546
6672,303858,4.9475,2016-05-12,Money Monster,6.434,3111
6673,36968,1.4224,2000-03-05,Life-Size,6.434,457
6674,955916,9.8239,2024-01-10,Lift,6.433,1419
6675,49527,2.1879,2012-01-13,Man on a Ledge,6.433,2763
6676,606117,1.4761,2019-10-15,A Cinderella Story: Christmas Wish,6.432,724
6677,605116,1.7756,2020-08-14,Project Power,6.432,3006
6678,539972,11.1485,2024-12-11,Kraven the Hunter,6.432,2234
6679,9556,3.8904,1990-08-24,Darkman,6.432,1482
6680,374052,1.9631,2016-11-11,The Love Witch,6.431,614
6681,314405,5.1462,2015-05-14,Tale of Tales,6.431,1717
6682,24548,1.1949,1985-04-26,Just One of the Guys,6.431,331
6683,4513,4.5034,2007-10-17,30 Days of Night,6.431,3000
6684,709,8.0136,1989-06-13,Licence to Kill,6.431,2105
6685,669671,2.4003,2021-10-20,Night Teeth,6.43,852
6686,403605,1.7487,2016-09-24,Headshot,6.43,474
6687,339527,13.0411,2015-09-03,Solace,6.43,2349
6688,154441,9.0482,2012-10-05,Till Luck Do Us Part,6.4,313
6689,123553,3.8706,2013-08-21,The Mortal Instruments: City of Bones,6.43,4603
6690,119569,1.1759,2012-08-29,Marvel One-Shot: Item 47,6.43,589
6691,76170,3.959,2013-07-21,The Wolverine,6.43,10150
6692,15567,2.1892,2003-09-10,Stitch! The Movie,6.43,768
6693,306947,11.4071,2016-04-08,The Invitation,6.429,2812
6694,241554,3.5833,2015-03-11,Run All Night,6.429,2926
6695,9671,7.2718,1986-09-26,Crocodile Dundee,6.429,2068
6696,906221,1.7961,2023-02-09,Magic Mike's Last Dance,6.428,577
6697,810873,0.9027,2021-12-02,Single All the Way,6.428,419
6698,768520,1.0308,2020-12-14,A California Christmas,6.428,363
6699,740985,6.3687,2020-10-23,Borat Subsequent Moviefilm,6.428,2796
6700,136797,9.0536,2014-03-12,Need for Speed,6.428,4629
6701,23210,1.5252,1993-12-08,Six Degrees of Separation,6.428,355
6702,10957,2.4984,1985-07-24,The Black Cauldron,6.428,1413
6703,2655,4.2955,2000-07-21,What Lies Beneath,6.428,1984
6704,788929,6.2895,2021-08-12,Lamb,6.4,1014
6705,66195,0.9013,2010-07-01,The Perfect Host,6.427,460
6706,17707,1.6462,1999-08-13,Brokedown Palace,6.427,403
6707,15653,2.1977,2000-02-29,An Extremely Goofy Movie,6.4,680
6708,6795,4.9494,2005-11-06,Zathura: A Space Adventure,6.427,3514
6709,1106289,5.5172,2025-07-27,The Pickup,6.426,439
6710,268238,0.9387,2015-02-26,The Second Best Exotic Marigold Hotel,6.426,756
6711,85870,1.8905,2012-03-14,My Way,6.4,305
6712,10361,1.0747,2004-01-30,Ginger Snaps 2: Unleashed,6.426,356
6713,800939,3.5987,2022-09-08,Ticket to Paradise,6.425,1366
6714,648878,8.1463,2025-07-16,Eddington,6.425,671
6715,616747,14.9603,2023-07-26,Haunted Mansion,6.425,1206
6716,10288,0.9115,2006-09-07,Fido,6.425,479
6717,802217,1.3829,2021-11-24,8-Bit Christmas,6.4,482
6718,799379,4.2062,2022-09-21,Project Wolf Hunting,6.424,426
6719,449985,2.8683,2019-03-19,Triple Threat,6.424,624
6720,449985,2.8683,2019-03-19,Triple Threat,6.424,624
6721,379862,0.4164,2015-11-28,Return,6.424,1006
6722,81025,1.2641,2012-03-09,Salmon Fishing in the Yemen,6.422,937
6723,11564,1.4171,1982-08-20,Class of 1984,6.4,390
6724,171,0.9566,1982-12-08,The Party 2,6.4,649
6725,985617,8.2416,2023-06-02,Reality,6.423,572
6726,799379,4.2062,2022-09-21,Project Wolf Hunting,6.424,426
6727,626393,1.0207,2020-08-21,The Sleepover,6.4,427
6728,567748,2.5989,2021-09-24,The Guilty,6.423,3023
6729,193610,3.2394,2014-04-16,The Other Woman,6.423,3690
6730,14881,1.6796,1972-07-19,Joe Kidd,6.423,400
6731,10951,1.8911,1999-02-12,Gorgeous,6.423,405
6732,610253,10.7987,2021-10-14,Halloween Kills,6.422,2863
6733,258099,1.0242,2015-04-24,Just Before I Go,6.422,366
6734,23761,5.5319,1976-11-13,"Alice, Sweet Alice",6.4,302
6735,21057,2.0161,1993-10-09,Ocean Waves,6.422,953
6736,11584,3.9965,1987-06-19,Roxanne,6.422,668
6737,13193,1.3393,2004-06-11,Saved!,6.421,506
6738,10540,1.5799,1981-05-22,Outland,6.421,671
6739,648878,8.1463,2025-07-16,Eddington,6.425,671
6740,835113,3.044,2024-10-03,Woman of the Hour,6.419,961
6741,211672,3.8618,2015-06-17,Minions,6.419,10999
6742,231,2.9834,2005-11-23,Syriana,6.4,1459
6743,214,9.1222,2006-10-26,Saw III,6.419,4865
6744,759902,1.0496,2020-12-18,Hunter Hunter,6.418,347
6745,415842,6.0602,2017-07-14,American Assassin,6.418,3198
6746,238615,11.9132,2015-07-10,Self/less,6.418,3257
6747,184098,0.9835,2014-06-20,Think Like a Man Too,6.418,586
6748,5718,0.7964,2007-01-24,King of California,6.418,378
6749,531454,1.9307,2020-06-26,Eurovision Song Contest: The Story of Fire Saga,6.417,1539
6750,505026,5.9781,2022-02-09,Death on the Nile,6.417,4097
6751,36668,0.4459,2006-05-24,X-Men: The Last Stand,6.417,10238
6752,11653,1.9613,2005-05-11,The Myth,6.417,411
6753,10766,6.7905,1978-06-09,Damien - Omen II,6.417,798
6754,8952,6.0963,2010-02-04,I Love You Phillip Morris,6.417,1783
6755,1045938,3.4717,2025-04-10,G20,6.416,640
6756,411999,3.8362,2017-06-16,OtherLife,6.416,465
6757,10677,1.2908,2004-02-27,Dirty Dancing: Havana Nights,6.4,691
6758,9839,2.1386,2003-10-23,Beyond Borders,6.416,430
6759,8007,8.5824,2001-11-30,Behind Enemy Lines,6.416,1607
6760,6957,4.5244,2005-08-11,The 40 Year Old Virgin,6.416,7102
6761,286554,1.4544,2014-09-26,Two Night Stand,6.415,1903
6762,74387,5.912,2012-01-06,Goon,6.415,1000
6763,19955,1.3951,2006-11-01,I Do,6.415,341
6764,11498,1.6961,1991-08-23,Dead Again,6.415,404
6765,11444,1.1045,2001-01-17,The Closet,6.415,511
6766,10741,1.78,2006-09-05,Bobby,6.415,418
6767,520900,0.9793,2019-11-07,The Personal History of David Copperfield,6.4,521
6768,210947,19.5872,2014-04-04,Afflicted,6.414,611
6769,117263,5.5575,2013-03-20,Olympus Has Fallen,6.414,6978
6770,27576,15.837,2010-07-21,Salt,6.414,5832
6771,27346,2.3626,1980-05-10,Maniac,6.414,485
6772,14517,1.1021,2005-01-25,MirrorMask,6.4,350
6773,8584,3.3068,2000-05-26,Shanghai Noon,6.414,2717
6774,75,18.2283,1996-12-13,Mars Attacks!,6.414,5789
6775,302699,4.2659,2016-06-15,Central Intelligence,6.413,6265
6776,290859,8.9443,2019-10-23,Terminator: Dark Fate,6.4,5558
6777,3594,2.5265,2007-02-23,The Number 23,6.413,3441
6778,845111,2.9982,2023-12-13,The Three Musketeers: Milady,6.412,797
6779,575774,1.4287,2020-01-27,His House,6.4,1202
6780,48650,4.3014,2010-05-07,Room in Rome,6.412,815
6781,9715,2.9306,1998-05-29,Hope Floats,6.412,495
6782,999644,2.8246,2023-08-18,You Are So Not Invited to My Bat Mitzvah,6.411,489
6783,961484,3.429,2022-05-12,Last Seen Alive,6.411,1059
6784,308504,2.7929,2015-04-03,Last Knights,6.4,1138
6785,95610,2.2001,2016-09-14,Bridget Jones's Baby,6.411,3057
6786,34544,4.7266,2010-06-09,The A-Team,6.411,4920
6787,13417,3.8196,2005-12-05,Kronk's New Groove,6.411,1332
6788,3537,1.7391,1980-05-16,Fame,6.411,492
6789,2275,2.1588,1999-06-18,The General's Daughter,6.411,1002
6790,791155,2.0886,2022-08-12,Secret Headquarters,6.4,406
6791,13250,1.7041,2007-07-27,Butterfly on a Wheel,6.41,556
6792,11529,3.7976,2002-09-26,Sweet Home Alabama,6.41,1663
6793,9064,5.9151,1988-12-23,Hellbound: Hellraiser II,6.41,1223
6794,621587,2.8033,2023-11-16,Next Goal Wins,6.409,552
6795,521029,4.7166,2019-06-26,Annabelle Comes Home,6.409,3794
6796,464889,2.0058,2017-10-03,Sniper: Ultimate Kill,6.4,371
6797,356298,0.514,2016-07-22,Don't Think Twice,6.4,407
6798,121674,1.6442,2012-11-30,Great Expectations,6.409,357
6799,13374,2.4203,2005-03-17,Ice Princess,6.409,935
6800,300168,2.018,2015-02-19,Dragon Blade,6.4,616
6801,72784,3.3318,2014-10-14,The Loft,6.408,1548
6802,48186,3.4867,2010-10-22,The Boy Who Cried Werewolf,6.408,310
6803,1989,1.4459,2007-11-28,My Blueberry Nights,6.408,830
6804,482,1.8755,1971-06-23,Shaft,6.408,401
6805,22620,4.7715,2009-09-13,Scooby-Doo! The Mystery Begins,6.407,720
6806,13655,6.8864,2008-06-20,Camp Rock,6.406,2158
6807,13249,2.064,2007-01-26,Seraphim Falls,6.407,617
6808,6687,1.0288,2008-01-18,TransSiberian,6.407,787
6809,6081,1.3858,1978-01-08,Revenge of the Pink Panther,6.407,464
6810,669664,0.5186,2020-09-16,"My Donkey, My Lover & I",6.406,384
6811,152795,5.9334,2013-07-03,The Congress,6.406,567
6812,137093,1.9636,2013-10-31,Last Vegas,6.406,2235
6813,73454,2.5041,2011-11-23,X,6.406,315
6814,1988,0.7962,2007-06-22,A Mighty Heart,6.4,350
6815,670203,0.1001,2020-11-18,The Talent of the Hornet,6.405,441
6816,34769,1.6315,2009-09-12,Defendor,6.405,594
6817,738646,0.9422,2020-11-05,Operation Christmas Drop,6.404,580
6818,507241,4.2292,2024-09-12,The Killer's Game,6.404,514
6819,199534,5.2187,2013-08-30,Wolf Creek 2,6.404,707
6820,10246,3.1521,1982-03-19,Porky's,6.404,944
6821,7461,2.3519,2008-02-01,Vantage Point,6.404,2137
6822,1472638,1.8766,2025-12-25,Buen Camino,6.403,383
6823,1272149,4.34,2025-02-12,Bridget Jones: Mad About the Boy,6.403,501
6824,694254,0.6089,2021-05-26,Baggio: The Divine Ponytail,6.403,429
6825,582913,1.6899,2019-09-12,The Room,6.403,1008
6826,328589,0.8653,2015-10-30,The Lady in the Van,6.403,786
6827,59859,3.8867,2013-07-17,Kick-Ass 2,6.403,6486
6828,10047,4.9326,1999-10-27,The Messenger: The Story of Joan of Arc,6.403,1570
6829,681,6.9195,1971-12-14,Diamonds Are Forever,6.403,2318
6830,189,7.2365,2014-08-20,Sin City: A Dame to Kill For,6.403,4089
6831,670355,0.161,,Return,6.4,644
6832,4488,7.2049,1980-05-09,Friday the 13th,6.4,3258
6833,4380,1.9136,2004-10-15,Shall We Dance?,6.402,1263
6834,960875,1.8732,2022-09-09,The Chalk Line,6.401,373
6835,575446,0.9621,2020-10-22,New Order,6.401,369
6836,571384,1.1402,2020-10-28,Come Play,6.401,725
6837,294795,1.1484,2016-09-01,The 9th Life of Louis Drax,6.401,468
6838,16248,1.4492,1985-06-14,D.A.R.Y.L.,6.401,355
6839,10898,1.3918,2000-01-23,The Little Mermaid II: Return to the Sea,6.401,1766
6840,10898,1.3918,2000-01-23,The Little Mermaid II: Return to the Sea,6.401,1766
6841,1136867,10.9225,2025-06-12,Materialists,6.4,1055
6842,477018,1.7188,2019-12-20,The Translators,6.4,533
6843,58232,5.8072,2011-02-02,Chalet Girl,6.4,658
6844,15139,1.9142,1994-11-23,The Pagemaster,6.4,772
6845,11212,4.3311,1994-07-01,Baby's Day Out,6.4,1429
6846,10770,3.1088,1979-08-10,The Sheriff and the Satellite Kid,6.4,324
6847,8491,1.9268,1989-07-05,Weekend at Bernie's,6.4,1105
6848,653598,1.8495,2020-08-14,Spree,6.399,532
6849,411741,1.251,2017-08-11,Ingrid Goes West,6.399,1041
6850,9425,1.7272,1998-10-23,Soldier,6.399,912
6851,449574,2.5901,2017-11-17,Godzilla: Planet of the Monsters,6.398,541
6852,325348,16.7319,2015-09-12,Hardcore Henry,6.398,2606
6853,293646,3.7444,2015-08-06,The 33,6.398,979
6854,77561,0.688,2011-10-06,EVA,6.4,406
6855,16614,4.4042,2009-04-03,Adventureland,6.398,2320
6856,13990,0.8881,2008-07-03,The Wackness,6.398,303
6857,10955,0.9146,2002-09-02,Ripley's Game,6.398,305
6858,1290159,5.4225,2025-10-02,A House of Dynamite,6.397,1134
6859,583268,0.905,2019-09-11,"Someone, Somewhere",6.396,707
6860,544431,1.4115,2018-11-16,The Clovehitch Killer,6.397,794
6861,343674,3.904,2017-09-29,Gerald's Game,6.397,3880
6862,13333,5.8295,1978-03-23,Game of Death,6.397,718
6863,12201,3.1796,2010-01-28,Edge of Darkness,6.397,1675
6864,11460,13.4289,2005-08-10,Red Eye,6.397,2480
6865,4478,9.3001,1993-04-07,Indecent Proposal,6.397,1578
6866,798021,7.4575,2023-11-30,Family Switch,6.396,763
6867,209403,1.1184,2013-09-06,Bad Words,6.396,890
6868,134597,2.3011,2012-11-30,The Collection,6.395,1114
6869,68735,16.8157,2016-05-25,Warcraft,6.397,7160
6870,61891,2.8443,2011-10-21,Anonymous,6.396,776
6871,42892,0.2886,2010-03-26,Happy Family,6.396,314
6872,13373,1.7529,2005-04-08,Millions,6.396,410
6873,1153714,4.8159,2025-03-27,Death of a Unicorn,6.397,749
6874,762968,6.1289,2022-09-14,Do Revenge,6.395,965
6875,38365,13.6904,2010-06-24,Grown Ups,6.395,6562
6876,20662,15.5171,2010-05-12,Robin Hood,6.395,4940
6877,10611,1.7872,2002-04-01,Barbershop,6.4,521
6878,10192,9.4018,2010-05-20,Shrek Forever After,6.396,7838
6879,10074,2.5045,2007-08-03,Hot Rod,6.395,1072
6880,24274,1.4914,1981-05-29,Dead & Buried,6.394,321
6881,585378,1.2506,2022-03-04,After Yang,6.393,489
6882,405775,11.7315,2017-05-12,The Wall,6.393,1026
6883,10210,1.9865,1999-05-20,A Midsummer Night's Dream,6.393,403
6884,7131,19.7448,2004-05-03,Van Helsing,6.393,6488
6885,5551,2.1504,2000-08-04,Space Cowboys,6.393,1484
6886,1734,7.8913,2001-05-04,The Mummy Returns,6.393,7534
6887,1713,3.2866,1991-06-07,Jungle Fever,6.4,307
6888,1045781,0.2283,2015-07-10,Ret,6.4,325
6889,314095,5.5444,2017-03-15,The Lost City of Z,6.392,3049
6890,62046,1.2483,2011-08-19,Flypaper,6.4,785
6891,12435,2.2297,2007-08-24,The Nanny Diaries,6.4,1224
6892,425972,1.7276,2017-10-06,Cargo,6.391,1826
6893,11891,5.2773,2002-01-25,Kung Pow: Enter the Fist,6.391,727
6894,10431,5.6838,2007-08-24,War,6.391,2002
6895,387893,1.1747,2016-03-19,Ice Age: The Great Egg-Scapade,6.39,499
6896,9759,2.8119,2004-09-06,Cellular,6.4,2044
6897,463843,3.0655,2019-01-28,Sweetheart,6.389,398
6898,458897,5.9603,2019-11-14,Charlie's Angels,6.389,3111
6899,294652,1.8024,2014-10-16,Son of a Gun,6.389,808
6900,11215,1.6424,1987-10-07,Baby Boom,6.4,398
6901,723419,3.6334,2022-09-28,Mr. Harrigan's Phone,6.388,928
6902,293970,1.9338,2015-10-09,The Final Girls,6.388,1374
6903,175291,1.7421,2013-03-08,Cheap Thrills,6.4,443
6904,41733,12.4766,2010-11-03,Due Date,6.388,5717
6905,11894,1.4778,1991-10-25,Curly Sue,6.388,566
6906,11503,6.3775,1988-02-05,The Serpent and the Rainbow,6.4,538
6907,10057,2.519,1993-11-11,The Three Musketeers,6.388,1031
6908,6440,5.3028,2001-12-18,The Shipping News,6.388,407
6909,716258,0.7739,2020-10-06,Black Box,6.4,575
6910,74018,1.7629,2011-09-05,A Cinderella Story: Once Upon a Song,6.387,1041
6911,26515,12.4329,1988-06-09,Pumpkinhead,6.387,535
6912,21610,2.3756,1981-03-17,Nighthawks,6.387,475
6913,10592,1.513,2002-02-15,Hart's War,6.387,1027
6914,829560,7.5196,2022-08-18,The Next 365 Days,6.386,1292
6915,525041,5.8607,2018-11-30,A Christmas Prince: The Royal Wedding,6.386,954
6916,435615,2.1212,2020-10-02,Possessor,6.386,1010
6917,250574,2.5893,2014-06-23,Creep,6.386,1592
6918,18892,3.1973,1999-01-30,Jawbreaker,6.4,571
6919,9101,2.4683,1996-03-01,Down Periscope,6.386,510
6920,811,3.7012,1972-03-09,Silent Running,6.386,629
6921,667739,2.8849,2022-12-23,The Man from Toronto,6.385,494
6922,617708,0.9116,2019-07-25,La Llorona,6.385,361
6923,615656,10.334,2023-08-02,Meg 2: The Trench,6.385,3888
6924,532408,4.9638,2023-05-31,The Boogeyman,6.385,1052
6925,433150,0.5424,2018-01-04,The Invisible Boy: Second Generation,6.4,300
6926,77949,7.3419,2011-08-17,The Awakening,6.385,1471
6927,11068,1.8312,1992-09-18,Singles,6.385,420
6928,674944,1.0417,2020-03-25,The Occupant,6.384,784
6929,316727,9.3652,2016-06-29,The Purge: Election Year,6.384,5444
6930,295699,1.1163,2016-03-30,Everybody Wants Some!!,6.384,1187
6931,13523,4.0322,2008-10-16,Sex Drive,6.384,1448
6932,6691,1.0002,2006-12-13,Priceless,6.384,765
6933,649409,1.6524,2021-06-24,No Sudden Move,6.383,778
6934,43549,10.8697,2010-07-15,The Experiment,6.383,1286
6935,38448,1.0357,2010-03-05,Ondine,6.383,346
6936,15357,3.0754,2009-02-18,District 13: Ultimatum,6.383,1240
6937,9992,4.12,2006-12-13,Arthur and the Invisibles,6.383,3006
6938,8054,4.5611,2009-10-01,The Imaginarium of Doctor Parnassus,6.383,2836
6939,4247,31.4282,2000-07-07,Scary Movie,6.383,7556
6940,608,6.2147,2002-07-03,Men in Black II,6.383,10504
6941,460668,2.4652,2018-04-19,I Feel Pretty,6.382,2101
6942,57800,9.6709,2012-06-27,Ice Age: Continental Drift,6.382,8009
6943,34588,3.5073,2006-01-06,If I Were You,6.382,386
6944,11530,0.6869,1978-03-16,The Discord,6.382,334
6945,9992,4.12,2006-12-13,Arthur and the Invisibles,6.383,3006
6946,4247,31.4282,2000-07-07,Scary Movie,6.383,7556
6947,897087,4.1983,2023-10-05,Freelance,6.4,1123
6948,523172,2.177,2019-01-25,Late Night,6.381,858
6949,27429,1.1499,1975-05-16,Shivers,6.381,696
6950,10247,0.9741,2007-11-23,He Was a Quiet Man,6.381,356
6951,9902,10.7903,2003-05-30,Wrong Turn,6.381,2937
6952,644090,2.6941,2020-09-02,"Love, Guaranteed",6.38,665
6953,419835,1.4202,2017-09-06,Crooked House,6.38,978
6954,356305,13.9118,2016-12-22,Why Him?,6.38,4355
6955,253450,1.1669,2015-08-27,The Assassin,6.4,544
6956,24341,1.1682,1986-10-27,Dolls,6.38,363
6957,13225,2.5005,1992-04-10,FernGully: The Last Rainforest,6.38,619
6958,10428,4.0459,1995-09-14,Hackers,6.38,1435
6959,429189,5.1673,2017-12-01,Wonder Wheel,6.4,1348
6960,84184,0.9512,2012-08-03,Celeste & Jesse Forever,6.4,496
6961,28761,1.4086,1990-05-16,"White Hunter, Black Heart",6.379,301
6962,11081,2.3583,2004-03-19,Taking Lives,6.379,1715
6963,8986,1.5452,1994-08-31,Milk Money,6.379,301
6964,2661,16.2959,1966-07-30,Batman,6.374,1046
6965,1268,5.5823,2007-03-22,Mr. Bean's Holiday,6.378,3056
6966,729720,1.1142,2021-07-30,The Last Mercenary,6.378,654
6967,454992,5.4753,2018-08-02,The Spy Who Dumped Me,6.378,2334
6968,294272,5.474,2016-08-10,Pete's Dragon,6.379,2296
6969,41602,1.0723,2013-02-09,Charlie Countryman,6.378,647
6970,4824,4.3864,1997-11-14,The Jackal,6.378,2060
6971,515333,1.1517,2018-04-06,Amateur,6.377,306
6972,457232,3.4941,2022-11-17,Lamborghini: The Man Behind the Legend,6.4,693
6973,82682,3.5191,2013-01-09,Gangster Squad,6.377,4189
6974,13968,0.9287,2007-01-12,Jump In!,6.377,416
6975,1687,2.0856,1971-05-20,Escape from the Planet of the Apes,6.376,1193
6976,714,7.7809,1997-12-11,Tomorrow Never Dies,6.377,3365
6977,726209,6.4466,2023-11-22,Leave the World Behind,6.376,3113
6978,616037,8.6651,2022-07-06,Thor: Love and Thunder,6.376,8406
6979,611207,1.1536,2019-11-21,The Knight Before Christmas,6.376,1160
6980,431072,0.901,2018-01-19,Step Sisters,6.4,461
6981,320588,1.4549,2015-11-27,"Hello, My Name Is Doris",6.4,504
6982,8077,6.9871,1992-05-22,Alien³,6.376,6245
6983,2075,1.3837,1985-06-14,Prizzi's Honor,6.4,417
6984,719221,6.4773,2024-05-01,Tarot,6.375,1356
6985,638974,2.7021,2023-03-28,Murder Mystery 2,6.375,1928
6986,602545,1.2115,2019-10-30,Into the Labyrinth,6.375,522
6987,365620,9.712,2023-12-14,Ferrari,6.375,1212
6988,50780,1.9194,2011-05-05,The Beaver,6.375,914
6989,668489,8.006,2025-04-25,Havoc,6.4,1160
6990,515248,2.0229,2019-04-19,Someone Great,6.4,1188
6991,464052,9.6313,2020-12-16,Wonder Woman 1984,6.374,8939
6992,86555,1.0091,2011-11-25,Take This Waltz,6.374,388
6993,13154,4.6988,1991-08-23,Showdown in Little Tokyo,6.374,514
6994,1647,1.9389,2003-01-31,The Recruit,6.374,1868
6995,509635,3.4849,2020-09-10,Alone,6.373,823
6996,438348,1.2769,2017-10-18,Knock,6.374,472
6997,746333,5.1199,2022-02-02,Superwho?,6.372,541
6998,222461,9.8177,2013-11-16,Wer,6.4,456
6999,14055,1.4515,2006-09-13,Starter for 10,6.4,442
7000,8223,2.0299,1993-10-29,Kika,6.372,313
7001,6637,6.3858,2007-12-19,National Treasure: Book of Secrets,6.372,5457
7002,324668,6.2594,2016-07-27,Jason Bourne,6.371,6101
7003,45156,1.3999,2011-02-03,A Little Bit of Heaven,6.371,585
7004,1094138,3.9007,2024-08-13,Jackpot!,6.37,763
7005,539649,1.4242,2018-09-13,The Lie,6.369,775
7006,435707,0.9594,2017-06-09,Skins,6.369,563
7007,324544,8.2799,2025-02-27,In the Lost Lands,6.366,749
7008,315880,0.7286,2016-01-14,Correspondence,6.369,415
7009,179538,1.0549,2013-09-20,Witching & Bitching,6.369,678
7010,24929,1.7061,1988-01-15,Return of the Living Dead Part II,6.369,675
7011,9718,2.4413,2006-08-04,Talladega Nights: The Ballad of Ricky Bobby,6.369,1843
7012,338970,15.1496,2018-03-05,Tomb Raider,6.368,8252
7013,20481,2.6523,1990-02-16,Nightbreed,6.368,520
7014,11427,1.4713,2003-12-12,Dead End,6.365,587
7015,617,4.4055,1998-03-20,Wild Things,6.4,1919
7016,203793,0.0589,2013-10-09,Stalingrad,6.366,384
7017,38357,4.4619,2010-11-10,Morning Glory,6.366,1607
7018,299,2.0749,1960-08-10,Ocean's Eleven,6.366,388
7019,836466,0.1471,2020-06-10,Return,6.4,1346
7020,521127,0.263,2018-08-02,Kingdoms,6.365,307
7021,345911,3.3074,2016-07-21,Lights Out,6.365,4061
7022,156711,1.7498,2013-08-15,Austenland,6.365,479
7023,11427,1.4713,2003-12-12,Dead End,6.365,587
7024,7512,9.1334,2006-09-01,Idiocracy,6.365,3434
7025,6279,2.585,1993-12-09,Sister Act 2: Back in the Habit,6.365,1918
7026,604822,2.8148,2020-01-22,Vanguard,6.364,598
7027,84188,1.5623,2012-08-23,Compliance,6.364,766
7028,82675,7.3399,2012-09-27,Taken 2,6.364,7020
7029,8999,4.6938,2005-11-11,Derailed,6.4,1114
7030,932420,2.1893,2024-02-27,Code 8 Part II,6.363,675
7031,399035,14.8922,2018-01-11,The Commuter,6.363,4589
7032,324544,8.2799,2025-02-27,In the Lost Lands,6.363,750
7033,271736,1.2692,2015-09-16,The Program,6.363,538
7034,45202,2.8354,2010-05-13,The Housemaid,6.4,364
7035,13394,2.0949,2007-11-28,Shrek the Halls,6.363,906
7036,9472,4.2816,2004-06-18,DodgeBall: A True Underdog Story,6.363,3743
7037,2667,7.7254,1999-07-14,The Blair Witch Project,6.363,5317
7038,262500,15.5734,2015-03-18,Insurgent,6.362,10345
7039,10017,1.8469,1986-10-01,The Wraith,6.4,499
7040,9472,4.2816,2004-06-18,DodgeBall: A True Underdog Story,6.363,3742
7041,121606,0.6471,2013-01-25,Resolution,6.361,446
7042,71688,1.8825,2011-12-26,The Iron Lady,6.359,1851
7043,8197,2.3806,1997-11-21,Midnight in the Garden of Good and Evil,6.361,615
7044,4614,4.6848,2002-05-31,The Sum of All Fears,6.361,1907
7045,537739,1.565,2019-09-13,Can You Keep a Secret?,6.36,956
7046,492616,1.1395,2019-08-02,Luce,6.4,317
7047,477033,1.1368,2018-03-02,Errementari: The Blacksmith and the Devil,6.4,588
7048,286987,0.9869,2014-11-18,How to Build a Better Boy,6.4,403
7049,112205,3.8143,2013-09-13,The Family,6.359,3069
7050,26389,8.6515,2010-02-04,From Paris with Love,6.358,2248
7051,13679,0.7534,2005-12-07,Kirikou and the Wild Beasts,6.4,316
7052,10426,2.3049,2002-11-22,Friday After Next,6.358,450
7053,575088,1.2364,2020-02-27,Baba Yaga: Terror of the Dark Forest,6.357,367
7054,433501,1.3419,2018-09-06,City of Lies,6.357,666
7055,290751,1.8596,2015-10-14,Secret in Their Eyes,6.357,1418
7056,60420,5.5207,2011-10-28,Like Crazy,6.357,1073
7057,18487,2.8836,2009-06-10,The Taking of Pelham 1 2 3,6.357,3330
7058,10715,2.2666,2003-11-14,Looney Tunes: Back in Action,6.4,1588
7059,8217,1.2567,1990-12-25,Alice,6.357,332
7060,49529,7.4241,2012-03-07,John Carter,6.356,5999
7061,12308,1.2802,2001-02-01,The Last Kiss,6.356,526
7062,11060,1.2621,1990-01-12,Internal Affairs,6.356,436
7063,11002,1.3247,1984-03-30,"Greystoke: The Legend of Tarzan, Lord of the Apes",6.356,491
7064,300667,0.8545,2016-10-27,3 Generations,6.4,442
7065,253279,0.9307,2013-11-28,The Trials of Cate McCall,6.355,307
7066,48231,2.326,2011-09-30,A Dangerous Method,6.355,2188
7067,11852,4.1666,2002-12-13,The Hot Chick,6.355,2136
7068,11120,1.8118,1986-11-26,The Mosquito Coast,6.355,506
7069,2642,3.0238,2002-12-19,Two Weeks Notice,6.355,2182
7070,700,9.4622,1983-06-05,Octopussy,6.355,2163
7071,766475,2.3918,2022-09-09,See How They Run,6.354,1261
7072,438808,1.6971,2018-09-14,White Boy Rick,6.354,1184
7073,1577,5.2377,2004-09-10,Resident Evil: Apocalypse,6.354,4650
7074,483906,8.5521,2019-01-25,Polar,6.353,2432
7075,298729,0.6495,2014-11-20,Do You See Me?,6.353,587
7076,124905,18.3362,2014-05-14,Godzilla,6.353,9626
7077,11186,4.5482,1990-11-09,Child's Play 2,6.353,1990
7078,9785,1.2941,2007-04-27,The Invisible,6.353,573
7079,2116,2.1381,2003-10-03,Out of Time,6.353,1272
7080,396461,4.9017,2018-08-08,Under the Silver Lake,6.352,1560
7081,11821,1.5572,1991-08-02,Doc Hollywood,6.352,667
7082,9501,2.1933,1995-04-23,Crying Freeman,6.4,352
7083,775996,4.3224,2021-01-15,Outside the Wire,6.351,1897
7084,628900,8.8724,2022-03-10,The Contractor,6.4,1025
7085,449756,1.9978,2020-03-13,The Postcard Killings,6.351,632
7086,340837,6.7032,2017-02-15,A Cure for Wellness,6.351,4120
7087,263281,0.6224,2014-04-02,My Summer in Provence,6.351,316
7088,8960,9.1876,2008-07-01,Hancock,6.351,10110
7089,429351,8.839,2018-01-18,12 Strong,6.35,3148
7090,413362,5.6255,2017-11-17,"Roman J. Israel, Esq.",6.35,1371
7091,332567,10.7307,2016-06-24,The Shallows,6.35,5269
7092,137116,3.2335,2017-03-23,Smurfs: The Lost Village,6.35,1534
7093,18269,2.4122,2001-02-18,Lady and the Tramp II: Scamp's Adventure,6.3,1303
7094,315,0.7623,1965-08-06,"Faster, Pussycat! Kill! Kill!",6.35,357
7095,1086747,4.7328,2024-06-06,The Watchers,6.349,1518
7096,408033,1.4117,2016-10-26,Tamara,6.349,644
7097,269148,1.3271,2014-10-15,Samba,6.349,978
7098,82525,2.7264,2012-07-06,Savages,6.349,2251
7099,15449,0.6794,2001-03-28,Don't Die Too Hard!,6.349,899
7100,9333,2.1741,1996-09-20,Last Man Standing,6.349,960
7101,983507,5.65,2022-06-03,Good Boy,6.348,342
7102,587996,2.9572,2021-01-29,Below Zero,6.348,959
7103,513574,0.611,2018-09-28,Battle,6.348,657
7104,76163,5.4914,2012-08-08,The Expendables 2,6.348,7069
7105,44269,0.5899,2010-03-24,All That Glitters,6.348,760
7106,9414,1.3735,1997-11-14,The Man Who Knew Too Little,6.348,564
7107,2119,4.2287,1990-06-27,Days of Thunder,6.348,1647
7108,270938,1.6627,2014-09-05,Falcon Rising,6.3,375
7109,12403,1.9245,2009-06-08,A Perfect Getaway,6.347,1361
7110,8386,15.9674,2001-12-21,How High,6.347,1027
7111,2026,13.4141,2005-03-10,Hostage,6.347,1721
7112,1247,4.4417,2006-12-11,The Good Shepherd,6.347,1268
7113,484718,6.1947,2021-03-04,Coming 2 America,6.346,2349
7114,41283,3.6699,2010-11-23,Faster,6.346,2059
7115,18086,1.7267,1988-04-07,Fright Night Part 2,6.346,432
7116,11560,5.5272,2002-04-05,High Crimes,6.3,858
7117,1249213,7.6456,2025-04-10,Drop,6.345,773
7118,10851,2.5807,2005-09-11,Revolver,6.345,1497
7119,624860,8.2648,2021-12-16,The Matrix Resurrections,6.344,6323
7120,15449,0.6794,2001-03-28,Don't Die Too Hard!,6.349,899
7121,10851,2.5807,2005-09-11,Revolver,6.345,1497
7122,521034,2.2967,2020-07-08,The Secret Garden,6.344,605
7123,13600,12.4282,2008-10-07,City of Ember,6.344,1857
7124,592336,0.3483,2019-04-18,Don't Stop Me Now,6.343,388
7125,13150,1.6021,2008-09-09,Pride and Glory,6.343,928
7126,10358,3.2617,2008-09-18,Zack and Miri Make a Porno,6.343,2618
7127,10028,5.4692,2003-12-05,Honey,6.343,1222
7128,81342,0.8894,2011-12-20,Delicacy,6.342,473
7129,44244,1.0678,2010-09-17,Camp Rock 2: The Final Jam,6.342,1561
7130,9407,7.9083,1997-10-30,Red Corner,6.342,395
7131,8216,0.8905,1989-08-12,Meet the Feebles,6.342,313
7132,5336,3.4185,1976-01-10,"Salò, or the 120 Days of Sodom",6.342,2256
7133,4241,1.9088,2001-03-17,Visitor Q,6.342,535
7134,531219,4.159,2020-10-26,Roald Dahl's The Witches,6.3,2951
7135,26170,1.157,1968-10-02,Coogan's Bluff,6.341,355
7136,1049,2.4844,1993-02-05,Sommersby,6.341,418
7137,1233575,9.8779,2025-03-12,Black Bag,6.34,1121
7138,730047,1.4315,2021-12-17,Cyrano,6.342,322
7139,641934,4.3715,2024-06-06,Am I OK?,6.34,321
7140,11096,2.067,2005-01-27,Hide and Seek,6.34,1688
7141,10847,2.0058,1990-03-16,Lord of the Flies,6.3,605
7142,10056,0.8269,1955-10-01,Killer's Kiss,6.34,586
7143,2320,2.2379,1996-03-15,Executive Decision,6.34,1010
7144,619278,1.5457,2019-09-24,Inside Man: Most Wanted,6.33,382
7145,606154,1.6575,2019-12-25,The Tunnel,6.342,314
7146,157360,0.7417,2013-08-09,In a World...,6.339,558
7147,87421,4.249,2013-09-02,Riddick,6.339,4339
7148,13022,2.1996,2007-11-08,Rogue,6.339,748
7149,9777,1.1957,2005-09-05,Proof,6.339,722
7150,2043,3.0148,2001-04-06,Along Came a Spider,6.339,2006
7151,602269,5.9632,2021-01-28,The Little Things,6.338,2749
7152,549294,2.9176,2020-10-23,Synchronic,6.339,1062
7153,438259,1.2136,2017-12-14,Journey's End,6.338,324
7154,15596,2.8738,1986-06-13,Back to School,6.338,482
7155,11232,2.2742,2001-12-25,Kate & Leopold,6.338,1459
7156,509967,10.1437,2019-12-10,6 Underground,6.337,5088
7157,381034,2.5423,2016-08-26,I Am Not a Serial Killer,6.337,520
7158,23631,4.7819,2010-09-01,Machete,6.337,3491
7159,82650,1.9919,2012-08-02,Diary of a Wimpy Kid: Dog Days,6.34,1043
7160,8839,20.4317,1995-05-26,Casper,6.336,4867
7161,49526,2.2233,2012-08-24,Premium Rush,6.335,2245
7162,32613,3.5478,1972-09-30,Horror Express,6.3,325
7163,16577,2.9937,2009-10-15,Astro Boy,6.335,1616
7164,8965,2.1942,2003-02-25,Atlantis: Milo's Return,6.3,3887
7165,6951,20.6652,1989-07-28,Turner & Hooch,6.335,1402
7166,2267,1.1898,2007-02-09,The Last Mimzy,6.335,478
7167,630240,5.1676,2021-07-14,Titane,6.334,1634
7168,557950,5.2831,2021-05-07,Mainstream,6.334,365
7169,24655,1.3743,1977-05-12,The Car,6.334,313
7170,10764,9.4916,2008-10-29,Quantum of Solace,6.334,8391
7171,1000862,1.294,2024-03-27,The Good Teacher,6.333,308
7172,500852,1.9113,2019-01-25,Miss Bala,6.3,579
7173,52520,6.2442,2012-01-19,Underworld: Awakening,6.333,4293
7174,22824,2.0915,2009-11-05,The Fourth Kind,6.333,1846
7175,11913,1.0966,1970-10-28,The Gendarme Takes Off,6.333,537
7176,8856,6.9083,1986-06-18,The Karate Kid Part II,6.333,2420
7177,623491,2.6447,2020-09-10,The Babysitter: Killer Queen,6.332,1791
7178,145135,15.1185,2013-02-21,Dark Skies,6.332,1903
7179,118293,0.7234,2012-09-26,The Suicide Shop,6.332,621
7180,77866,2.9967,2012-01-12,Contraband,6.332,2169
7181,31662,1.2151,1998-02-12,Affliction,6.3,307
7182,11890,1.689,1991-04-26,Oscar,6.332,556
7183,602147,11.2086,2020-04-30,Inheritance,6.3,722
7184,593910,14.3385,2021-09-03,Cinderella,6.331,1461
7185,430231,15.6782,2017-11-05,The Endless,6.331,1248
7186,420648,1.241,2017-02-15,The Bar,6.331,1355
7187,25913,1.4235,2002-04-30,Balto: Wolf Quest,6.331,555
7188,24869,0.656,2009-01-23,Ink,6.331,326
7189,10380,1.6034,1991-11-21,An American Tail: Fievel Goes West,6.3,776
7190,1125899,6.5694,2025-02-19,Cleaner,6.33,437
7191,619278,1.5457,2019-09-24,Inside Man: Most Wanted,6.33,382
7192,320028,0.3882,2015-01-22,An Italian Name,6.3,341
7193,22582,2.7342,1992-10-01,Tom and Jerry: The Movie,6.33,615
7194,14114,1.2883,2004-01-30,You Got Served,6.33,459
7195,12100,5.2495,2002-06-07,Windtalkers,6.33,1372
7196,399361,9.4624,2019-03-06,Triple Frontier,6.329,3470
7197,73873,1.7474,2011-12-21,Albert Nobbs,6.329,515
7198,396493,1.2853,2017-10-14,Creep 2,6.328,880
7199,29437,3.772,1977-04-08,Rabid,6.3,539
7200,169917,9.7425,2014-09-18,A Walk Among the Tombstones,6.327,2972
7201,11680,1.5631,1980-03-05,The Miser,6.327,457
7202,9335,7.9308,2005-08-03,Transporter 2,6.327,3874
7203,8388,17.083,1986-12-12,¡Three Amigos!,6.327,1110
7204,7459,6.3848,2008-05-07,Speed Racer,6.327,1726
7205,9349,13.0589,1992-07-10,Universal Soldier,6.326,1858
7206,503616,1.5913,2018-11-22,Second Act,6.325,1237
7207,478820,1.5277,2018-12-19,The Emperor of Paris,6.325,522
7208,298312,7.37,2015-09-10,The Visit,6.325,5082
7209,27581,4.977,2010-08-06,The Other Guys,6.325,4498
7210,1063877,2.5097,2024-10-24,Don't Move,6.324,947
7211,512196,4.8116,2019-02-13,Happy Death Day 2U,6.324,3603
7212,331836,1.5624,2015-12-02,Babysitting 2,6.324,1404
7213,145197,0.9302,2013-04-05,Upstream Color,6.324,791
7214,16229,1.046,2003-06-13,Prozac Nation,6.324,329
7215,11088,1.7976,2001-11-09,Heist,6.324,605
7216,18736,5.7439,2003-05-02,The Lizzie McGuire Movie,6.323,1316
7217,9273,3.5653,1995-11-10,Ace Ventura: When Nature Calls,6.323,4463
7218,8289,1.1438,1983-12-15,Gorky Park,6.323,334
7219,5289,3.4188,2005-01-17,Chaos,6.3,1123
7220,1232546,6.4435,2025-04-23,Until Dawn,6.322,1315
7221,1000862,1.294,2024-03-27,The Good Teacher,6.333,308
7222,631843,5.4389,2021-07-21,Old,6.322,4790
7223,528491,0.5826,2017-11-08,WHAT DID JACK DO?,6.322,517
7224,511987,3.3925,2019-07-10,Crawl,6.322,3324
7225,420634,17.2407,2018-01-25,Terrifier,6.322,2893
7226,10337,1.9513,1991-12-10,Bugsy,6.322,424
7227,455,1.8537,2002-04-11,Bend It Like Beckham,6.322,1991
7228,842942,4.1701,2022-09-23,Bandit,6.321,404
7229,203739,4.6444,2014-02-07,Vampire Academy,6.319,1805
7230,250225,1.0803,2014-10-18,The Duke of Burgundy,6.32,363
7231,31867,2.6509,2010-03-18,Repo Men,6.32,2052
7232,333669,2.8361,2016-04-22,Bastille Day,6.319,1502
7233,152599,4.8187,2013-11-27,The Immigrant,6.3,866
7234,1619,1.0586,2000-09-08,The Way of the Gun,6.319,477
7235,736790,1.9007,2023-04-07,Chupa,6.318,370
7236,460846,1.7083,2017-03-04,Security,6.318,945
7237,431530,1.9062,2017-08-04,A Bad Moms Christmas,6.317,2185
7238,477489,1.604,2018-04-04,Just a Breath Away,6.3,847
7239,95608,0.8585,2017-07-27,The Only Living Boy in New York,6.317,360
7240,606234,1.9102,2020-08-13,Archive,6.316,776
7241,11680,1.5631,1980-03-05,The Miser,6.327,457
7242,9354,4.3315,1989-06-23,"Honey, I Shrunk the Kids",6.3,3266
7243,2453,1.3891,1991-08-23,Harley Davidson and the Marlboro Man,6.316,474
7244,920081,0.9945,2021-11-26,Megaboa,6.3,470
7245,886083,1.118,2022-10-20,Deadstream,6.315,352
7246,833326,1.0384,2022-03-02,Zero Fucks Given,6.315,444
7247,328111,3.3883,2016-06-18,The Secret Life of Pets,6.315,8425
7248,214756,13.7829,2015-06-25,Ted 2,6.315,7880
7249,202575,1.4674,2013-12-24,The House of Magic,6.313,369
7250,40205,2.399,2010-10-02,16 Wishes,6.315,1354
7251,39414,1.1273,2009-06-15,Paper Man,6.3,360
7252,28355,4.8386,2009-08-13,Case 39,6.315,2357
7253,9515,0.8184,2005-05-12,The Matador,6.315,507
7254,9490,2.2538,1998-01-16,Half Baked,6.315,625
7255,838330,0.9414,2022-07-29,Not Okay,6.314,495
7256,747688,0.6573,2021-10-18,Yara,6.3,433
7257,633604,2.195,2019-12-13,Yummy,6.3,342
7258,409297,4.4265,2016-07-08,A Dark Song,6.314,531
7259,325346,0.6475,2016-08-25,The Hollars,6.314,328
7260,10491,1.3312,2001-01-22,Enigma,6.3,328
7261,608980,0.6153,2021-09-23,Three Floors,6.3,318
7262,296099,4.4597,2015-07-28,Vacation,6.313,3921
7263,145220,1.5521,2014-03-20,Muppets Most Wanted,6.3,884
7264,20694,1.6349,2003-06-13,Rugrats Go Wild,6.3,319
7265,16996,3.7402,2009-03-11,17 Again,6.313,5362
7266,257445,14.406,2015-08-05,Goosebumps,6.312,3938
7267,28794,1.2341,1981-08-14,The House by the Cemetery,6.312,428
7268,13335,2.5858,2008-04-25,Harold & Kumar Escape from Guantanamo Bay,6.313,1598
7269,1302916,4.8852,2025-02-06,Heart Eyes,6.319,464
7270,990691,1.098,2022-08-26,Loving Adults,6.311,354
7271,354216,1.0737,2016-12-15,The Devil's Candy,6.311,698
7272,279641,1.4387,2016-03-04,Whiskey Tango Foxtrot,6.311,1027
7273,155084,1.7357,2014-04-11,13 Sins,6.311,1181
7274,71677,1.3925,2011-07-28,Assassination Games,6.311,446
7275,11619,4.7633,2006-10-22,Flushed Away,6.31,4040
7276,10612,1.7795,1995-05-12,The Englishman Who Went Up a Hill But Came Down a Mountain,6.311,314
7277,10314,3.0633,1999-01-29,She's All That,6.3,2217
7278,9945,12.7911,1998-10-30,Vampires,6.311,1333
7279,1234821,34.3444,2025-07-01,Jurassic World Rebirth,6.309,3056
7280,264729,0.4358,2015-03-03,Off Course,6.31,340
7281,50698,3.1842,2011-09-09,Grave Encounters,6.31,1621
7282,14177,2.0971,2005-04-22,Beauty Shop,6.31,546
7283,11619,4.7633,2006-10-22,Flushed Away,6.31,4041
7284,10168,14.6292,1990-07-20,The Freshman,6.3,303
7285,44754,3.412,2011-09-30,Margaret,6.309,320
7286,29427,2.187,2010-02-26,The Crazies,6.309,2223
7287,26390,1.6184,2010-03-04,Brooklyn's Finest,6.309,965
7288,11191,3.2539,1988-10-13,Mystic Pizza,6.309,573
7289,447200,15.4378,2018-07-11,Skyscraper,6.308,5278
7290,419680,3.685,2017-11-09,Daddy's Home 2,6.308,2697
7291,326423,1.5031,2016-04-15,Barbershop: The Next Cut,6.3,491
7292,179,9.2633,2005-04-08,The Interpreter,6.308,1535
7293,976720,1.6233,2022-08-17,Vesper,6.307,676
7294,910571,2.0482,2023-09-28,Fair Play,6.307,594
7295,80591,1.235,2011-09-01,W.E.,6.307,306
7296,60599,3.5651,2012-09-14,Arbitrage,6.307,927
7297,38117,6.1417,2011-01-21,Beastly,6.307,2851
7298,9964,0.9719,1987-12-01,Bad Taste,6.307,897
7299,9822,1.8491,1998-12-25,Mighty Joe Young,6.307,856
7300,1880,2.2895,1984-08-10,Red Dawn,6.307,870
7301,1086372,0.0917,1972-07-02,Return,6.3,563
7302,437557,16.2169,2018-03-14,Blockers,6.306,2098
7303,283227,1.2437,2015-03-26,A Little Chaos,6.306,685
7304,12395,2.1336,1992-04-03,Thunderheart,6.306,310
7305,11905,1.7584,1984-09-21,The Company of Wolves,6.306,378
7306,11358,3.6271,2004-04-02,Walking Tall,6.306,1621
7307,11069,2.3283,1996-04-09,Tremors 2: Aftershocks,6.306,1031
7308,11034,2.2635,1974-03-27,The Great Gatsby,6.3,503
7309,1023922,9.5969,2024-07-04,MaXXXine,6.302,1397
7310,753342,12.9826,2023-11-22,Napoleon,6.305,3007
7311,352186,0.7964,2016-07-29,Good Kids,6.3,326
7312,117974,7.0938,2012-11-30,Sightseers,6.311,556
7313,4953,1.3581,2008-02-21,Be Kind Rewind,6.3,1444
7314,810,10.1932,2007-05-17,Shrek the Third,6.305,9652
7315,993784,5.5784,2024-02-07,Lisa Frankenstein,6.3,543
7316,986070,4.6499,2023-05-26,The Wrath of Becky,6.304,447
7317,524369,1.4949,2021-09-22,The Many Saints of Newark,6.304,730
7318,37609,1.0046,2006-07-31,The Cheetah Girls 2,6.304,413
7319,14976,1.4015,2008-09-03,Rachel Getting Married,6.304,624
7320,638965,1.3828,2021-05-19,Mandibles,6.3,598
7321,76122,1.4643,2011-09-13,Marvel One-Shot: The Consultant,6.303,601
7322,12912,1.205,2007-10-26,Chaos Theory,6.303,432
7323,10735,2.62,2003-03-27,What a Girl Wants,6.3,1705
7324,3172,1.9091,2001-10-12,Bandits,6.303,1085
7325,1023922,9.5969,2024-07-04,MaXXXine,6.302,1397
7326,715123,1.5305,2020-10-07,Books of Blood,6.302,493
7327,244268,5.3033,2014-08-22,Love Is Strange,6.3,305
7328,29787,18.8779,1988-07-29,Monkey Shines,6.302,349
7329,9358,8.7611,2003-01-31,Final Destination 2,6.302,4729
7330,4728,0.9461,1965-10-28,The Gendarme in New York,6.302,548
7331,505379,1.6627,2020-10-16,Rebecca,6.301,1152
7332,468219,1.1245,2018-09-12,Dead in a Week (Or Your Money Back),6.301,361
7333,70436,1.7929,2012-03-09,The Raven,6.3,1411
7334,9373,6.9777,2003-05-21,The Texas Chainsaw Massacre,6.301,2849
7335,9339,14.9415,2006-06-23,Click,6.301,7448
7336,7737,2.4218,2007-09-20,Resident Evil: Extinction,6.301,4479
7337,4351,1.0797,2007-02-22,Bordertown,6.301,352
7338,2135,3.8527,2002-03-04,The Time Machine,6.301,2485
7339,201,2.2935,2002-12-13,Star Trek: Nemesis,6.301,1549
7340,201,2.2935,2002-12-13,Star Trek: Nemesis,6.301,1549
7341,601844,14.4156,2020-07-23,Becky,6.3,681
7342,71552,7.6723,2012-04-04,American Reunion,6.3,4641
7343,457435,0.7895,2018-02-14,Return of the Hero,6.299,645
7344,455476,4.0354,2023-04-27,Knights of the Zodiac,6.295,1263
7345,79643,0.8093,2011-11-23,Anche se è amore non si vede,6.299,370
7346,11671,1.8318,2008-08-08,Elegy,6.299,301
7347,963765,1.0637,2023-05-26,Strange Way of Life,6.3,363
7348,728526,0.965,2021-12-03,Encounter,6.298,453
7349,458344,2.5557,2018-08-16,"Juliet, Naked",6.298,523
7350,413052,16.1094,2016-09-15,Hacker,6.285,332
7351,392142,1.0466,2016-11-01,Max & Leon,6.298,828
7352,532639,3.7471,2022-09-07,Pinocchio,6.3,1709
7353,274167,5.0632,2015-12-25,Daddy's Home,6.297,3384
7354,41630,5.2213,2011-01-21,No Strings Attached,6.297,4930
7355,12611,0.9546,1978-03-10,The Fury,6.297,392
7356,9477,12.0918,2004-07-07,King Arthur,6.297,2880
7357,817,4.2534,1999-06-08,Austin Powers: The Spy Who Shagged Me,6.3,3606
7358,561362,0.9319,2019-01-04,Rust Creek,6.296,348
7359,102780,1.4463,2013-04-11,Byzantium,6.3,941
7360,736918,7.1017,2022-11-24,The Noel Diary,6.295,397
7361,455839,2.0295,2018-06-22,Time Trap,6.295,1291
7362,67748,5.9708,2011-05-19,Snowtown,6.295,344
7363,43200,0.3358,2010-04-09,Basilicata Coast to Coast,6.295,393
7364,34851,16.8504,2010-07-07,Predators,6.294,4525
7365,11114,1.3557,1977-11-03,Pete's Dragon,6.3,713
7366,9543,9.0011,2010-05-19,Prince of Persia: The Sands of Time,6.296,7071
7367,680860,1.3567,2022-02-10,I Want You Back,6.294,364
7368,425336,1.9311,2017-10-12,Loving Pablo,6.294,1032
7369,407439,1.5953,2018-03-15,Mary Magdalene,6.3,568
7370,12146,2.4146,2003-11-26,The Missing,6.294,682
7371,10699,4.5204,1992-10-02,Hero,6.3,522
7372,9882,3.3677,1998-11-06,The Siege,6.294,1449
7373,738652,3.0088,2021-09-09,Copshop,6.3,878
7374,439998,0.1482,2017-03-02,Omicidio all'italiana,6.3,409
7375,149509,2.8325,2013-09-06,Horns,6.293,2401
7376,86812,0.5877,2011-01-22,Sound of My Voice,6.293,416
7377,44268,0.9852,1986-12-23,Super Fantozzi,6.293,309
7378,27274,3.958,1990-06-01,Frankenhooker,6.3,370
7379,15997,1.5634,1994-12-12,The Land Before Time II: The Great Valley Adventure,6.293,586
7380,9043,1.6493,2005-12-15,The Family Stone,6.3,1117
7381,8845,6.1253,1992-10-08,Under Siege,6.293,1683
7382,1428,3.0608,2003-09-11,Once Upon a Time in Mexico,6.293,2347
7383,399248,1.1209,2018-04-11,Beirut,6.292,592
7384,7095,3.0433,1996-08-09,Jack,6.292,1341
7385,2309,3.8803,2008-12-11,Inkheart,6.292,2210
7386,627463,1.4315,2020-01-31,The Assistant,6.291,520
7387,527660,2.8584,2020-07-24,"Yes, God, Yes",6.291,575
7388,12721,2.3183,1986-05-02,"No Retreat, No Surrender",6.3,612
7389,11625,1.0897,1989-10-04,Asterix and the Big Fight,6.291,662
7390,9605,1.9285,1992-08-14,Single White Female,6.291,680
7391,338676,8.3427,2015-08-07,Extinction,6.29,742
7392,186992,1.1762,2013-06-12,Stranger by the Lake,6.29,461
7393,158852,14.2621,2015-05-19,Tomorrowland,6.29,7282
7394,21778,4.5905,2004-01-28,RRRrrrr!!!,6.29,1237
7395,132232,5.5239,2013-01-17,Mama,6.289,4361
7396,22804,10.6353,2009-10-22,Saw VI,6.289,3458
7397,9584,3.9018,1978-06-27,Convoy,6.289,409
7398,8838,16.2925,1998-04-03,Mercury Rising,6.289,1627
7399,462919,1.1948,2018-09-07,Sierra Burgess Is a Loser,6.288,3453
7400,9584,3.9018,1978-06-27,Convoy,6.289,409
7401,8838,16.2925,1998-04-03,Mercury Rising,6.289,1627
7402,462919,1.1948,2018-09-07,Sierra Burgess Is a Loser,6.288,3453
7403,14207,2.6236,2004-07-12,The Librarian: Quest for the Spear,6.288,691
7404,13491,4.4834,2007-12-25,Arn: The Knight Templar,6.3,302
7405,121734,1.5554,2012-08-10,"Tad, the Lost Explorer",6.281,603
7406,63710,1.3322,2011-06-23,Honey 2,6.287,411
7407,9486,3.2635,2003-03-14,Johnny English,6.287,3710
7408,1599,1.7713,2004-09-10,I ♥ Huckabees,6.287,692
7409,301272,0.3491,2014-11-06,Let's Go to the Country,6.286,460
7410,10307,2.3477,1999-09-02,Stigmata,6.286,1209
7411,9104,2.1268,2002-10-31,Buffalo Soldiers,6.286,345
7412,1649,1.3204,1991-07-19,Bill & Ted's Bogus Journey,6.286,1326
7413,443791,14.3935,2020-01-08,Underwater,6.285,3377
7414,323373,0.9886,2015-08-28,Deathgasm,6.285,636
7415,267935,11.5584,2016-06-01,The BFG,6.285,3580
7416,181283,6.566,2015-03-15,Child 44,6.285,1775
7417,72710,5.245,2013-03-22,The Host,6.285,4042
7418,36643,5.3945,1999-11-17,The World Is Not Enough,6.285,3192
7419,27569,1.2458,2010-01-21,Extraordinary Measures,6.285,332
7420,13567,14.8555,1983-11-18,Sleepaway Camp,6.285,767
7421,2080,1.1234,2009-04-28,X-Men Origins: Wolverine,6.285,11105
7422,541524,1.1671,2021-10-27,Passing,6.284,334
7423,290595,7.4017,2016-04-06,The Huntsman: Winter's War,6.284,4988
7424,13190,0.9785,2008-10-28,Dead Space: Downfall,6.284,375
7425,11007,3.2517,2003-12-24,Cheaper by the Dozen,6.284,2911
7426,9440,1.1542,1998-03-20,Primary Colors,6.3,342
7427,9378,5.2043,2001-10-26,Thir13en Ghosts,6.284,2319
7428,714869,1.1098,2021-12-21,Serial (Bad) Weddings 3,6.283,418
7429,280092,3.3948,2015-05-28,Insidious: Chapter 3,6.283,3560
7430,44706,0.8116,1997-10-15,The Bet,6.3,490
7431,9896,2.5894,2001-08-17,Rat Race,6.283,1928
7432,689723,1.0495,2020-04-30,Dangerous Lies,6.282,893
7433,12309,2.6245,1984-06-29,Bachelor Party,6.282,698
7434,11449,4.3496,1979-07-27,The Amityville Horror,6.282,1015
7435,5072,2.0784,2006-05-19,Severance,6.282,657
7436,4787,0.9609,2007-10-31,Cassandra's Dream,6.282,818
7437,625450,2.9818,2019-09-13,Tall Girl,6.281,1931
7438,592695,4.0018,2021-10-08,Pleasure,6.276,763
7439,126277,1.4245,2013-01-11,American Mary,6.281,579
7440,38303,1.5024,2010-09-23,You Again,6.3,1280
7441,25983,1.4312,2009-10-30,The House of the Devil,6.28,828
7442,8966,16.3924,2008-11-20,Twilight,6.281,14244
7443,199373,2.4923,2013-07-11,The Frozen Ground,6.28,1559
7444,174772,1.315,2013-06-27,Europa Report,6.281,1503
7445,134374,3.9585,2013-04-18,Pain & Gain,6.28,4739
7446,16441,13.7814,1982-08-16,The Beastmaster,6.28,445
7447,13515,2.4846,2008-08-14,Mirrors,6.28,1990
7448,11484,1.0505,1975-06-25,Rollerball,6.28,594
7449,5072,2.0784,2006-05-19,Severance,6.282,657
7450,541305,3.2101,2020-09-25,Kajillionaire,6.278,523
7451,438590,2.0242,2018-08-23,A-X-L,6.278,1215
7452,268531,4.9096,2017-06-01,Captain Underpants: The First Epic Movie,6.278,1330
7453,86331,10.9402,2011-10-06,Desire,6.278,1350
7454,75761,4.1167,2013-01-25,John Dies at the End,6.278,714
7455,59981,1.0083,2014-05-08,Legends of Oz: Dorothy's Return,6.3,371
7456,10105,0.8229,2003-09-11,Saints and Soldiers,6.3,300
7457,1241921,4.6472,2025-09-17,A Big Bold Beautiful Journey,6.28,320
7458,452015,1.2365,2018-01-31,Psychokinesis,6.3,334
7459,447277,12.3078,2023-05-18,The Little Mermaid,6.276,3255
7460,296065,1.541,2014-10-25,Last Shift,6.277,686
7461,10730,2.2726,1976-09-08,King Kong,6.277,909
7462,567690,1.6846,2021-09-24,Dear Evan Hansen,6.276,362
7463,505058,6.1348,2018-07-19,Unfriended: Dark Web,6.276,1640
7464,339967,4.6945,2017-04-06,Colossal,6.276,2230
7465,39385,1.1173,1997-04-01,Would I Lie to You?,6.276,540
7466,15947,1.6275,1944-12-21,The Three Caballeros,6.276,759
7467,13641,1.0612,2007-02-07,The Air I Breathe,6.276,388
7468,4520,1.4033,2007-10-12,Sleuth,6.276,572
7469,703451,3.4641,2023-02-10,Your Place or Mine,6.275,843
7470,303542,0.9363,2014-12-18,The Invisible Boy,6.275,975
7471,46929,1.153,1947-09-27,Fun and Fancy Free,6.275,515
7472,24452,1.1174,1960-05-04,The Little Shop of Horrors,6.275,451
7473,11702,1.5781,1998-02-06,The Replacement Killers,6.275,559
7474,1537,1.8896,2002-04-07,Changing Lanes,6.275,1182
7475,1020910,1.9609,2023-05-18,Influencer,6.274,327
7476,467824,1.9038,2018-07-25,Illang: The Wolf Brigade,6.3,319
7477,288036,1.8231,2015-06-26,Sleeping with Other People,6.3,968
7478,83186,0.7781,2012-09-05,Wrong,6.274,376
7479,11465,1.0382,1989-06-30,Great Balls of Fire!,6.274,334
7480,9963,8.1854,2007-02-08,Premonition,6.3,1650
7481,574060,2.4329,2021-07-14,Gunpowder Milkshake,6.273,1122
7482,523607,9.3902,2023-11-22,Maestro,6.273,816
7483,451500,1.6081,2017-12-06,Christmas & Co.,6.273,664
7484,157845,2.3277,2014-06-04,The Rover,6.273,1021
7485,2332,3.4593,2000-03-25,Taxi 2,6.273,1860
7486,449755,17.6435,2017-12-15,Christmas Inheritance,6.3,848
7487,428399,9.5192,2017-10-20,Cold Skin,6.267,696
7488,259695,1.5991,2016-12-25,Live by Night,6.272,1375
7489,181812,11.2878,2019-12-18,Star Wars: The Rise of Skywalker,6.272,10656
7490,142320,4.3189,2012-10-25,Viva l'Italia,6.3,381
7491,11862,1.4321,1995-12-08,Father of the Bride Part II,6.272,792
7492,9494,1.7228,1989-10-12,Look Who's Talking,6.3,2420
7493,4917,0.9101,1975-03-23,A Boy and His Dog,6.3,374
7494,950387,23.9422,2025-03-31,A Minecraft Movie,6.27,2817
7495,852448,2.2305,2022-08-19,I Came By,6.271,822
7496,453405,19.935,2019-10-02,Gemini Man,6.27,5385
7497,14208,2.1798,2006-09-09,The Librarian: Return to King Solomon's Mines,6.271,616
7498,1013860,2.2201,2022-11-15,R.I.P.D. 2: Rise of the Damned,6.271,656
7499,587693,0.818,2019-12-05,A Christmas Prince: The Royal Baby,6.27,564
7500,1013860,2.2201,2022-11-15,R.I.P.D. 2: Rise of the Damned,6.271,656
7501,587693,0.818,2019-12-05,A Christmas Prince: The Royal Baby,6.27,564
7502,284276,2.1332,2014-09-07,Cake,6.27,928
7503,1492,2.028,1992-08-09,1492: Conquest of Paradise,6.27,895
7504,463272,4.0259,2018-09-13,Johnny English Strikes Again,6.269,2699
7505,433808,6.2952,2017-10-11,The Ritual,6.269,3342
7506,82696,1.745,2012-08-07,Hope Springs,6.269,822
7507,207768,4.8989,2013-08-25,I Spit on Your Grave 2,6.3,1398
7508,15239,5.4851,1984-05-15,The Toxic Avenger,6.3,634
7509,10294,15.5155,2007-04-20,Vacancy,6.3,1596
7510,8689,31.2188,1980-02-07,Cannibal Holocaust,6.268,1816
7511,6282,4.3942,2000-07-30,Coyote Ugly,6.3,2241
7512,1588,3.2084,2000-08-25,Bring It On,6.268,1821
7513,14353,1.0844,2008-11-07,Repo! The Genetic Opera,6.267,374
7514,13934,1.2042,2006-07-27,Mater and the Ghostlight,6.267,473
7515,11954,13.7705,1985-06-21,Lifeforce,6.267,694
7516,9526,0.784,2006-06-01,A Prairie Home Companion,6.267,318
7517,425980,2.1677,2017-09-14,Brad's Status,6.266,443
7518,334521,11.2766,2017-03-31,Free Fire,6.266,1199
7519,11342,2.7551,1989-06-01,Warlock,6.266,431
7520,10534,1.4895,1996-02-02,White Squall,6.3,395
7521,10207,2.5663,1999-02-22,Message in a Bottle,6.266,815
7522,9061,1.5017,1995-02-17,Just Cause,6.3,609
7523,8843,12.856,2000-08-18,The Cell,6.266,1670
7524,2085,2.8801,2000-03-22,Romeo Must Die,6.266,1307
7525,1689,1.2654,1993-12-01,Little Buddha,6.266,437
7526,246080,5.6285,2014-12-05,Black Sea,6.265,1162
7527,146721,0.657,1968-10-24,Carne,6.265,540
7528,115210,10.1096,2012-10-05,Stitches,6.265,439
7529,21786,1.3662,2006-10-13,Cold Prey,6.265,453
7530,14728,3.3137,2008-10-25,The Librarian: The Curse of the Judas Chalice,6.265,517
7531,12103,4.5322,2001-09-28,Don't Say a Word,6.265,1034
7532,461130,13.4344,2019-12-06,Code 8,6.264,2128
7533,376134,4.7048,2017-03-31,The Discovery,6.264,1405
7534,49021,4.4017,2011-09-22,Killer Elite,6.264,2273
7535,1098006,7.2162,2025-05-19,Fountain of Youth,6.263,859
7536,77950,13.9232,2013-07-11,Turbo,6.263,3624
7537,12253,2.07,2003-01-31,Biker Boyz,6.263,388
7538,814800,2.3699,2022-09-16,Goodnight Mommy,6.262,533
7539,137321,1.8655,2014-02-13,Winter's Tale,6.262,1400
7540,11587,2.2979,1990-08-17,The Exorcist III,6.262,842
7541,9598,5.5263,1995-07-18,Babe,6.262,3070
7542,514999,3.0154,2019-05-25,Murder Mystery,6.261,4720
7543,14326,1.329,2008-09-26,Nights in Rodanthe,6.261,613
7544,2990,2.1901,1990-09-28,Pacific Heights,6.261,406
7545,571495,0.9045,2019-04-08,The Ruthless,6.26,421
7546,10743,1.0098,2003-04-25,Confidence,6.3,472
7547,10029,1.5898,1998-09-11,Very Bad Things,6.26,674
7548,455236,3.2818,2018-02-06,Accident Man,6.259,565
7549,291276,3.7085,2017-04-27,Unlocked,6.259,1182
7550,260346,12.0869,2014-12-16,Taken 3,6.259,6066
7551,255343,1.9868,2014-10-11,Escobar: Paradise Lost,6.259,802
7552,33217,3.9842,2010-03-19,Diary of a Wimpy Kid,6.259,1732
7553,10651,2.8651,1988-07-13,The Dead Pool,6.259,914
7554,970347,10.429,2024-08-22,The Killer,6.258,504
7555,323675,5.7222,2016-01-14,Ride Along 2,6.258,1771
7556,11238,4.2218,1996-05-20,Aladdin and the King of Thieves,6.258,1949
7557,1248,3.2236,2007-02-06,Hannibal Rising,6.258,2363
7558,259694,4.0223,2016-02-08,How to Be Single,6.257,3322
7559,245706,2.7708,2015-04-17,True Story,6.257,2060
7560,31150,1.0946,1989-01-27,Intruder,6.257,307
7561,30874,1.4247,1982-03-04,The New York Ripper,6.257,323
7562,9991,1.7995,2001-12-26,Mean Machine,6.257,613
7563,9872,1.5731,1985-07-12,Explorers,6.257,488
7564,335778,6.0097,2016-02-18,Risen,6.256,919
7565,182415,0.6534,2013-04-02,"White as Milk, Red as Blood",6.256,625
7566,127521,1.5942,2012-09-11,6 Bullets,6.256,394
7567,693,4.0596,2004-12-22,Meet the Fockers,6.257,5078
7568,446101,1.6996,2018-09-21,Assassination Nation,6.255,881
7569,406563,5.9432,2018-01-03,Insidious: The Last Key,6.255,3093
7570,153518,6.5836,2016-05-11,The Angry Birds Movie,6.255,3925
7571,11459,5.4135,2005-07-29,Sky High,6.255,2420
7572,9705,5.4943,2001-06-08,Swordfish,6.255,2885
7573,5172,1.316,2007-02-23,The Astronaut Farmer,6.255,363
7574,2619,5.7678,1984-03-09,Splash,6.255,1458
7575,2246,2.4672,1993-09-29,Malice,6.3,503
7576,406759,6.8899,2022-02-02,Moonfall,6.254,3490
7577,168530,1.6974,2014-01-07,Ride Along,6.254,2376
7578,11495,1.2183,1984-05-11,Firestarter,6.254,750
7579,801071,1.1515,2022-02-24,The Jack in the Box: Awakening,6.253,377
7580,209262,3.2475,2013-10-02,Parkland,6.253,383
7581,10225,3.9632,1986-08-01,Jason Lives - Friday the 13th Part VI,6.253,1317
7582,10188,1.2084,2008-08-06,The Sisterhood of the Traveling Pants 2,6.3,801
7583,1378,3.9352,2006-10-04,Shortbus,6.253,562
7584,952701,0.8478,2022-11-18,Return to Seoul,6.252,469
7585,627290,3.5815,2020-09-02,Antebellum,6.252,973
7586,158015,16.5902,2013-05-31,The Purge,6.252,8743
7587,10479,1.8348,2000-04-07,Rules of Engagement,6.252,775
7588,4959,5.4342,2009-02-03,The International,6.3,1381
7589,467660,2.5961,2018-03-22,Unsane,6.251,1633
7590,351809,5.0626,2016-03-03,To Steal from a Thief,6.251,385
7591,305470,4.2129,2017-03-23,Power Rangers,6.251,4583
7592,34813,4.5099,2010-04-23,The Losers,6.251,1931
7593,9922,7.977,1997-12-25,The Postman,6.251,1167
7594,9770,0.9431,1997-11-07,Mad City,6.251,360
7595,758009,4.3838,2022-12-28,Shotgun Wedding,6.25,1278
7596,631842,2.7976,2023-02-01,Knock at the Cabin,6.25,3018
7597,608195,1.2,2020-07-03,Ghosts of War,6.25,575
7598,580532,1.2392,2021-02-26,Crisis,6.25,376
7599,245703,4.8297,2016-02-18,Midnight Special,6.25,2008
7600,580532,1.2392,2021-02-26,Crisis,6.25,376
7601,245703,4.8297,2016-02-18,Midnight Special,6.25,2008
7602,35552,3.7961,2010-04-09,The Extraordinary Adventures of Adèle Blanc-Sec,6.2,1464
7603,27578,16.862,2010-08-07,The Expendables,6.25,8169
7604,8984,2.5849,1994-12-09,Disclosure,6.25,1248
7605,2770,4.9462,2001-08-10,American Pie 2,6.25,5216
7606,2171,1.2661,2001-07-27,Wet Hot American Summer,6.25,862
7607,517302,0.9454,2022-03-04,Hatching,6.249,478
7608,463821,7.1701,2018-09-15,The House with a Clock in Its Walls,6.249,2272
7609,375355,3.4564,2016-10-22,Don't Hang Up,6.249,569
7610,345940,7.502,2018-08-09,The Meg,6.249,8095
7611,49494,2.4698,2011-02-08,The Eagle,6.249,1398
7612,10521,5.4227,2009-01-09,Bride Wars,6.249,3156
7613,10410,2.2958,1992-12-25,Hoffa,6.249,349
7614,9694,1.2552,2003-11-03,One Missed Call,6.249,467
7615,184346,4.9289,2014-07-01,Deliver Us from Evil,6.248,2187
7616,11352,1.5539,1989-12-22,Always,6.248,649
7617,1845,0.5876,2007-02-09,2 Days in Paris,6.248,415
7618,244458,2.0647,2014-01-19,The Voices,6.247,1871
7619,24924,1.2304,1988-10-14,Night of the Demons,6.2,388
7620,24924,1.2304,1988-10-14,Night of the Demons,6.2,388
7621,2284,1.7684,2007-11-16,Mr. Magorium's Wonder Emporium,6.247,1296
7622,655082,1.1326,2021-10-07,Eiffel,6.246,716
7623,510388,1.3477,2019-09-20,Villains,6.246,468
7624,16288,2.6782,1987-05-01,Creepshow 2,6.246,640
7625,10447,1.6388,1994-04-29,No Escape,6.2,470
7626,254128,5.4317,2015-05-27,San Andreas,6.244,8917
7627,301355,1.3225,2017-05-10,Message from the King,6.244,480
7628,188222,6.1799,2015-06-03,Entourage,6.244,1086
7629,146239,2.1096,2013-10-10,Delivery Man,6.244,1560
7630,38167,2.9609,2010-08-12,Eat Pray Love,6.244,2589
7631,707,4.5032,1985-05-24,A View to a Kill,6.244,2143
7632,1234811,1.7031,2024-11-27,Our Little Secret,6.243,569
7633,455656,2.3455,2017-07-17,#realityhigh,6.243,1042
7634,58233,3.2972,2011-09-15,Johnny English Reborn,6.243,3520
7635,27813,1.1266,1982-04-02,Basket Case,6.236,458
7636,10657,2.614,1993-08-27,Needful Things,6.243,594
7637,525554,1.8157,2018-08-22,The Bouncer,6.242,393
7638,384371,0.2695,2016-04-20,Roommates Wanted,6.242,366
7639,333667,1.6186,2016-07-08,Rock Dog,6.242,312
7640,3604,11.5385,1980-12-05,Flash Gordon,6.241,1068
7641,589761,2.5775,2021-04-15,Chernobyl: Abyss,6.2,556
7642,116741,0.8171,2013-06-07,The Internship,6.24,4415
7643,49040,8.0688,2012-08-08,The Bourne Legacy,6.24,6033
7644,5968,2.4517,1984-08-15,The Woman in Red,6.24,546
7645,640146,9.7848,2023-02-15,Ant-Man and the Wasp: Quantumania,6.239,5676
7646,401478,3.3843,2018-10-02,Death Race: Beyond Anarchy,6.239,377
7647,369300,5.0848,2016-10-18,The Limehouse Golem,6.239,719
7648,15512,7.132,2009-03-19,Monsters vs Aliens,6.239,4888
7649,13811,6.9779,2009-03-19,Knowing,6.239,5692
7650,11976,7.5198,1985-08-28,Legend,6.2,1345
7651,1097870,2.3548,2024-11-24,Dear Santa,6.238,476
7652,432613,0.5362,2017-10-25,"Marry Me, Dude",6.238,1000
7653,293768,12.7712,2017-08-03,Kidnap,6.2,1328
7654,196867,23.1545,2014-12-18,Annie,6.238,1338
7655,81857,0.6521,2011-09-01,Alps,6.238,341
7656,79548,6.3187,2012-02-23,Gone,6.2,1216
7657,49022,1.8886,2011-05-05,Something Borrowed,6.2,1081
7658,1032823,6.3432,2024-07-31,Trap,6.237,2696
7659,438396,0.5485,2020-08-28,Unknown Origins,6.237,445
7660,49022,1.8886,2011-05-05,Something Borrowed,6.2,1081
7661,1032823,6.3432,2024-07-31,Trap,6.237,2696
7662,438396,0.5485,2020-08-28,Unknown Origins,6.237,445
7663,109414,5.0839,2013-06-12,This Is the End,6.237,6727
7664,4911,4.8532,2002-12-14,Dark Blue,6.2,359
7665,58151,9.7264,2011-08-18,Fright Night,6.2,2072
7666,586451,0.7243,2019-04-26,Blow the Man Down,6.235,329
7667,13474,2.1619,2007-11-09,P2,6.235,914
7668,1212855,6.4691,2025-04-03,Fight or Flight,6.213,319
7669,877269,6.7784,2022-11-23,Strange World,6.234,1394
7670,518452,0.849,2018-08-03,Like Father,6.234,692
7671,52505,1.0495,2010-10-28,The Other Woman,6.234,413
7672,8090,1.6547,2008-01-22,Untraceable,6.234,972
7673,141043,0.8199,2014-03-20,A Long Way Down,6.2,922
7674,84194,0.9823,2012-09-12,Excision,6.233,592
7675,14373,3.7844,1982-02-20,Death Wish II,6.233,516
7676,9885,3.1748,2005-09-16,Wolf Creek,6.233,1257
7677,652483,1.332,2020-01-23,Airplane Mode,6.232,714
7678,347375,13.4101,2018-08-16,Mile 22,6.232,2365
7679,23759,2.9801,2010-02-15,Centurion,6.232,1536
7680,724665,6.2845,2022-09-16,"Confess, Fletch",6.231,379
7681,513268,2.4988,2020-05-19,Body Cam,6.231,409
7682,441701,7.9694,2017-08-25,Veronica,6.231,1846
7683,9611,1.6703,1997-04-25,Romy and Michele's High School Reunion,6.231,574
7684,8656,9.1863,1998-05-08,Deep Impact,6.2,3242
7685,2086,1.2377,1995-11-22,Nick of Time,6.231,785
7686,1844,3.1131,1999-04-29,Entrapment,6.231,2182
7687,1075175,2.5786,2023-11-02,How to Have Sex,6.23,467
7688,329004,16.77,2015-04-15,The Survivalist,6.2,370
7689,41210,2.5792,2010-05-11,The Switch,6.23,2010
7690,22907,14.4978,2010-08-26,Takers,6.23,1353
7691,279690,2.202,2015-12-18,He Never Died,6.229,517
7692,9285,6.3352,2000-05-19,Road Trip,6.229,2132
7693,1261501,1.8978,2025-01-09,Ad Vitam,6.228,423
7694,516700,0.4163,2019-08-29,Gundala,6.228,334
7695,37834,4.2181,2010-06-15,Knight and Day,6.228,4822
7696,17281,1.8666,1958-05-15,Gigi,6.228,340
7697,13313,3.0332,1997-11-11,Beauty and the Beast: The Enchanted Christmas,6.2,1080
7698,515841,0.6604,2018-04-13,I Am Not an Easy Man,6.227,1017
7699,478860,0.7899,2019-11-27,Proxima,6.227,433
7700,515841,0.6604,2018-04-13,I Am Not an Easy Man,6.227,1017
7701,478860,0.7899,2019-11-27,Proxima,6.227,433
7702,9986,3.3431,2006-12-07,Charlotte's Web,6.227,1438
7703,9801,3.7405,2004-11-10,Bridget Jones: The Edge of Reason,6.227,2996
7704,395990,7.1534,2018-03-01,Death Wish,6.225,2748
7705,88794,2.8905,2011-11-09,J. Edgar,6.226,2545
7706,77951,1.7181,2013-12-18,Walking with Dinosaurs,6.2,512
7707,60935,14.4,2011-10-12,The Thing,6.226,3142
7708,11845,3.3648,2001-01-20,Intimacy,6.226,545
7709,1022796,18.1739,2023-11-13,Wish,6.225,1739
7710,774741,3.1877,2021-12-02,Diary of a Wimpy Kid,6.225,393
7711,30923,1.7478,1999-02-28,Alice in Wonderland,6.225,391
7712,3040,1.7004,2004-07-08,Night Watch,6.225,790
7713,644092,1.4843,2021-01-29,Finding ʻOhana,6.224,442
7714,11823,1.548,2004-09-13,Wimbledon,6.224,1055
7715,606625,1.7621,2020-07-03,Follow Me,6.223,546
7716,181533,9.4209,2014-12-17,Night at the Museum: Secret of the Tomb,6.221,6162
7717,76493,7.1878,2012-05-15,The Dictator,6.222,6313
7718,38356,2.1106,2011-06-28,Transformers: Dark of the Moon,6.223,8818
7719,17494,1.4915,1992-06-26,Unlawful Entry,6.223,334
7720,14844,1.5838,2004-01-09,Chasing Liberty,6.223,642
7721,14444,2.3935,1998-11-20,The Rugrats Movie,6.223,629
7722,1727,2.0806,1990-05-18,Bird on a Wire,6.223,1015
7723,592480,0.4925,2019-05-18,Alice and the Mayor,6.2,342
7724,516329,13.3305,2021-10-28,Antlers,6.222,1209
7725,9962,1.2583,2002-08-07,The Good Girl,6.222,672
7726,9604,16.906,1988-06-17,Red Heat,6.2,1569
7727,9102,1.0093,1995-09-08,Screamers,6.2,586
7728,7552,2.9365,2005-12-21,Fun with Dick and Jane,6.222,2615
7729,2082,9.5709,2007-08-31,Halloween,6.2,2510
7730,613093,10.8541,2020-10-08,Valley of the Dead,6.221,321
7731,526019,1.36,2020-01-09,Like a Boss,6.221,661
7732,502682,1.4721,2018-05-18,Book Club,6.2,823
7733,82532,1.0314,2012-03-16,"Jeff, Who Lives at Home",6.221,674
7734,10127,1.3296,1988-04-29,Critters 2,6.221,504
7735,9836,11.9751,2006-11-16,Happy Feet,6.221,5396
7736,506072,1.4524,2018-10-02,Prospect,6.22,943
7737,267860,7.5395,2016-03-02,London Has Fallen,6.22,5039
7738,11431,1.5425,2005-04-06,Fever Pitch,6.22,746
7739,9620,5.0969,2003-12-25,Paycheck,6.22,1978
7740,8273,16.9421,2003-08-01,American Wedding,6.219,4323
7741,2637,5.504,2002-01-25,The Mothman Prophecies,6.219,1226
7742,402331,2.0263,2016-07-14,Hard Target 2,6.218,303
7743,197796,3.1779,2014-02-12,Beauty and the Beast,6.218,2143
7744,15158,0.6483,1988-07-08,Phantasm II,6.218,383
7745,9804,9.8021,1995-07-28,Waterworld,6.218,3985
7746,833097,1.3119,2022-11-10,Falling for Christmas,6.217,866
7747,760868,1.2988,2022-03-18,Black Crab,6.217,902
7748,503736,5.1411,2021-05-14,Army of the Dead,6.217,4324
7749,18462,1.1889,1984-11-16,Night of the Comet,6.217,434
7750,9355,4.2921,1985-06-29,Mad Max Beyond Thunderdome,6.217,3194
7751,487297,4.7585,2019-02-08,What Men Want,6.216,1570
7752,486101,0.717,2018-02-14,There's No Place Like Home,6.216,735
7753,298250,11.8124,2017-10-25,Jigsaw,6.216,3903
7754,87826,3.0345,2012-10-10,Here Comes the Boom,6.216,1552
7755,8851,1.6409,1958-09-10,The Blob,6.216,648
7756,599975,4.5115,2019-10-24,Countdown,6.215,2266
7757,76812,2.0311,2017-05-26,Black Butterfly,6.2,564
7758,17339,1.7702,1978-08-16,Force 10 from Navarone,6.215,335
7759,11860,6.8998,1995-12-15,Sabrina,6.215,672
7760,17339,1.7702,1978-08-16,Force 10 from Navarone,6.215,335
7761,11860,6.8998,1995-12-15,Sabrina,6.215,672
7762,9619,3.649,1997-02-07,Dante's Peak,6.215,2024
7763,9398,4.547,2001-09-28,Zoolander,6.215,4822
7764,1008953,10.1178,2024-08-22,Incoming,6.214,338
7765,19164,0.6592,1996-11-01,The Land Before Time IV: Journey Through the Mists,6.214,358
7766,467952,4.3313,2018-06-22,The Catcher Was a Spy,6.213,312
7767,10498,1.5403,1993-03-19,Point of No Return,6.213,731
7768,9573,9.9151,2002-08-09,Blood Work,6.213,878
7769,291351,3.8941,2016-04-27,The Sea of Trees,6.212,534
7770,48395,2.1865,2010-12-03,Rare Exports: A Christmas Tale,6.2,652
7771,32657,6.0987,2010-02-01,Percy Jackson & the Olympians: The Lightning Thief,6.212,7748
7772,11591,1.0467,1983-06-10,The Man with Two Brains,6.212,469
7773,8373,2.8033,2009-06-19,Transformers: Revenge of the Fallen,6.211,9033
7774,582570,2.8523,2019-08-16,Sextuplets,6.21,868
7775,17182,1.7664,1996-01-12,Eye for an Eye,6.21,452
7776,15037,1.3349,1998-06-12,Can't Hardly Wait,6.21,576
7777,10303,2.6152,1985-08-01,The Jewel of the Nile,6.21,1245
7778,7942,1.2562,2007-09-06,Run Fatboy Run,6.2,730
7779,6341,17.4835,1983-02-05,Blue Thunder,6.21,532
7780,6341,17.4835,1983-02-05,Blue Thunder,6.21,532
7781,1497,3.6135,1991-03-22,Teenage Mutant Ninja Turtles II: The Secret of the Ooze,6.2,1218
7782,467,1.7866,2001-04-20,The Hole,6.21,878
7783,1041613,7.1309,2024-03-20,Immaculate,6.209,1573
7784,1013601,3.2423,2025-03-19,The Alto Knights,6.209,399
7785,109439,5.3991,2013-05-23,The Hangover Part III,6.209,9118
7786,26320,1.9832,2009-08-26,Taking Woodstock,6.2,468
7787,11164,2.0577,1994-03-25,D2: The Mighty Ducks,6.2,638
7788,9369,1.3258,1994-09-29,Asterix Conquers America,6.209,631
7789,624963,1.3617,2020-10-14,A Babysitter's Guide to Monster Hunting,6.2,314
7790,24873,1.5681,1985-11-01,Death Wish 3,6.208,462
7791,11966,1.559,1988-07-06,Short Circuit 2,6.209,643
7792,454294,4.7996,2019-01-16,The Kid Who Would Be King,6.2,818
7793,11137,1.5911,2004-03-28,The Prince & Me,6.207,1033
7794,4507,12.616,1992-09-03,Jamon Jamon,6.2,393
7795,536437,12.5149,2023-05-11,Hypnotic,6.206,1426
7796,302156,3.2821,2016-04-07,Criminal,6.206,1841
7797,23082,2.2458,2009-10-02,The Invention of Lying,6.2,2276
7798,9686,1.1696,1989-03-10,New York Stories,6.206,396
7799,178,1.7722,1994-07-01,Blown Away,6.2,600
7800,218778,1.6138,2014-10-08,"Alexander and the Terrible, Horrible, No Good, Very Bad Day",6.205,1400
7801,133931,2.4059,2012-06-05,Zambezia,6.205,320
7802,11931,2.2654,2005-10-07,In Her Shoes,6.205,1258
7803,10033,3.4975,2005-11-23,Just Friends,6.205,1752
7804,710295,15.6592,2025-01-15,Wolf Man,6.208,921
7805,460885,11.9828,2018-09-13,Mandy,6.204,2099
7806,428078,13.3933,2018-11-27,Mortal Engines,6.204,5016
7807,219572,2.6546,2013-12-24,Police Story: Lockdown,6.204,407
7808,159117,1.3944,2013-06-06,V/H/S/2,6.204,1154
7809,138103,6.6498,2014-08-07,The Expendables 3,6.204,5259
7810,74725,2.7053,2011-09-02,Kill List,6.204,848
7811,19457,2.2974,2000-04-27,The Yards,6.204,501
7812,14008,1.103,2002-03-07,Cadet Kelly,6.204,610
7813,7553,5.9476,2005-10-07,Waiting...,6.204,966
7814,976734,10.3705,2024-10-10,Canary Black,6.213,472
7815,330112,1.697,2015-04-19,Ashby,6.203,463
7816,258363,2.0225,2015-04-12,Desierto,6.203,386
7817,65759,1.9148,2011-11-17,Happy Feet Two,6.203,1703
7818,56909,0.9741,2011-01-21,The Immature,6.202,805
7819,11665,16.6112,2008-06-19,Get Smart,6.203,3807
7820,64686,11.2616,2013-12-06,47 Ronin,6.203,4075
7821,52015,22.2859,2010-09-30,Stake Land,6.202,854
7822,800510,2.3172,2022-02-10,Kimi,6.201,963
7823,449563,1.738,2019-02-13,Isn't It Romantic,6.201,3567
7824,340382,2.7779,2015-09-01,Attack on Titan II: End of the World,6.201,384
7825,287903,12.4894,2015-11-26,Krampus,6.201,2357
7826,69668,3.5606,2011-09-29,Dream House,6.201,1416
7827,24124,1.7442,1981-05-08,The Burning,6.201,437
7828,987917,1.6934,2023-10-20,Old Dads,6.199,437
7829,984324,2.3447,2024-03-28,The Wages of Fear,6.2,481
7830,333354,1.8685,2017-01-02,Extortion,6.2,312
7831,20235,1.8344,1998-02-16,Belle's Magical World,6.2,487
7832,9725,6.0886,1981-05-01,Friday the 13th Part 2,6.2,1871
7833,526007,1.8854,2020-02-19,The Night Clerk,6.199,879
7834,339994,0.8258,2016-09-16,The Good Neighbor,6.199,473
7835,12154,1.5851,1987-11-27,3 Men and a Baby,6.199,1069
7836,6278,6.8527,2002-07-09,Reign of Fire,6.2,2404
7837,1370,11.7888,1988-05-24,Rambo III,6.199,3408
7838,69798,1.4055,2011-08-19,The Inbetweeners Movie,6.198,968
7839,85373,0.972,2012-03-30,StreetDance 2,6.197,396
7840,14061,0.9433,2008-06-20,The Edge of Love,6.197,393
7841,11683,2.223,2005-06-18,Land of the Dead,6.2,1711
7842,390061,1.588,2017-09-28,Mark Felt: The Man Who Brought Down the White House,6.195,543
7843,24021,8.4265,2010-06-23,The Twilight Saga: Eclipse,6.196,9165
7844,23629,5.7396,2011-03-24,Sucker Punch,6.196,4985
7845,11824,6.8477,1985-08-23,Teen Wolf,6.196,1236
7846,760926,2.6484,2022-01-13,Gold,6.195,637
7847,9594,5.0113,1991-07-31,Double Impact,6.2,1177
7848,507,1.2501,1993-10-01,Killing Zoe,6.195,362
7849,449562,3.7268,2019-05-09,The Hustle,6.194,2656
7850,919952,0.5341,2022-12-22,The Great Day,6.193,376
7851,12538,1.881,1998-02-20,Senseless,6.2,392
7852,2114,2.4545,2001-07-02,Final Fantasy: The Spirits Within,6.193,1556
7853,1087388,2.6251,2024-04-12,Sting,6.192,491
7854,585759,0.8073,2019-11-08,The Coldest Game,6.2,320
7855,13637,0.981,2007-09-15,Sukiyaki Western Django,6.2,355
7856,11017,2.3066,1995-02-10,Billy Madison,6.192,1767
7857,457041,0.7399,2018-08-10,Elizabeth Harvest,6.191,379
7858,228967,21.8185,2014-12-25,The Interview,6.19,6137
7859,227300,1.2744,2014-10-14,Stretch,6.191,706
7860,228967,21.8185,2014-12-25,The Interview,6.19,6137
7861,12145,1.062,1997-01-23,Fierce Creatures,6.19,377
7862,9621,1.5191,2005-10-14,Elizabethtown,6.19,1177
7863,9541,3.2952,2004-03-25,Jersey Girl,6.2,1131
7864,393717,5.1354,2016-05-04,The Crew,6.189,349
7865,1290879,4.4681,2025-10-09,The Woman in Cabin 10,6.188,901
7866,80585,2.5285,2012-06-13,Rock of Ages,6.188,1333
7867,13888,3.5071,1991-08-02,Return to the Blue Lagoon,6.188,1237
7868,41479,16.1451,2010-04-16,The Joneses,6.187,630
7869,12593,1.5319,1972-04-14,Fritz the Cat,6.187,375
7870,11415,7.4101,1985-12-06,House,6.187,612
7871,9024,1.3231,1993-10-01,For Love or Money,6.187,387
7872,747687,0.8031,2021-10-07,The Catholic School,6.186,448
7873,489243,1.2636,2019-03-15,The Hummingbird Project,6.2,388
7874,11169,2.4426,2004-03-12,Spartan,6.2,406
7875,459910,3.3397,2018-02-01,Braven,6.185,1095
7876,285423,3.7359,2014-08-14,Jarhead 2: Field of Fire,6.185,316
7877,195589,14.7242,2014-05-08,Neighbors,6.185,7201
7878,157851,1.3518,2014-05-21,Maps to the Stars,6.185,1125
7879,139651,0.7665,2012-09-17,Haute Cuisine,6.2,302
7880,59962,2.9132,2012-02-14,This Means War,6.185,3555
7881,9545,1.8811,1993-01-29,Sniper,6.2,455
7882,9080,1.3336,1985-12-06,Spies Like Us,6.185,687
7883,2768,1.8466,1980-02-01,American Gigolo,6.185,717
7884,689700,1.557,2022-01-28,Clean,6.184,435
7885,43933,6.9055,2010-06-18,Monsters,6.184,1738
7886,11699,4.4681,2009-09-11,Bad Lieutenant: Port of Call - New Orleans,6.184,1234
7887,9688,1.2274,2004-12-22,Melinda and Melinda,6.184,490
7888,296,8.118,2003-07-02,Terminator 3: Rise of the Machines,6.183,7128
7889,20421,1.2053,1991-08-02,Rock-A-Doodle,6.183,308
7890,8688,5.2684,1998-08-07,Snake Eyes,6.2,1478
7891,4477,2.2932,1997-03-13,The Devil's Own,6.2,1325
7892,694234,0.7549,2020-07-01,Under the Riccione Sun,6.2,567
7893,698,14.1244,1979-06-26,Moonraker,6.182,2163
7894,371560,0.934,2016-12-02,The Eyes of My Mother,6.2,348
7895,63197,2.6863,2011-05-01,Megan Is Missing,6.181,804
7896,12707,1.6581,1977-07-22,Orca,6.181,452
7897,85872,0.971,2012-03-07,Le Chef,6.18,631
7898,61717,1.1494,2006-06-16,Wendy Wu: Homecoming Warrior,6.18,439
7899,55846,10.5927,2011-05-20,Blitz,6.18,1765
7900,13499,1.9804,2005-11-23,"Yours, Mine & Ours",6.2,885
7901,7484,3.472,2006-09-27,Open Season,6.18,2942
7902,1634,2.8238,1993-07-16,Free Willy,6.18,1931
7903,419831,4.3998,2017-11-15,I Kill Giants,6.179,1237
7904,399790,11.0596,2017-05-25,Churchill,6.179,330
7905,209247,1.1395,2013-09-20,The Art of the Steal,6.179,601
7906,841,10.8561,1984-12-14,Dune,6.179,3351
7907,485894,22.8234,2017-12-28,Naples in Veils,6.2,474
7908,408648,1.4813,2017-07-21,Batman and Harley Quinn,6.178,643
7909,218836,5.1434,2014-07-17,Planes: Fire & Rescue,6.178,908
7910,136418,13.1059,2013-05-07,Hummingbird,6.178,1833
7911,54004,0.7127,1999-11-09,Passport to Paris,6.178,311
7912,37710,11.6347,2010-12-08,The Tourist,6.178,5681
7913,8978,1.8114,2005-01-19,Assault on Precinct 13,6.178,1174
7914,341006,4.7932,2016-03-17,The Belko Experiment,6.177,1638
7915,98567,2.3619,2012-12-20,Armour of God 3: Chinese Zodiac,6.2,869
7916,89185,0.8527,2012-06-09,Radio Rebel,6.177,839
7917,46529,5.1357,2011-02-18,I Am Number Four,6.177,4899
7918,763149,1.1164,2021-08-04,Aftermath,6.176,655
7919,721625,2.1294,2020-12-10,Songbird,6.176,775
7920,227159,3.9147,2014-11-12,Horrible Bosses 2,6.176,4338
7921,16325,1.3739,2009-02-27,Echelon Conspiracy,6.176,479
7922,13220,2.3667,2008-10-31,Splinter,6.176,768
7923,1083968,4.0319,2025-03-20,Locked,6.175,496
7924,354110,4.1767,2015-09-16,Forsaken,6.175,375
7925,152792,3.5426,2013-05-09,Devil's Knot,6.175,704
7926,50479,1.0136,2011-01-28,Avalon High,6.175,571
7927,11418,1.9782,1985-07-25,National Lampoon's European Vacation,6.175,966
7928,10185,2.2022,2008-08-07,The Midnight Meat Train,6.175,1223
7929,6552,1.5614,1999-04-30,Idle Hands,6.175,724
7930,530382,2.5606,2019-09-27,In the Shadow of the Moon,6.174,1555
7931,81390,1.4342,2011-04-09,A Lonely Place to Die,6.174,632
7932,21845,1.1275,1993-07-07,Rookie of the Year,6.174,380
7933,11598,0.9855,1977-08-10,The Kentucky Fried Movie,6.174,353
7934,11353,6.6964,1999-08-12,Bowfinger,6.174,926
7935,8916,7.2859,1998-10-02,Antz,6.174,4672
7936,87496,2.9321,2012-12-20,The Company You Keep,6.173,769
7937,49013,10.1158,2011-06-11,Cars 2,6.173,8367
7938,19004,0.785,1995-03-16,The Land Before Time III: The Time of the Great Giving,6.173,404
7939,11917,6.8681,2008-10-23,Saw V,6.173,3751
7940,19004,0.785,1995-03-16,The Land Before Time III: The Time of the Great Giving,6.173,404
7941,11917,6.8681,2008-10-23,Saw V,6.173,3751
7942,9899,1.0383,2005-12-25,The Producers,6.173,506
7943,680593,1.5694,2020-04-16,The Dark and the Wicked,6.2,521
7944,18781,2.0276,2009-03-27,The Haunting in Connecticut,6.172,1176
7945,11286,2.6693,1981-06-19,The Cannonball Run,6.172,682
7946,10523,4.2617,2008-10-17,W.,6.172,673
7947,331,0.4879,2001-07-18,Jurassic Park III,6.172,7729
7948,860623,2.1615,2021-03-30,Last Man Down,6.171,738
7949,597433,11.1422,2021-08-04,Beckett,6.171,717
7950,411143,1.4879,2018-06-29,Tau,6.171,1346
7951,338947,3.1532,2022-09-28,Hellraiser,6.171,978
7952,309886,15.0856,2016-08-11,Blood Father,6.171,1636
7953,184345,6.0244,2014-04-17,A Haunted House 2,6.2,1563
7954,157825,1.1169,2014-10-15,White Bird in a Blizzard,6.2,749
7955,77930,9.3588,2012-06-28,Magic Mike,6.171,3061
7956,12262,1.3998,1977-07-22,The Hills Have Eyes,6.171,980
7957,11357,5.2707,1988-10-21,Halloween 4: The Return of Michael Myers,6.171,2031
7958,750253,6.7182,2021-09-23,My Son,6.17,505
7959,516632,2.2687,2020-10-22,The Empty Man,6.17,970
7960,75638,3.7285,2012-03-02,Red Lights,6.17,1363
7961,63493,1.4274,2011-05-06,The Ledge,6.17,380
7962,47533,1.4432,2010-10-16,Scooby-Doo! Curse of the Lake Monster,6.17,526
7963,10632,2.2769,2003-03-11,The Hunted,6.17,893
7964,848791,3.0652,2022-10-06,The Stranger,6.169,400
7965,126889,8.5503,2017-05-09,Alien: Covenant,6.169,9272
7966,11896,3.0945,1987-12-11,Throw Momma from the Train,6.169,628
7967,9968,0.8804,2005-10-27,The Big White,6.169,319
7968,1059064,22.8954,2024-08-02,The Instigators,6.168,579
7969,472269,10.6019,2018-10-26,Possum,6.168,310
7970,399031,0.9243,2017-06-21,Happy End,6.2,425
7971,253835,0.1073,2009-07-28,Los Bandoleros,6.168,377
7972,20701,1.1394,1990-05-03,Tales from the Darkside: The Movie,6.167,418
7973,859235,0.9026,2023-09-15,Coup de Chance,6.165,425
7974,446807,2.9926,2018-10-25,The Girl in the Spider's Web,6.165,1483
7975,58431,4.2648,2016-02-04,Pride and Prejudice and Zombies,6.2,2273
7976,10025,2.7026,2006-05-12,Just My Luck,6.165,1990
7977,663,13.1944,2007-10-25,Saw IV,6.165,4043
7978,13492,2.5184,2007-07-01,Frontier(s),6.164,785
7979,11892,4.3836,2002-04-19,Murder by Numbers,6.164,1143
7980,11892,4.3836,2002-04-19,Murder by Numbers,6.164,1143
7981,11351,3.6597,2003-08-08,Jeepers Creepers 2,6.164,1772
7982,9039,5.5896,2002-09-20,Trapped,6.2,606
7983,1273,2.9024,2007-03-23,TMNT,6.164,1186
7984,13969,2.231,2004-09-24,First Daughter,6.163,991
7985,11355,1.9515,1999-04-09,Never Been Kissed,6.163,1561
7986,10345,1.4071,1989-04-28,K-9,6.2,1032
7987,5971,0.9321,1989-06-02,We're No Angels,6.163,536
7988,1688,2.0862,1972-06-29,Conquest of the Planet of the Apes,6.163,1054
7989,532671,2.5305,2019-02-06,The Prodigy,6.162,1050
7990,102362,2.1649,2013-03-08,Dead Man Down,6.162,1526
7991,13387,11.5307,2008-11-26,Transporter 3,6.162,3601
7992,9103,3.3069,1996-04-19,The Quest,6.162,777
7993,8078,15.6196,1997-11-12,Alien Resurrection,6.162,5447
7994,1809,3.8856,2002-10-11,The Rules of Attraction,6.162,592
7995,829410,10.5494,2022-09-11,Sick,6.161,329
7996,199928,13.1669,2018-03-09,The Outsider,6.2,683
7997,340481,3.7145,2016-10-05,The Unknown Girl,6.16,422
7998,178915,0.4088,2013-03-21,Welcome Mr. President!,6.16,700
7999,531509,2.3001,2019-08-13,Otherhood,6.159,462
8000,45658,0.9918,2011-05-13,Everything Must Go,6.159,654
8001,13595,1.4694,1994-08-05,Airheads,6.159,798
8002,10589,1.9899,2004-11-12,After the Sunset,6.159,840
8003,10202,3.6398,2008-12-24,Bedtime Stories,6.159,2941
8004,9889,17.8309,2001-11-01,Shallow Hal,6.2,3086
8005,9641,2.7161,2005-12-21,Cheaper by the Dozen 2,6.16,2074
8006,9506,16.5613,2003-04-11,Anger Management,6.159,3374
8007,891699,5.7742,2023-11-30,Silent Night,6.158,914
8008,464737,0.7568,2017-08-14,The End?,6.158,386
8009,324807,1.893,2015-11-26,A Bigger Splash,6.157,842
8010,263341,8.0073,2016-02-18,"Crouching Tiger, Hidden Dragon: Sword of Destiny",6.157,708
8011,157829,0.7862,2014-05-14,The Disappearance of Eleanor Rigby: Them,6.157,305
8012,27374,2.1601,2009-07-30,Lake Mungo,6.157,662
8013,59570,0.7593,2011-03-18,Escort in Love,6.156,640
8014,10781,6.2376,2006-10-05,The Texas Chainsaw Massacre: The Beginning,6.156,1914
8015,10489,13.661,1983-08-10,Cujo,6.156,1110
8016,8247,9.1112,2008-02-13,Jumper,6.156,6126
8017,2577,1.6574,2003-09-02,Code 46,6.156,390
8018,286565,2.3791,2015-06-18,Paper Towns,6.155,5155
8019,13926,0.6742,1987-07-10,Red's Dream,6.155,354
8020,11323,4.7861,2009-09-18,The Informant!,6.155,961
8021,11025,1.4574,2004-05-07,New York Minute,6.155,928
8022,10468,1.6481,2000-04-06,28 Days,6.155,1066
8023,9257,3.7982,2003-08-08,S.W.A.T.,6.155,2657
8024,4722,1.9929,1993-06-09,Body Snatchers,6.155,458
8025,692,1.4503,1972-03-17,Pink Flamingos,6.155,548
8026,15413,1.3468,1991-06-07,Don't Tell Mom the Babysitter's Dead,6.2,472
8027,13673,4.812,2004-11-24,Christmas with the Kranks,6.154,1286
8028,823625,21.6858,2022-02-10,Blacklight,6.153,1233
8029,272435,5.3953,2014-09-10,Gemma Bovery,6.153,344
8030,49520,4.1128,2011-08-05,The Change-Up,6.2,2921
8031,11234,0.9833,1971-08-01,The Omega Man,6.2,600
8032,335796,3.0576,2016-10-20,Ouija: Origin of Evil,6.152,2592
8033,29095,2.221,1988-06-17,Waxwork,6.152,328
8034,10425,1.6319,2007-07-23,The Death and Life of Bobby Z,6.152,397
8035,10070,1.6818,2005-10-14,Feast,6.152,597
8036,1620,4.5184,2007-11-21,Hitman,6.152,3592
8037,55779,5.7226,2011-08-12,Final Destination 5,6.151,4006
8038,18360,8.7207,2009-05-20,Night at the Museum: Battle of the Smithsonian,6.151,7207
8039,9457,5.6877,1998-01-30,Deep Rising,6.151,794
8040,509585,1.3981,2019-12-26,7500,6.15,909
8041,258284,0.9883,2014-04-20,Every Secret Thing,6.15,353
8042,14819,1.4916,1995-02-17,Heavyweights,6.15,409
8043,668195,0.3185,2020-03-09,Ultras,6.149,426
8044,22327,1.2496,2009-09-11,Youth in Revolt,6.149,966
8045,991708,1.2016,2023-09-07,El Conde,6.148,337
8046,520023,2.511,2022-08-05,Bodies Bodies Bodies,6.148,1407
8047,59968,1.2015,2011-08-26,Our Idiot Brother,6.148,1013
8048,11077,19.0348,1990-07-27,Problem Child,6.148,903
8049,9286,5.7641,2006-02-09,Final Destination 3,6.148,4483
8050,23830,2.4527,2010-11-05,Last Night,6.147,803
8051,23049,1.3068,2009-06-05,My Life in Ruins,6.147,432
8052,15648,1.4797,2005-06-17,The Perfect Man,6.147,808
8053,11707,3.2984,1984-08-17,Tightrope,6.147,375
8054,10832,0.7929,2006-07-19,Them,6.147,583
8055,9709,1.1233,2005-05-05,My Summer of Love,6.1,310
8056,9280,2.1637,2002-04-30,Femme Fatale,6.147,640
8057,264999,1.9106,2015-07-01,Magic Mike XXL,6.146,1848
8058,10836,1.8833,2001-10-12,Dagon,6.1,461
8059,1685,2.3696,1970-04-23,Beneath the Planet of the Apes,6.146,1436
8060,347126,1.4511,2016-04-01,God's Not Dead 2,6.1,418
8061,336004,4.0592,2015-11-13,Heist,6.145,980
8062,299847,0.5716,2014-10-30,Happily Mixed Up,6.145,348
8063,72545,4.385,2012-01-19,Journey 2: The Mysterious Island,6.145,4461
8064,11384,1.3855,1991-03-08,The Hard Way,6.1,467
8065,10869,1.5355,1974-02-12,Herbie Rides Again,6.1,431
8066,2058,0.7686,1997-05-23,Addicted to Love,6.145,437
8067,367147,0.669,2017-05-28,Buster's Mal Heart,6.144,305
8068,94562,0.5431,2012-03-14,Turkish for Beginners,6.1,378
8069,38543,4.8131,2011-03-03,Ironclad,6.1,789
8070,25642,2.0296,2009-11-15,Ben 10: Alien Swarm,6.144,368
8071,12180,2.9787,2008-08-05,Star Wars: The Clone Wars,6.144,2167
8072,10739,1.0218,2003-08-27,Anything Else,6.144,651
8073,9874,16.0551,1986-01-01,Cobra,6.144,1903
8074,531309,5.9317,2019-05-09,Brightburn,6.143,3402
8075,492353,0.6586,2018-03-15,Put Grandma in the Freezer,6.143,716
8076,225565,1.7768,2014-01-29,That Awkward Moment,6.143,2711
8077,13282,2.1317,1975-04-30,Death Race 2000,6.143,539
8078,8592,2.9911,1990-04-05,Dick Tracy,6.1,1014
8079,6963,1.5686,2005-10-20,The Weather Man,6.143,1057
8080,8592,2.9911,1990-04-05,Dick Tracy,6.1,1014
8081,6963,1.5686,2005-10-20,The Weather Man,6.143,1057
8082,5689,10.5724,1980-07-05,The Blue Lagoon,6.143,1982
8083,408439,0.9587,2016-10-07,Hounds of Love,6.142,365
8084,109418,7.8449,2013-07-11,Grown Ups 2,6.142,4591
8085,97370,3.784,2014-03-14,Under the Skin,6.142,3728
8086,31359,0.9628,2001-02-07,Would I Lie to You? 2,6.142,409
8087,13455,2.8825,2009-02-04,Push,6.142,2390
8088,403587,0.4961,1985-10-31,Return,6.141,2698
8089,272548,1.555,2015-03-14,Moonwalkers,6.141,384
8090,13186,7.3117,2007-08-25,Wrong Turn 2: Dead End,6.141,1507
8091,1852,1.6583,2006-08-09,World Trade Center,6.141,1775
8092,387592,1.9846,2018-01-26,Early Man,6.14,862
8093,65086,3.0252,2012-02-03,The Woman in Black,6.14,3621
8094,15417,1.3503,1978-12-16,Every Which Way but Loose,6.14,492
8095,955,9.335,2000-05-24,Mission: Impossible II,6.14,7440
8096,660982,5.8285,2020-10-06,American Pie Presents: Girls' Rules,6.139,692
8097,109443,2.6262,2013-12-18,Anchorman 2: The Legend Continues,6.139,2759
8098,79433,1.423,2011-09-27,Ronal the Barbarian,6.139,314
8099,10972,1.5014,2001-08-10,Session 9,6.139,997
8100,674607,0.8086,2020-02-27,The Decline,6.138,438
8101,306943,1.6885,2017-04-14,The Outcasts,6.138,505
8102,6038,2.8007,2003-02-06,Shanghai Knights,6.138,2402
8103,589984,0.8127,2019-09-04,A Very Bad Friend,6.137,306
8104,391714,4.0819,2018-01-19,On Chesil Beach,6.1,383
8105,19959,3.4787,2009-09-24,Surrogates,6.137,3370
8106,10908,2.1695,1999-09-25,Inferno,6.137,347
8107,113148,13.4237,2013-02-13,Prince Avalanche,6.136,331
8108,44603,7.9398,2010-10-22,Hereafter,6.136,1786
8109,14817,2.4741,1997-07-25,Good Burger,6.136,561
8110,10199,2.4248,2008-12-18,The Tale of Despereaux,6.136,993
8111,9729,1.0135,2005-10-07,Where the Truth Lies,6.136,309
8112,937249,8.1726,2023-09-29,57 Seconds,6.135,614
8113,881209,1.0867,2023-07-23,Happiness for Beginners,6.135,304
8114,582596,2.2404,2020-05-13,The Wrong Missy,6.135,1249
8115,27022,4.1856,2010-07-13,The Sorcerer's Apprentice,6.135,5201
8116,4599,1.3572,2004-05-27,Raising Helen,6.1,684
8117,454293,5.2415,2018-09-27,Night School,6.134,1748
8118,424121,2.6363,2018-09-21,Apostle,6.134,1546
8119,51447,1.8321,2010-11-10,Trophy Wife,6.1,381
8120,20187,1.4517,1975-05-21,The Eiger Sanction,6.134,439
8121,11983,1.741,2000-12-08,Proof of Life,6.134,844
8122,7303,2.6197,2002-12-13,Maid in Manhattan,6.1,2031
8123,5516,2.4193,2004-03-25,The Ladykillers,6.134,1709
8124,978796,3.1269,2024-09-20,Bagman,6.1,418
8125,22172,1.0694,1987-02-22,Street Trash,6.133,327
8126,1032950,0.7001,2022-10-26,Hellhole,6.132,371
8127,47971,10.1078,2017-01-13,xXx: Return of Xander Cage,6.132,9180
8128,14709,2.5633,1999-01-15,Varsity Blues,6.132,454
8129,10407,1.4669,1992-06-12,Housesitter,6.1,457
8130,659067,0.9386,2020-04-17,Earth and Blood,6.131,301
8131,25602,1.9365,2009-10-22,Ninja,6.131,394
8132,13532,2.52,2009-02-06,Fanboys,6.131,878
8133,708577,0.2362,2021-08-14,Like a Cat on a Highway 2,6.13,362
8134,208134,1.7695,2013-10-22,Jackass Presents: Bad Grandpa,6.13,1645
8135,10929,2.5305,2003-03-14,Willard,6.1,359
8136,4965,1.6471,2001-12-03,Impostor,6.1,455
8137,807339,18.648,2024-09-20,Apartment 7A,6.129,377
8138,471014,4.0821,2017-10-20,Wheelman,6.1,669
8139,272692,0.962,2014-08-14,The Possession of Michael King,6.129,426
8140,190955,2.0132,2013-08-22,Blood Ties,6.129,492
8141,10796,4.3575,2001-11-02,The One,6.129,1693
8142,8067,0.9254,1997-10-24,A Life Less Ordinary,6.129,485
8143,7342,4.1579,2002-11-04,Carrie,6.129,546
8144,2057,4.0543,2001-05-08,Original Sin,6.129,885
8145,417644,11.6102,2017-03-23,CHiPs,6.128,1365
8146,48171,4.9696,2011-01-28,The Rite,6.128,2202
8147,11932,4.0473,1998-10-15,Bride of Chucky,6.128,2078
8148,9730,5.6646,1984-04-13,Friday the 13th: The Final Chapter,6.128,1473
8149,1045770,0.7404,2024-02-07,Daaaaaalí!,6.127,311
8150,157820,0.9845,2013-01-10,Mood Indigo,6.127,646
8151,12526,1.7238,2007-02-21,Bug,6.1,597
8152,115782,2.4984,2013-08-15,Jobs,6.126,2564
8153,29514,1.5583,1990-01-25,Two Evil Eyes,6.126,325
8154,28211,10.6569,2010-02-25,Chloe,6.126,1834
8155,10395,2.1155,1994-06-17,Wolf,6.126,989
8156,1644,1.2866,1993-02-05,The Vanishing,6.126,542
8157,1043905,4.9303,2024-12-11,Dirty Angels,6.125,364
8158,1033148,13.7181,2025-10-06,Die My Love,6.125,421
8159,569814,0.5342,2019-01-17,Rebels,6.1,336
8160,419704,2.3267,2019-09-17,Ad Astra,6.125,7100
8161,369894,1.925,2017-05-19,Wakefield,6.125,443
8162,268896,11.9127,2018-03-21,Pacific Rim: Uprising,6.125,5251
8163,13944,20.9172,2008-09-26,Passengers,6.125,972
8164,10153,2.3426,1998-02-13,Sphere,6.125,1773
8165,426814,1.1427,2018-06-28,The Domestics,6.1,500
8166,41664,0.4683,1988-12-22,Fantozzi Retires,6.124,391
8167,34806,1.9392,2010-04-23,The Back-Up Plan,6.124,1472
8168,12412,1.3329,2008-09-15,Miracle at St. Anna,6.1,390
8169,10665,3.4486,2008-05-29,The Strangers,6.124,2622
8170,518158,1.5042,2018-12-11,Leprechaun Returns,6.123,656
8171,232572,1.4158,2015-09-02,A Walk in the Woods,6.123,759
8172,137094,3.8368,2014-01-15,Jack Ryan: Shadow Recruit,6.123,3028
8173,1738,6.5597,2007-04-25,Next,6.123,3195
8174,192132,4.5827,2014-05-09,Palo Alto,6.122,905
8175,9395,2.1851,1988-04-08,Above the Law,6.122,768
8176,643532,1.7723,2021-09-03,The Card Counter,6.121,1060
8177,613080,0.5694,2019-12-12,Once Upon a Time in Bethlehem,6.121,514
8178,291356,1.3218,2016-10-21,In a Valley of Violence,6.1,618
8179,244264,1.2138,2014-09-25,Laggies,6.121,1169
8180,127867,0.8803,2012-09-08,The Brass Teapot,6.1,509
8181,8989,1.5736,1987-06-05,Harry and the Hendersons,6.121,718
8182,382593,0.8422,2016-12-07,Divorce French Style,6.12,620
8183,335777,2.354,2017-08-11,The Nut Job 2: Nutty by Nature,6.12,456
8184,134411,10.8179,2013-02-21,Snitch,6.12,2454
8185,121936,1.1969,2012-06-27,Happiness Never Comes Alone,6.12,434
8186,57201,3.4844,2013-07-03,The Lone Ranger,6.12,6088
8187,12157,13.5655,1990-12-23,Green Card,6.12,529
8188,10533,1.4076,1995-10-13,The Scarlet Letter,6.12,510
8189,10065,3.2356,2005-04-14,The Amityville Horror,6.1,2315
8190,1656,6.343,2005-10-24,The Legend of Zorro,6.12,3045
8191,11228,15.9826,1996-12-06,Daylight,6.119,1656
8192,10641,1.4919,2000-08-11,Autumn in New York,6.119,752
8193,38327,0.4031,2006-03-10,My Best Enemy,6.118,304
8194,15577,1.4444,2009-02-10,Crossing Over,6.1,398
8195,2269,1.2956,2006-01-01,Day Watch,6.118,587
8196,283601,1.0718,2018-10-10,Galveston,6.117,536
8197,81393,0.6723,2011-12-11,12 Dates of Christmas,6.117,307
8198,13757,16.3667,1948-05-27,Melody Time,6.117,338
8199,9955,2.7863,2007-03-30,Blades of Glory,6.117,1870
8200,9955,2.7863,2007-03-30,Blades of Glory,6.117,1870
8201,4970,5.2355,2003-11-21,Gothika,6.117,2444
8202,1069905,4.1551,2025-11-14,Jay Kelly,6.116,372
8203,301875,7.2215,2015-07-15,Equals,6.116,1430
8204,111190,5.1262,2013-04-03,Adore,6.116,1019
8205,77944,1.9999,2011-10-27,The Worst Week of My Life,6.116,452
8206,14362,6.3253,1991-04-12,Out for Justice,6.116,485
8207,10013,1.7348,1986-10-10,Peggy Sue Got Married,6.1,641
8208,1140535,4.6561,2025-01-17,Presence,6.115,688
8209,474764,1.8063,2020-01-16,The Lodge,6.115,1373
8210,438347,0.6954,2017-04-26,Wedding Unplanned,6.115,478
8211,53182,5.5438,2014-03-05,300: Rise of an Empire,6.115,6867
8212,27621,0.9416,2008-08-22,The Cheetah Girls: One World,6.1,340
8213,9610,3.0627,1984-06-29,Conan the Destroyer,6.115,1616
8214,333381,3.0549,2015-05-31,Return to Sender,6.114,1254
8215,278154,5.5366,2016-06-23,Ice Age: Collision Course,6.114,4822
8216,166271,1.3008,2013-10-17,Haunter,6.114,631
8217,31578,3.4592,1993-08-08,Body Bags,6.114,370
8218,17927,2.6524,2009-02-20,Fired Up!,6.114,682
8219,11557,5.3424,1985-06-28,St. Elmo's Fire,6.114,581
8220,13570,0.8543,1979-03-14,Tourist Trap,6.11,333
8221,2185,1.447,2002-04-05,Big Trouble,6.114,317
8222,520946,4.3533,2020-06-26,100% Wolf,6.113,332
8223,333381,3.0549,2015-05-31,Return to Sender,6.114,1254
8224,283378,5.7405,2016-11-10,Fallen,6.113,1655
8225,14013,1.343,1998-07-28,BASEketball,6.113,634
8226,10562,1.6866,2000-08-24,Under Suspicion,6.113,514
8227,10359,1.0498,1999-06-05,Resurrection,6.113,300
8228,8675,1.2712,1998-07-02,Orgazmo,6.113,470
8229,59108,2.0298,2011-11-02,Tower Heist,6.112,3128
8230,18519,1.1168,1997-08-06,Free Willy 3: The Rescue,6.105,365
8231,606876,2.0494,2020-10-01,Rifkin’s Festival,6.111,460
8232,593402,0.4529,2020-01-01,Tolo Tolo,6.1,1299
8233,473149,1.0736,2018-04-20,Traffik,6.111,473
8234,317744,1.5799,2015-05-06,Careful What You Wish For,6.111,425
8235,21972,2.2366,2002-07-03,Like Mike,6.1,562
8236,14128,7.5291,2002-02-23,Cinderella II: Dreams Come True,6.1,1519
8237,10833,2.1329,2001-03-23,Heartbreakers,6.111,969
8238,9029,2.7248,2008-05-07,What Happens in Vegas,6.111,3236
8239,7520,2.848,1988-07-29,Cocktail,6.111,1588
8240,507143,2.0336,2018-04-27,Candy Jar,6.11,482
8241,410199,2.3061,2016-09-16,ARQ,6.11,1267
8242,274855,5.7635,2017-10-12,Geostorm,6.11,5078
8243,60672,1.9299,2004-02-18,Crimson Rivers II: Angels of the Apocalypse,6.109,756
8244,37861,2.0464,2009-09-04,Valhalla Rising,6.109,1299
8245,11858,1.0189,1994-06-03,Renaissance Man,6.109,311
8246,8409,1.9893,2003-04-04,A Man Apart,6.1,943
8247,576156,5.5346,2020-05-22,The Lovebirds,6.108,726
8248,487680,5.2862,2019-08-08,The Kitchen,6.108,719
8249,11123,3.1958,1974-11-15,Earthquake,6.108,351
8250,10623,3.7895,2003-02-28,Cradle 2 the Grave,6.108,992
8251,9293,3.4385,2006-07-27,John Tucker Must Die,6.1,1445
8252,254904,2.4028,2014-08-27,The November Man,6.1,1576
8253,10068,3.6722,1986-02-09,Nine 1/2 Weeks,6.107,1096
8254,4806,2.7075,1999-07-30,Runaway Bride,6.1,2140
8255,739990,2.4507,2021-09-15,Nightbooks,6.106,409
8256,427900,1.3349,2017-09-07,Home Again,6.1,1231
8257,315837,9.8967,2017-03-29,Ghost in the Shell,6.106,8450
8258,93837,2.5423,2012-12-06,So Undercover,6.106,1151
8259,35056,4.0593,2010-04-08,Date Night,6.106,3010
8260,611213,3.2286,2020-12-02,The Prom,6.105,705
8261,590995,2.0774,2020-10-28,The Craft: Legacy,6.105,881
8262,516850,1.2401,2018-07-12,The Mermaid: Lake of the Dead,6.1,348
8263,319341,1.2678,2015-02-04,Daddy or Mommy,6.105,1069
8264,18519,1.1168,1997-08-06,Free Willy 3: The Rescue,6.105,365
8265,13927,0.7202,1988-08-01,Tin Toy,6.105,487
8266,192102,15.165,2014-02-14,3 Days to Kill,6.104,2285
8267,21788,0.7223,2008-12-17,Trouble at Timpetill,6.104,389
8268,6520,4.4763,1995-07-07,First Knight,6.104,1315
8269,6076,2.6661,2007-12-01,Rabbit Without Ears,6.104,398
8270,843794,1.4303,2023-01-12,JUNG_E,6.103,659
8271,262504,4.0607,2016-03-09,Allegiant,6.103,6902
8272,242022,0.7547,2014-08-06,The Inbetweeners 2,6.103,525
8273,152748,0.9896,2013-07-03,Ain't Them Bodies Saints,6.103,453
8274,10720,5.5425,2003-05-08,Down with Love,6.1,774
8275,539181,1.986,2020-07-03,Relic,6.102,809
8276,442062,2.6915,2018-10-11,Goosebumps 2: Haunted Halloween,6.102,1607
8277,9642,1.5999,2006-04-12,Asterix and the Vikings,6.1,746
8278,578908,1.134,2021-03-25,Bad Trip,6.101,571
8279,218784,1.4586,2015-10-30,Freaks of Nature,6.101,600
8280,228165,4.7599,2015-01-28,The SpongeBob Movie: Sponge Out of Water,6.101,2493
8281,218784,1.4586,2015-10-30,Freaks of Nature,6.101,600
8282,182127,0.183,2013-03-22,Ip Man: The Final Fight,6.1,414
8283,80271,2.8811,2012-02-10,LOL,6.101,2739
8284,9397,15.0263,2001-06-08,Evolution,6.1,2422
8285,713364,5.9431,2025-05-02,Clown in a Cornfield,6.1,474
8286,425505,2.3492,2018-08-29,Kin,6.1,872
8287,72358,1.7318,2012-03-07,A Thousand Words,6.1,1384
8288,64807,2.1748,2013-12-25,Grudge Match,6.1,1344
8289,14636,1.8916,2007-04-27,The Condemned,6.1,852
8290,10173,6.7759,1990-10-05,Marked for Death,6.1,576
8291,10003,3.1343,1997-04-03,The Saint,6.1,1212
8292,84348,1.6823,2012-07-28,V/H/S,6.099,1681
8293,53459,0.69,2010-09-07,F,6.099,317
8294,10442,5.0238,1993-07-30,So I Married an Axe Murderer,6.099,464
8295,437670,1.2684,2017-10-26,Suck Me Shakespeer 3,6.098,489
8296,295830,2.8798,2015-08-01,Attack on Titan,6.096,814
8297,173897,0.4477,2016-12-23,Resident Evil: The Final Chapter,6.098,3414
8298,43930,1.2701,2010-08-08,"Tomorrow, When the War Began",6.096,542
8299,44040,2.3052,2010-09-16,Devil,6.098,3054
8300,133790,1.721,2013-08-10,Clear History,6.1,349
8301,114750,0.5272,2014-10-17,Dear White People,6.1,472
8302,62213,6.816,2012-05-09,Dark Shadows,6.096,7543
8303,60304,6.108,2013-01-17,Hansel & Gretel: Witch Hunters,6.096,7027
8304,43930,1.2701,2010-08-08,"Tomorrow, When the War Began",6.096,542
8305,33909,4.612,2010-09-20,Wall Street: Money Never Sleeps,6.096,1652
8306,10208,3.7294,1999-07-14,Muppets from Space,6.096,356
8307,9637,6.787,2002-06-14,Scooby-Doo,6.096,4710
8308,545237,2.64,2020-05-08,The Nest,6.1,372
8309,395814,5.9121,2017-09-08,Rememory,6.1,459
8310,283726,1.24,2014-10-11,The New Girlfriend,6.094,313
8311,51588,1.7521,2011-04-29,Prom,6.1,466
8312,1010928,2.678,2023-11-01,Wingwomen,6.093,499
8313,507441,1.7636,2020-03-06,Sea Fever,6.093,611
8314,496743,4.1489,2019-02-01,Aniara,6.093,421
8315,261392,5.6803,2015-08-19,American Ultra,6.1,2916
8316,76544,4.2299,2013-07-04,Man of Tai Chi,6.093,975
8317,60803,0.8171,2011-03-25,The Suite Life Movie,6.093,529
8318,40342,1.1706,1986-10-09,Demons 2,6.1,312
8319,37652,1.526,1997-01-29,Didier,6.093,642
8320,40342,1.1706,1986-10-09,Demons 2,6.1,312
8321,37652,1.526,1997-01-29,Didier,6.093,642
8322,641501,0.9364,2020-11-19,How I Became a Superhero,6.1,547
8323,593395,1.7402,2021-12-16,Diabolik,6.092,618
8324,296100,1.174,2015-11-20,The Night Before,6.092,1799
8325,33518,20.3306,1980-11-14,Alligator,6.1,373
8326,10351,6.6048,1997-09-19,Wishmaster,6.092,686
8327,399796,1.6005,2018-05-10,Life of the Party,6.091,1042
8328,278774,1.5694,2014-06-27,Zapped,6.091,633
8329,11024,4.743,2004-03-24,Scooby-Doo 2: Monsters Unleashed,6.091,2878
8330,10606,7.2488,1984-10-05,The Philadelphia Experiment,6.091,434
8331,331313,1.786,2016-10-20,Keeping Up with the Joneses,6.09,2119
8332,10945,2.3018,1986-10-09,Jumpin' Jack Flash,6.09,385
8333,928381,5.769,2022-02-25,Restless,6.091,410
8334,16084,1.4315,1976-12-17,Freaky Friday,6.089,303
8335,38073,1.3318,2010-08-27,Going the Distance,6.088,764
8336,9546,1.2444,1991-10-04,Ricochet,6.1,353
8337,1613,1.9364,2001-12-07,The 51st State,6.088,657
8338,609972,2.6928,2021-10-29,Paranormal Activity: Next of Kin,6.087,746
8339,575417,1.3524,2020-10-02,On the Rocks,6.087,771
8340,157834,1.3747,2013-09-20,The Zero Theorem,6.087,1308
8341,88751,3.2933,2008-07-10,Journey to the Center of the Earth,6.087,5078
8342,15657,2.3416,2005-06-13,Tarzan II,6.1,1222
8343,780609,3.4509,2022-05-20,Men,6.086,1302
8344,426543,2.8015,2018-10-26,The Nutcracker and the Four Realms,6.086,2224
8345,421658,2.9366,2018-09-07,Final Score,6.1,557
8346,14240,1.2605,1988-05-13,Maniac Cop,6.1,521
8347,1249,2.0899,2006-08-31,Hollywoodland,6.086,440
8348,451955,4.4658,2017-05-26,Double Lover,6.085,566
8349,9946,3.9423,1999-11-24,End of Days,6.085,1998
8350,814889,3.0667,2024-09-18,Never Let Go,6.1,555
8351,514593,4.5394,2020-06-18,You Should Have Left,6.084,955
8352,340102,7.5948,2020-04-02,The New Mutants,6.084,3652
8353,339846,6.6221,2017-05-25,Baywatch,6.084,8429
8354,284296,1.1627,2014-12-12,Top Five,6.084,491
8355,262841,5.1731,2016-12-21,Monster Trucks,6.084,907
8356,24099,1.3637,1984-08-15,Dreamscape,6.084,310
8357,12589,3.806,2001-12-14,Jimmy Neutron: Boy Genius,6.084,979
8358,84204,2.268,2012-08-10,Grabbers,6.083,503
8359,70577,1.0427,2011-10-25,Faces in the Crowd,6.083,514
8360,84204,2.268,2012-08-10,Grabbers,6.083,503
8361,70577,1.0427,2011-10-25,Faces in the Crowd,6.083,514
8362,8873,1.8988,1993-12-10,Wayne's World 2,6.083,1137
8363,4967,1.1645,2000-04-14,Keeping the Faith,6.1,653
8364,39210,3.8737,2010-09-03,Somewhere,6.082,794
8365,13973,0.9398,2008-09-26,Choke,6.082,428
8366,6466,4.2405,2003-08-15,Freddy vs. Jason,6.082,2777
8367,534,8.9943,2009-05-20,Terminator Salvation,6.082,6911
8368,404733,2.058,2017-06-16,Overdrive,6.1,992
8369,201086,0.7444,2014-02-14,Cuban Fury,6.081,338
8370,7288,3.1095,2003-09-26,Duplex,6.082,1764
8371,3563,6.9326,2007-07-12,I Now Pronounce You Chuck & Larry,6.1,2488
8372,1636,3.2767,2000-10-19,Bedazzled,6.081,2055
8373,428045,3.2896,2019-08-16,Iron Mask,6.1,534
8374,43209,1.9649,2010-05-05,Ong Bak 3,6.08,480
8375,29425,1.2664,1973-03-16,The Crazies,6.1,400
8376,11979,1.9795,2002-02-10,Queen of the Damned,6.08,1146
8377,10157,6.338,1985-03-28,Police Academy 2: Their First Assignment,6.08,1691
8378,9268,5.2956,1996-06-21,Eraser,6.08,1976
8379,2665,4.5263,1982-12-10,Airplane II: The Sequel,6.08,1231
8380,820912,1.4744,2022-07-01,Persuasion,6.079,645
8381,461928,0.8017,2018-11-30,Anna and the Apocalypse,6.1,432
8382,50204,1.2669,2010-10-29,Burke & Hare,6.079,503
8383,492355,3.06,2018-03-29,Just Believe,6.078,354
8384,15092,4.2419,2009-04-16,Crank: High Voltage,6.078,3086
8385,8130,1.6504,1985-03-29,Desperately Seeking Susan,6.076,493
8386,2268,3.6533,2007-12-04,The Golden Compass,6.078,4770
8387,381518,1.021,2016-10-09,Mindhorn,6.077,313
8388,299054,18.4819,2023-09-15,Expend4bles,6.077,1821
8389,704239,11.0494,2024-08-15,The Union,6.076,1119
8390,370978,0.6506,2016-04-01,Kiki: Love to Love,6.1,376
8391,295151,2.9568,2019-11-08,Let It Snow,6.076,1206
8392,119283,7.3752,2013-01-23,Parker,6.076,3217
8393,14043,0.9754,2007-06-15,Nancy Drew,6.076,545
8394,20,1.742,2003-03-07,My Life Without Me,6.075,495
8395,740460,0.4292,2022-02-09,The Wannabes,6.074,331
8396,9415,1.5771,1997-04-18,Murder at 1600,6.074,569
8397,76640,4.0724,2013-01-12,The Last Stand,6.1,2927
8398,18890,1.2991,1993-11-24,We're Back! A Dinosaur's Story,6.073,434
8399,13937,4.6759,1992-08-07,Raising Cain,6.073,383
8400,8850,2.098,1994-07-01,The Shadow,6.073,555
8401,8818,12.7121,1996-12-14,Evita,6.073,501
8402,296360,23.856,2016-05-26,Love & Friendship,6.071,582
8403,4961,1.9933,1997-08-22,Mimic,6.071,1202
8404,979924,2.662,2022-10-31,On the Line,6.07,560
8405,787298,0.7587,2021-02-11,Squared Love,6.1,329
8406,406761,1.8596,2018-06-07,Hotel Artemis,6.07,1651
8407,141052,7.8167,2017-11-15,Justice League,6.07,13531
8408,106021,4.4492,2012-08-23,Erased,6.07,779
8409,20106,0.5103,2003-06-04,Mais qui a tué Pamela Rose ?,6.07,343
8410,13252,2.9227,2007-09-11,Cleaner,6.07,899
8411,524247,2.1136,2019-05-03,The Intruder,6.069,611
8412,280002,6.1583,2014-08-25,The Remaining,6.069,488
8413,10170,1.3926,1990-12-21,The Russia House,6.072,319
8414,10022,6.8542,2005-03-04,The Pacifier,6.069,3212
8415,9066,1.1184,1995-02-16,The Brady Bunch Movie,6.1,306
8416,664469,4.0354,2022-09-27,Amsterdam,6.068,1778
8417,318922,0.8185,2015-11-06,Kill Your Friends,6.068,323
8418,8866,0.9354,1996-04-26,The Truth About Cats & Dogs,6.068,340
8419,52587,1.0422,2010-10-28,We Are the Night,6.067,307
8420,30974,1.0003,2009-06-24,High Lane,6.067,433
8421,11052,1.114,2004-08-13,Yu-Gi-Oh! The Movie,6.067,367
8422,10137,4.4617,1999-12-17,Stuart Little,6.067,4586
8423,548473,4.3339,2020-01-24,Color Out of Space,6.066,1632
8424,383709,1.0188,2017-10-13,Wonderstruck,6.066,424
8425,170354,0.3757,2013-02-09,The Unlikely Prince,6.066,663
8426,10396,1.6612,1988-12-02,Tequila Sunrise,6.066,557
8427,598133,1.2809,2020-07-01,The F**k-It List,6.065,504
8428,254194,1.1017,2014-07-29,Starry Eyes,6.065,495
8429,205588,1.284,2016-05-05,Our Kind of Traitor,6.065,602
8430,157353,14.523,2014-04-16,Transcendence,6.065,5725
8431,13997,1.2087,1996-02-01,Black Sheep,6.065,449
8432,809787,2.3004,2023-04-13,Mafia Mamma,6.064,303
8433,37786,3.144,2010-05-26,Sex and the City 2,6.1,1709
8434,31203,2.0361,2009-09-30,Little Nicholas,6.064,1157
8435,10424,1.0781,1992-11-06,Jennifer Eight,6.064,388
8436,5820,4.0862,2006-04-19,The Sentinel,6.1,885
8437,1956,3.9224,2002-09-20,Gerry,6.1,342
8438,10544,2.3778,2003-03-22,Ned Kelly,6.063,383
8439,10480,1.0404,2000-08-30,Nurse Betty,6.1,425
8440,4482,1.529,1995-01-18,French Twist,6.063,319
8441,574861,1.4929,2019-04-03,No Filter,6.062,308
8442,152760,6.611,2014-01-24,The Monuments Men,6.062,3766
8443,13975,1.7283,2009-04-15,In the Electric Mist,6.062,457
8444,12220,1.6134,1999-10-14,The Story of Us,6.1,349
8445,6917,1.3333,1987-04-21,The Gate,6.062,410
8446,56339,0.6564,2011-01-21,Whatsoeverly,6.061,537
8447,9279,4.8779,1996-11-21,Jingle All the Way,6.061,2891
8448,9208,3.2292,1996-02-09,Broken Arrow,6.061,1632
8449,605804,1.6172,2019-12-15,The Wretched,6.06,672
8450,457262,0.4657,2017-10-03,Rip Tide,6.06,456
8451,415132,1.8068,2016-11-23,Ares,6.06,350
8452,244610,0.6541,2013-12-12,The Den,6.1,376
8453,158990,0.6217,2013-12-18,Wrong Cops,6.06,324
8454,36670,5.2819,1983-10-07,Never Say Never Again,6.06,1571
8455,11099,1.1862,2004-10-15,The Final Cut,6.06,748
8456,41215,1.6678,2010-06-07,Black Death,6.1,942
8457,12110,2.6669,1995-12-22,Dracula: Dead and Loving It,6.059,1085
8458,934632,3.8514,2024-04-19,Rebel Moon - Part Two: The Scargiver,6.058,1417
8459,667216,2.7002,2023-01-27,Infinity Pool,6.058,988
8460,652004,2.7141,2020-10-23,The Wolf of Snow Hollow,6.058,492
8461,146229,0.9026,2014-08-07,Kristy,6.058,446
8462,10478,1.4459,1996-08-16,Tin Cup,6.1,571
8463,46503,1.7186,2010-12-03,All Good Things,6.057,970
8464,9455,1.1274,1999-03-12,The Corruptor,6.056,302
8465,417643,1.2585,2018-05-25,In Darkness,6.1,513
8466,216282,5.0663,2014-08-06,Into the Storm,6.055,2133
8467,48572,1.3875,2011-08-19,Red State,6.055,1020
8468,10128,1.6191,1988-10-07,Alien Nation,6.055,330
8469,901385,1.3085,2022-10-06,Significant Other,6.054,388
8470,344041,1.6254,2016-02-26,Standoff,6.054,333
8471,342521,1.3084,2016-04-29,Keanu,6.054,1118
8472,25769,2.0372,2009-09-04,Carriers,6.054,1472
8473,5852,1.5444,2001-05-18,Angel Eyes,6.054,464
8474,13700,5.4561,2004-04-02,Home on the Range,6.053,2131
8475,434203,1.6052,2017-11-03,Newness,6.052,621
8476,188161,4.0175,2014-05-22,A Million Ways to Die in the West,6.052,4332
8477,49953,2.1523,2010-08-04,A Turtle's Tale: Sammy's Adventures,6.1,678
8478,35791,0.3601,2010-09-01,Resident Evil: Afterlife,6.052,4126
8479,9910,1.269,2005-10-07,Two for the Money,6.052,706
8480,9085,12.9881,1989-11-17,Harlem Nights,6.052,338
8481,4283,2.4287,2007-01-12,Primeval,6.1,441
8482,2791,0.2945,2004-06-15,The Chronicles of Riddick: Dark Fury,6.052,337
8483,829051,1.5256,2023-05-25,About My Father,6.051,400
8484,419511,1.7719,2017-01-01,Mister Happiness,6.1,344
8485,335988,9.7876,2017-06-16,Transformers: The Last Knight,6.051,6621
8486,10663,2.6148,1998-11-06,The Waterboy,6.051,1970
8487,8324,0.8453,2006-11-17,Fast Food Nation,6.051,394
8488,671043,0.9689,2021-09-15,Spoiled Brats,6.05,593
8489,11428,2.6165,1992-04-10,Sleepwalkers,6.05,601
8490,9298,1.7174,2002-03-21,Ali G Indahouse,6.05,1464
8491,1901,1.5023,2004-12-29,In Good Company,6.05,675
8492,183,1.3463,1989-12-15,The Wizard,6.05,339
8493,785985,0.7868,2022-05-06,The Takedown,6.0,506
8494,37770,0.3274,1990-12-21,Fantozzi to the Rescue,6.049,356
8495,16342,3.5409,2008-12-05,The Children,6.049,409
8496,9893,1.6192,2004-07-09,Sleepover,6.0,516
8497,849,2.9303,1983-07-29,Krull,6.049,603
8498,567970,1.0266,2020-01-28,Lost Girls,6.048,749
8499,451184,1.0221,2020-01-29,Wasp Network,6.0,400
8500,143049,1.7703,2014-02-14,Adult World,6.048,387
8501,116811,0.8996,2012-08-30,Berberian Sound Studio,6.048,386
8502,13243,2.4538,2007-09-07,Meet Bill,6.0,353
8503,2212,1.6985,1997-01-31,Nightwatch,6.048,421
8504,345922,4.2148,2017-02-16,Fist Fight,6.0,1294
8505,308531,7.0394,2016-06-01,Teenage Mutant Ninja Turtles: Out of the Shadows,6.047,3743
8506,290999,0.4924,2014-09-19,Wyrmwood: Road of the Dead,6.047,493
8507,10724,4.1814,1982-06-18,Firefox,6.047,604
8508,10516,1.0933,1979-01-31,The Gendarme and the Creatures from Outer Space,6.047,654
8509,9644,1.5536,1993-02-04,National Lampoon's Loaded Weapon 1,6.047,781
8510,443319,1.0921,2017-04-21,Phoenix Forgotten,6.046,314
8511,316023,6.9187,2016-07-07,Mike and Dave Need Wedding Dates,6.046,2577
8512,81774,4.7057,1986-11-04,Exploits of a Young Don Juan,6.046,303
8513,12088,2.2247,1992-12-18,Fortress,6.0,716
8514,347984,1.1592,2017-07-09,6 Days,6.045,749
8515,133805,12.4609,2013-10-16,Carrie,6.045,4672
8516,458305,3.6043,2019-09-07,Vivarium,6.044,2435
8517,74944,0.587,2011-09-14,War of the Buttons,6.044,433
8518,23827,4.7834,2007-09-14,Paranormal Activity,6.044,5352
8519,23488,2.892,2009-09-09,Dorian Gray,6.044,2212
8520,7511,1.3087,2006-09-10,The Last Kiss,6.0,395
8521,183836,1.3451,2013-04-17,The Brats,6.043,551
8522,32293,1.1817,2003-08-15,The Cheetah Girls,6.043,488
8523,23048,3.5184,2010-03-26,Hot Tub Time Machine,6.043,2679
8524,15189,1.7747,2009-01-16,Hotel for Dogs,6.043,902
8525,14400,3.7591,2008-12-17,The Heir Apparent: Largo Winch,6.043,581
8526,840882,1.3752,2022-03-03,The Weekend Away,6.042,786
8527,508018,0.9077,2018-03-10,The Warning,6.0,383
8528,6623,2.6121,1997-09-26,The Peacemaker,6.042,1101
8529,1051896,8.1496,2024-04-12,Arcadian,6.041,808
8530,486070,0.6033,2018-01-11,Blessed Madness,6.041,394
8531,440918,1.0677,2019-04-12,Teen Spirit,6.0,353
8532,48340,2.1621,2011-02-03,Sanctum,6.041,1138
8533,15213,1.6271,2006-08-04,Everyone's Hero,6.0,333
8534,426238,1.1471,2017-08-25,Beach Rats,6.0,559
8535,37958,13.4459,2011-11-10,Immortals,6.04,2763
8536,13683,2.4351,2002-06-24,Tarzan & Jane,6.0,668
8537,1642,3.0029,1995-07-28,The Net,6.04,1482
8538,278924,7.237,2016-08-25,Mechanic: Resurrection,6.039,3588
8539,10186,2.1877,2008-08-20,The Rocker,6.039,621
8540,1252,1.6083,2006-04-30,Lonely Hearts,6.039,369
8541,429415,21.2608,2018-07-15,Extinction,6.038,1954
8542,398920,0.6077,2017-01-18,He Even Has Your Eyes,6.038,519
8543,278924,7.237,2016-08-25,Mechanic: Resurrection,6.039,3588
8544,11675,4.8561,1998-08-05,Halloween H20: 20 Years Later,6.0,1768
8545,10740,4.7599,2004-10-29,Birth,6.0,736
8546,616820,11.1022,2022-10-12,Halloween Ends,6.037,1975
8547,588001,0.6408,2019-03-16,Despite Everything,6.037,430
8548,77883,4.8686,2012-08-30,The Possession,6.036,1684
8549,32985,2.9515,2009-12-23,Solomon Kane,6.034,1496
8550,1051896,8.1496,2024-04-12,Arcadian,6.041,808
8551,549514,2.2531,2020-12-18,Fatale,6.0,373
8552,519106,6.5705,2018-10-06,The Trouble with You,6.036,470
8553,253235,1.2911,2014-07-10,And So It Goes,6.036,477
8554,103620,2.3915,2012-12-26,Maniac,6.036,1005
8555,24913,1.3331,1986-03-27,April Fool's Day,6.036,377
8556,9989,1.4839,2001-01-11,Antitrust,6.036,558
8557,4858,13.1464,2007-08-17,The Invasion,6.036,1653
8558,300681,1.9367,2018-10-25,Replicas,6.036,1461
8559,109491,5.3327,2013-02-13,Beautiful Creatures,6.034,2925
8560,579,4.9082,1978-06-16,Jaws 2,6.035,2085
8561,522406,13.9622,2020-10-08,Flashback,6.034,328
8562,490445,0.9172,2018-04-18,Dumped,6.034,378
8563,70821,0.6302,2011-11-10,Cyberbully,6.034,471
8564,58013,0.4758,2010-12-17,The Santa Claus Gang,6.034,1086
8565,11317,1.5434,1994-02-11,My Girl 2,6.03,525
8566,10411,1.2341,1992-12-04,The Distinguished Gentleman,6.034,319
8567,7501,1.6429,2001-11-30,Knockaround Guys,6.034,380
8568,701175,2.4761,2020-09-16,The Paramedic,6.033,677
8569,9449,4.142,1997-12-05,The Borrowers,6.033,512
8570,2539,9.1747,2004-12-17,Spanglish,6.033,1363
8571,522016,2.7909,2022-01-05,The 355,6.0,1111
8572,363126,15.9866,2017-04-20,Berlin Syndrome,6.032,681
8573,198287,1.2007,2013-07-06,After the Dark,6.032,718
8574,9416,1.6192,1997-08-22,Money Talks,6.0,417
8575,595148,8.9634,2020-07-01,Irresistible,6.031,484
8576,209355,1.1512,2013-11-06,The French Minister,6.031,302
8577,44977,1.4109,2013-12-19,Dhoom 3,6.031,303
8578,15516,1.8399,1972-08-30,The Last House on the Left,6.0,766
8579,800497,1.4518,2021-06-25,Werewolves Within,6.03,612
8580,12590,3.922,2002-08-11,Below,6.03,493
8581,11317,1.5434,1994-02-11,My Girl 2,6.03,525
8582,10555,9.4729,2004-09-20,Shark Tale,6.03,6620
8583,718400,1.6083,2020-08-21,The Vanished,6.0,350
8584,508138,2.0352,2019-08-23,Burn,6.029,332
8585,6935,1.436,2001-04-04,Yamakasi,6.029,590
8586,5559,6.8028,2007-10-28,Bee Movie,6.029,5163
8587,872709,0.8468,2022-11-30,Smoking Causes Coughing,6.0,396
8588,289727,3.7744,2014-06-15,The Rewrite,6.028,627
8589,14628,1.2957,1989-03-17,Fletch Lives,6.028,323
8590,1969,2.1571,2006-01-18,Bandidas,6.028,1159
8591,311324,10.1011,2016-12-16,The Great Wall,6.027,5467
8592,258509,3.4833,2015-12-17,Alvin and the Chipmunks: The Road Chip,6.027,1742
8593,9745,1.9335,1998-11-15,Jack Frost,6.027,1213
8594,831946,5.45,2022-05-26,Interceptor,6.026,810
8595,76285,2.7689,2013-08-07,Percy Jackson: Sea of Monsters,6.026,5318
8596,64635,16.5844,2012-08-02,Total Recall,6.026,5789
8597,5549,2.7628,1990-06-22,RoboCop 2,6.026,2074
8598,819876,1.8096,2022-05-25,Crimes of the Future,6.025,1246
8599,292040,0.799,2015-04-11,Spooks: The Greater Good,6.025,618
8600,64635,16.5844,2012-08-02,Total Recall,6.026,5789
8601,5549,2.7628,1990-06-22,RoboCop 2,6.026,2074
8602,292040,0.799,2015-04-11,Spooks: The Greater Good,6.025,618
8603,59457,1.3712,2010-07-15,Womb,6.025,394
8604,8284,0.713,2009-05-01,The Limits of Control,6.025,306
8605,5966,2.4523,2004-01-16,Along Came Polly,6.025,2978
8606,431075,2.5709,2019-01-10,Polaroid,6.024,1124
8607,309242,1.1802,2015-07-04,Mississippi Grind,6.0,558
8608,77805,3.1917,2013-08-08,Lovelace,6.024,737
8609,65599,14.7231,2011-10-14,The Woman,6.024,577
8610,10093,1.0256,2006-11-10,The Return,6.024,651
8611,9948,2.6096,2006-11-09,The Fox and the Hound 2,6.024,695
8612,9458,1.0475,1998-01-30,Desperate Measures,6.024,307
8613,328595,0.6173,2015-03-01,Parallels,6.023,384
8614,257091,6.3311,2015-03-26,Get Hard,6.023,2860
8615,21301,1.0256,2004-01-20,Barbershop 2: Back in Business,6.0,309
8616,13654,6.9323,2003-03-02,101 Dalmatians II: Patch's London Adventure,6.022,1228
8617,10353,1.0852,1998-02-11,The Visitors II: The Corridors of Time,6.023,1050
8618,10066,4.9068,2005-05-05,House of Wax,6.023,3276
8619,6217,4.0543,1982-04-02,Cat People,6.023,557
8620,41505,11.4425,2010-03-27,6 Souls,6.022,753
8621,13654,6.9323,2003-03-02,101 Dalmatians II: Patch's London Adventure,6.022,1228
8622,527261,7.8144,2019-05-16,The Silence,6.021,1657
8623,25239,3.3369,1978-11-02,Day of the Woman,6.021,698
8624,11452,2.8819,2002-03-29,National Lampoon's Van Wilder,6.021,1919
8625,10433,1.0838,1993-03-05,Mad Dog and Glory,6.02,394
8626,2575,4.4259,2001-02-11,The Tailor of Panama,6.02,530
8627,82,12.0618,2006-07-27,Miami Vice,6.02,1918
8628,864873,1.3346,2021-10-27,Hypnotic,6.019,681
8629,168138,0.7314,2013-03-27,The Last Days,6.019,370
8630,748230,7.2297,2024-10-03,Salem's Lot,6.018,662
8631,308453,1.3684,2016-01-22,The Bronze,6.0,391
8632,290764,1.5211,2015-01-15,Tracers,6.018,1109
8633,284536,2.6285,2014-12-25,The Gambler,6.018,1525
8634,269795,1.9458,2017-06-29,2:22,6.018,1534
8635,228968,1.2624,2015-03-12,Kidnapping Mr. Heineken,6.018,657
8636,34583,0.9057,2010-01-28,The Final,6.018,303
8637,217,5.3848,2008-05-21,Indiana Jones and the Kingdom of the Crystal Skull,6.019,8889
8638,635891,1.4843,2022-09-04,Clerks III,6.017,300
8639,611605,2.3377,2019-07-18,1BR,6.017,509
8640,457955,6.3898,2018-03-07,The Night Eats the World,6.017,783
8641,2370,1.7811,1969-12-17,Topaz,6.017,407
8642,242095,1.5061,2014-03-15,The Signal,6.016,1799
8643,11777,1.8016,1994-12-24,I.Q.,6.016,481
8644,11015,1.9503,1997-01-10,The Relic,6.015,586
8645,138697,5.8336,2013-09-12,Don Jon,6.014,4520
8646,86597,1.5987,2012-03-19,The Tall Man,6.014,1212
8647,11847,0.9137,2001-01-18,The Accidental Spy,6.014,509
8648,934756,3.6036,2022-09-01,Love in the Villa,6.013,389
8649,773975,1.3658,2022-09-09,End of the Road,6.0,339
8650,366514,2.0392,2016-05-04,Up for Love,6.0,866
8651,335866,2.6545,2015-05-28,Circle,6.013,2101
8652,869612,3.1649,2023-05-19,Master Gardener,6.012,322
8653,517909,2.9695,2019-09-27,The Laundromat,6.012,1283
8654,459928,1.5301,2018-11-08,12 Feet Deep,6.011,329
8655,286521,1.149,2014-05-10,5 Flights Up,6.011,326
8656,162903,1.4613,2013-10-11,The Fifth Estate,6.011,1064
8657,9564,2.2445,1999-02-03,Asterix and Obelix vs. Caesar,6.011,2017
8658,848538,13.9738,2024-01-31,Argylle,6.01,1678
8659,274854,6.4742,2015-10-21,The Last Witch Hunter,6.01,3801
8660,9091,17.3334,1995-10-27,Sudden Death,6.0,787
8661,818,3.6551,2002-07-26,Austin Powers in Goldmember,6.01,3361
8662,542224,4.9705,2020-01-30,Gretel & Hansel,6.0,1532
8663,356842,0.8756,2016-03-11,The Ones Below,6.009,370
8664,10547,3.7389,1996-05-31,The Arrival,6.0,809
8665,8884,1.1756,2008-10-16,Franklyn,6.0,382
8666,565028,2.3282,2021-08-25,Candyman,6.008,1725
8667,378018,12.4724,2016-09-22,The Void,6.008,1386
8668,140222,0.523,2013-03-22,Love and Honor,6.008,358
8669,454699,1.6619,2017-08-24,Monster Family,6.007,364
8670,10922,1.3128,2003-10-29,The Human Stain,6.007,501
8671,531503,0.8742,2019-07-12,Point Blank,6.006,566
8672,343611,6.8487,2016-10-19,Jack Reacher: Never Go Back,6.006,5241
8673,13078,10.5698,2008-05-09,The Babysitters,6.006,536
8674,2067,2.2695,2000-03-10,Mission to Mars,6.0,1534
8675,479,2.568,2000-06-15,Shaft,6.006,1407
8676,502292,2.4771,2019-05-03,The Last Summer,6.0,1395
8677,427989,0.5894,2016-12-15,Poorly Rich,6.005,432
8678,341689,0.91,2017-10-06,How to Talk to Girls at Parties,6.0,419
8679,252512,4.8,2015-03-27,While We're Young,6.005,1178
8680,26691,0.5661,2009-08-12,Neuilly Yo Mama!,6.005,943
8681,11915,1.0446,1982-10-03,The Gendarme and the Gendarmettes,6.005,580
8682,11834,1.6863,1977-03-28,Jabberwocky,6.005,307
8683,11638,2.0031,2005-03-25,Guess Who,6.005,961
8684,8831,2.5664,1994-09-15,Timecop,6.005,1278
8685,13092,1.3838,2008-10-02,How to Lose Friends & Alienate People,6.004,824
8686,11082,1.2826,1988-04-01,The Seventh Sign,6.004,372
8687,4234,24.0906,2000-02-04,Scream 3,6.004,3951
8688,1129598,4.2946,2024-03-15,Prey,6.003,350
8689,804150,6.2007,2023-02-22,Cocaine Bear,6.003,2373
8690,483202,5.2877,2019-10-18,Eli,6.003,1489
8691,24795,1.5991,1994-07-15,Angels in the Outfield,6.003,471
8692,14871,0.7555,2008-08-08,Make It Happen,6.0,300
8693,9566,1.5067,1996-08-15,The Fan,6.003,838
8694,295832,0.2055,2014-10-02,Unique Brothers,6.002,301
8695,4515,1.5508,2007-10-22,Lions for Lambs,6.002,818
8696,460321,8.7032,2019-02-22,Close,6.0,703
8697,442249,4.1262,2018-07-04,The First Purge,6.001,4178
8698,11419,10.3484,1997-02-13,Vegas Vacation,6.001,702
8699,1124620,10.3006,2025-02-14,The Monkey,6.0,1217
8700,11419,10.3484,1997-02-13,Vegas Vacation,6.001,702
8701,76494,2.3336,2012-05-17,What to Expect When You're Expecting,6.0,1839
8702,1124620,10.3006,2025-02-14,The Monkey,6.0,1217
8703,800345,2.3561,2022-08-05,Carter,5.999,413
8704,19840,1.9199,2009-07-10,"I Love You, Beth Cooper",5.999,943
8705,17336,1.4548,2009-04-24,Fighting,6.0,748
8706,9021,6.1686,2002-09-29,The Santa Clause 2,5.999,1409
8707,894169,6.008,2022-05-17,Vendetta,5.998,329
8708,333348,1.9009,2015-11-12,Love the Coopers,6.0,857
8709,209249,1.5487,2014-01-13,The Love Punch,5.998,462
8710,36669,5.3782,2002-11-17,Die Another Day,5.998,3810
8711,12834,2.4785,2009-09-13,Leaves of Grass,5.998,450
8712,7090,2.4744,2003-01-30,Ken Park,5.998,664
8713,1129598,4.2946,2024-03-15,Prey,6.003,350
8714,346681,4.9441,2017-03-24,Wilson,5.997,380
8715,11866,2.1159,2004-12-17,Flight of the Phoenix,5.997,924
8716,8555,2.071,2004-08-10,Creep,5.997,826
8717,3597,4.9723,1997-10-17,I Know What You Did Last Summer,5.997,3182
8718,670428,0.9334,2020-10-29,PG: Psycho Goreman,6.0,420
8719,413857,1.4426,2017-10-20,Tragedy Girls,6.0,345
8720,9997,6.717,2007-11-15,Gabriel,5.996,420
8721,66129,1.1878,2011-06-30,The Tuche Family,5.995,1343
8722,55465,1.4785,2011-11-04,A Very Harold & Kumar Christmas,5.995,1038
8723,18502,8.0677,1985-06-14,The Stuff,5.995,516
8724,11133,1.74,1986-05-23,Poltergeist II: The Other Side,6.0,748
8725,9894,2.6175,1996-06-10,The Cable Guy,5.995,2610
8726,8069,2.2811,1968-10-10,Barbarella,5.995,810
8727,982843,21.3152,2025-09-18,The Great Flood,5.994,613
8728,492565,1.1527,2019-03-08,The Kid,6.0,320
8729,59861,1.9541,2011-06-30,Larry Crowne,5.994,1397
8730,11595,1.6444,1990-06-08,Another 48 Hrs.,5.994,968
8731,9645,10.6235,2002-10-25,Ghost Ship,5.994,2603
8732,6472,1.1835,1994-03-11,Guarding Tess,5.994,345
8733,955991,1.3714,2022-09-23,The Offering,5.993,376
8734,11678,1.9239,2000-12-08,Vertical Limit,5.993,1116
8735,8452,2.3677,2000-11-17,The 6th Day,5.993,2211
8736,672582,3.7838,2021-06-30,The Deep House,5.992,1082
8737,294793,1.7949,2022-04-08,All the Old Knives,5.992,611
8738,13490,1.5361,2008-02-08,Welcome Home Roscoe Jenkins,5.992,302
8739,13168,1.8262,2007-11-16,Smiley Face,5.992,316
8740,13490,1.5361,2008-02-08,Welcome Home Roscoe Jenkins,5.992,302
8741,13168,1.8262,2007-11-16,Smiley Face,5.992,316
8742,9756,1.0008,2006-01-17,Half Light,6.0,301
8743,763788,2.6172,2021-11-05,Dangerous,5.991,502
8744,18239,9.7502,2009-11-18,The Twilight Saga: New Moon,5.991,9652
8745,955531,0.9594,2023-10-05,Sister Death,5.99,354
8746,643586,1.9894,2021-02-12,Willy's Wonderland,5.99,1108
8747,123109,1.4346,2013-03-09,No One Lives,5.99,681
8748,918,2.2151,1987-03-27,Blind Date,6.0,523
8749,830788,15.0609,2022-08-24,The Invitation,5.989,943
8750,209112,16.5872,2016-03-23,Batman v Superman: Dawn of Justice,5.989,18788
8751,58595,4.7378,2012-05-30,Snow White and the Huntsman,5.989,8155
8752,11857,2.5108,2002-01-11,Orange County,5.989,490
8753,10990,1.6273,1996-04-26,Mulholland Falls,5.989,321
8754,10900,4.9765,2008-02-08,Surveillance,5.989,351
8755,10538,2.1803,1992-11-06,Passenger 57,5.989,1089
8756,8914,5.3202,1999-07-28,Deep Blue Sea,5.988,2606
8757,340487,2.8362,2016-09-25,Certain Women,5.988,375
8758,310133,1.4629,2015-07-08,Cop Car,5.988,909
8759,73937,1.577,2011-10-13,The Big Year,5.988,867
8760,353069,4.8544,2016-04-28,Mother's Day,6.0,1306
8761,22821,1.3912,2009-11-24,The Boondock Saints II: All Saints Day,5.987,795
8762,9266,1.41,2002-08-16,Blue Crush,5.987,561
8763,19994,6.0268,2009-09-18,Jennifer's Body,5.985,4148
8764,823999,0.7617,2022-11-17,Diabolik: Ginko Attacks!,5.984,486
8765,706510,1.1875,2020-07-01,Desperados,5.984,490
8766,340402,1.3931,2016-11-11,Almost Christmas,5.984,387
8767,146198,4.3067,2016-02-19,Triple 9,5.984,2243
8768,930600,6.1163,2024-08-16,The Deliverance,5.983,529
8769,822119,13.796,2025-02-12,Captain America: Brave New World,5.983,2949
8770,758879,0.8939,2021-11-26,A Castle for Christmas,5.983,349
8771,211067,0.7373,2014-05-01,The Sacrament,5.983,488
8772,12500,1.9422,1985-08-30,American Ninja,5.983,472
8773,247218,0.2993,2014-01-01,A Boss in the Living Room,5.982,536
8774,2313,2.6723,2005-09-21,Prime,5.982,833
8775,521007,2.0768,2020-12-11,Superintelligence,5.981,315
8776,302688,1.7163,2016-03-23,My Big Fat Greek Wedding 2,5.981,1064
8777,32823,1.7995,2010-06-03,Get Him to the Greek,5.981,1897
8778,520663,1.7189,2021-05-13,The Woman in the Window,5.98,2113
8779,249660,1.9521,2014-03-21,God's Not Dead,5.98,952
8780,41439,13.871,2010-10-22,Saw 3D,5.979,3245
8781,19384,1.8425,1990-01-26,Dark Angel,5.98,352
8782,11379,5.7728,1984-08-10,The Adventures of Buckaroo Banzai Across the 8th Dimension,5.98,477
8783,11306,1.6141,1996-09-27,Extreme Measures,5.98,346
8784,9569,2.071,1990-02-09,Hard to Kill,5.98,656
8785,7451,49.8645,2002-08-09,xXx,5.98,4807
8786,60405,1.434,2011-04-19,Sharpay's Fabulous Adventure,6.0,557
8787,1410,1.8653,1974-03-30,Dark Star,5.979,629
8788,215830,1.107,2013-08-13,Open Grave,5.978,756
8789,13279,1.6344,2008-09-19,Lakeview Terrace,5.978,1132
8790,1679,1.2644,1955-04-24,Godzilla Raids Again,6.0,322
8791,10023,1.2627,1987-06-26,Dragnet,5.977,528
8792,9096,1.2642,1992-02-07,Medicine Man,5.977,411
8793,930600,6.1163,2024-08-16,The Deliverance,5.983,529
8794,58224,2.5799,2011-06-17,Mr. Popper's Penguins,5.976,3134
8795,49730,4.6208,2011-03-10,Red Riding Hood,5.976,3287
8796,45535,0.7232,2010-06-16,Fatal,5.976,658
8797,14451,2.8509,2009-01-09,Dead Snow,5.976,1206
8798,13159,1.4834,2007-05-10,Georgia Rule,5.976,470
8799,243442,0.2789,2013-12-12,A Fantastic Back and Forth,5.975,323
8800,14979,2.0649,2009-01-09,Thick as Thieves,5.975,851
8801,8698,7.2941,2003-07-11,The League of Extraordinary Gentlemen,5.975,4283
8802,12994,1.4791,2007-01-21,The Nines,5.974,461
8803,576004,3.0591,2019-06-28,Porno,5.973,412
8804,10678,1.581,2003-03-07,Bringing Down the House,5.973,732
8805,9348,16.3175,1995-07-07,Species,5.973,1803
8806,8975,1.8802,2006-10-13,The Marine,5.973,806
8807,301348,4.0164,2016-03-22,Elvis & Nixon,5.972,439
8808,44894,0.5877,2005-12-16,I Love You in All Languages of the World,6.0,493
8809,17037,5.483,1998-11-13,I'll Be Home for Christmas,5.972,354
8810,11479,1.1849,1994-12-14,"Little Indian, Big City",5.973,618
8811,8780,3.1554,2008-04-25,Baby Mama,6.0,684
8812,321258,4.9811,2016-01-22,The Boy,5.971,3912
8813,300153,10.2898,2015-09-09,Life,5.971,365
8814,125490,1.1356,2012-09-19,Antiviral,5.971,427
8815,50725,1.586,2011-03-04,Take Me Home Tonight,5.971,710
8816,19724,1.5412,2009-06-19,Imagine That,5.971,588
8817,10402,3.0082,1999-12-10,Deuce Bigalow: Male Gigolo,5.971,1510
8818,9453,15.3003,1979-08-14,Caligula,5.971,964
8819,97614,10.0421,2012-11-08,Deadfall,5.97,708
8820,97614,10.0421,2012-11-08,Deadfall,5.97,708
8821,14372,5.8392,1989-03-17,Leviathan,6.0,541
8822,12819,1.4511,2010-07-05,Alpha and Omega,6.0,544
8823,27579,3.8337,2010-08-31,The American,5.969,1472
8824,20850,2.8433,1975-10-01,Ilsa: She Wolf of the SS,5.969,377
8825,13825,4.5186,2008-10-24,The Lazarus Project,5.969,385
8826,9466,2.0268,1998-09-07,Celebrity,5.969,499
8827,9296,3.6426,2002-08-23,S1m0ne,5.969,969
8828,559581,3.444,2021-06-24,Stowaway,5.968,629
8829,28468,4.6575,1983-10-19,The Key,6.0,433
8830,11078,16.435,2003-01-17,National Security,5.968,1045
8831,10313,2.0927,2009-10-17,The Men Who Stare at Goats,5.968,2358
8832,9417,1.0081,1998-07-23,Wrongfully Accused,5.968,486
8833,764835,1.5134,2022-02-17,The Desperate Hour,5.967,470
8834,497814,1.0259,2018-05-05,Breaking In,5.967,683
8835,187596,2.4224,2014-05-02,Walk of Shame,5.967,1503
8836,866346,2.3024,2023-08-24,The Retirement Plan,5.966,309
8837,698128,2.0229,2022-03-18,Dual,6.0,372
8838,183662,1.2297,2013-03-13,Crush,6.0,369
8839,81446,1.9428,2012-08-27,The Baytown Outlaws,5.966,338
8840,21427,1.3135,2006-03-29,The Valet,5.966,548
8841,11199,2.5124,2007-03-02,Wild Hogs,5.966,2415
8842,415010,1.8808,2017-09-23,Ravenous,5.965,469
8843,266294,2.0485,2015-12-18,Sisters,5.963,1447
8844,37905,0.8435,2010-02-10,The Horde,6.0,500
8845,491473,0.9385,2019-03-07,Gloria Bell,6.0,336
8846,351964,1.815,2015-11-05,The Escort,6.0,443
8847,85041,1.0203,2012-01-04,The Immature: The Trip,5.964,618
8848,34480,2.2729,2009-10-14,The Descent: Part 2,5.964,1278
8849,12245,1.4927,2008-01-18,The Oxford Murders,5.964,692
8850,10714,1.728,1994-12-23,The Jungle Book,5.964,491
8851,10349,1.3107,1993-04-23,The Dark Half,5.964,456
8852,597890,1.7794,2021-04-08,Voyagers,5.963,948
8853,533642,2.7688,2019-06-19,Child's Play,5.963,2024
8854,80038,1.0262,2012-03-09,Friends with Kids,5.963,486
8855,39227,0.5239,2002-11-26,When in Rome,5.963,334
8856,4256,13.6128,2003-10-24,Scary Movie 3,5.963,4382
8857,1722,1.3589,2001-04-18,Captain Corelli's Mandolin,6.0,558
8858,605735,0.6161,2020-02-19,10 Days with Dad,6.0,316
8859,320288,7.3717,2019-06-05,Dark Phoenix,5.962,6970
8860,34494,0.9079,2008-01-25,Sorry if I Love You,5.962,723
8861,308024,0.7919,2015-06-19,The Overnight,6.0,356
8862,175116,0.3755,2013-03-14,Out of the Blue,5.961,322
8863,13962,1.3998,1994-02-11,Blank Check,5.961,529
8864,267193,6.9116,2016-02-24,Grimsby,5.96,2461
8865,97051,1.7918,2013-02-08,Would You Rather,5.96,997
8866,24831,7.1628,1978-08-03,Piranha,5.96,727
8867,848187,3.7372,2023-12-14,Role Play,5.959,616
8868,253626,1.0646,2015-04-09,Good Kill,5.959,593
8869,112200,0.855,2013-09-19,Thanks for Sharing,5.959,583
8870,88042,3.4875,2012-12-25,Parental Guidance,5.959,476
8871,43939,1.5098,2010-09-10,I'm Still Here,6.0,393
8872,586592,0.9951,2019-04-25,Come to Daddy,6.0,576
8873,74945,0.7878,2011-09-21,War of the Buttons,6.0,473
8874,8973,1.2724,1995-08-25,Lord of Illusions,5.958,368
8875,615677,4.4286,2020-12-25,We Can Be Heroes,5.957,801
8876,38780,5.0642,2009-09-27,Rampage,5.957,465
8877,10765,1.2058,1980-10-06,Private Benjamin,5.957,407
8878,9815,1.98,2007-02-09,Goal II: Living the Dream,5.957,684
8879,2176,2.2521,2001-09-14,The Glass House,5.957,1082
8880,266647,19.1026,2015-09-24,Pan,5.956,2818
8881,91314,9.6512,2014-06-25,Transformers: Age of Extinction,5.956,8638
8882,9383,11.3795,2000-08-04,Hollow Man,5.956,2703
8883,700391,7.5508,2023-03-02,65,5.955,2764
8884,448194,0.929,2017-12-08,Pyewacket,6.0,336
8885,352492,0.789,2016-08-26,XOXO,5.955,597
8886,257440,1.161,2016-04-29,Term Life,5.955,320
8887,37821,2.5072,2010-06-04,Killers,5.955,2288
8888,13018,9.219,2008-04-24,Deception,6.0,704
8889,12556,1.7478,2009-05-01,Ghosts of Girlfriends Past,5.955,2394
8890,630586,17.8546,2021-01-26,Wrong Turn,5.954,1285
8891,228973,2.0428,2015-03-20,Backcountry,5.954,713
8892,10680,1.5605,1996-10-04,D3: The Mighty Ducks,6.0,478
8893,2321,3.706,1988-08-19,Married to the Mob,5.954,312
8894,220286,1.6849,2013-10-11,Grand Piano,5.953,534
8895,24402,4.9995,1974-06-25,Emmanuelle,5.953,804
8896,16061,1.0899,2008-10-04,Tokyo Gore Police,5.953,354
8897,11775,2.0547,2003-10-10,Intolerable Cruelty,5.953,1627
8898,1690,6.735,2006-01-06,Hostel,5.953,3880
8899,888003,0.8775,2023-06-07,The Book of Solutions,5.952,310
8900,464504,1.9182,2019-03-01,A Madea Family Funeral,6.0,491
8901,414190,1.4013,2017-01-27,iBoy,5.952,1206
8902,337154,0.8978,2016-04-05,The Meddler,5.952,375
8903,168055,1.3935,2013-04-02,Love Is in the Air,5.952,429
8904,59429,1.2083,2010-11-20,Paranormal Activity: Tokyo Night,6.0,457
8905,11157,1.7406,1989-12-08,She-Devil,6.0,425
8906,2029,1.2042,2001-11-21,Tanguy,5.952,489
8907,1966,3.9118,2004-11-21,Alexander,5.952,3457
8908,611914,1.9283,2019-11-22,The Courier,5.951,562
8909,18147,3.1183,2006-12-08,Unaccompanied Minors,5.951,326
8910,14248,2.7021,2008-09-19,Igor,5.951,581
8911,10204,3.2337,2004-06-16,Around the World in 80 Days,5.951,2660
8912,640923,1.4768,2020-01-23,Kidz,5.95,387
8913,298459,0.427,2014-11-12,Next Time I'll Aim for the Heart,6.0,300
8914,257088,3.402,2015-12-03,Point Break,5.95,2416
8915,87101,21.4767,2015-06-23,Terminator Genisys,5.95,8863
8916,11374,3.4368,1999-03-26,EDtv,6.0,677
8917,312791,2.4014,2014-10-16,GirlHouse,5.9,315
8918,172533,2.052,2013-08-23,Drinking Buddies,5.949,859
8919,9448,1.6298,1998-04-24,The Big Hit,5.949,463
8920,9448,1.6298,1998-04-24,The Big Hit,5.949,463
8921,7515,1.5197,2005-09-03,London,5.9,333
8922,1126166,7.0446,2025-01-22,Flight Risk,5.948,1105
8923,228066,12.3078,2015-11-10,Victor Frankenstein,5.946,2249
8924,24056,6.7695,2009-05-01,The Tournament,5.948,661
8925,20850,2.8433,1975-10-01,Ilsa: She Wolf of the SS,5.969,377
8926,9597,1.1671,2001-09-18,Vidocq,5.948,565
8927,6073,1.8786,2001-03-01,The Mexican,5.948,1574
8928,382517,1.711,2015-12-18,Open Season: Scared Silly,5.947,376
8929,174323,0.0332,2014-01-17,G.B.F.,5.947,402
8930,98357,4.8685,2013-01-18,Broken City,5.947,1552
8931,609681,12.9855,2023-11-08,The Marvels,5.946,3261
8932,579828,1.9341,2020-11-04,Superdeep,5.946,349
8933,470114,5.1087,2017-10-26,24 Hours to Live,5.946,699
8934,50321,2.1239,2011-03-09,Mars Needs Moms,5.945,761
8935,12658,1.5741,2001-03-30,Someone Like You...,5.946,404
8936,618,1.2051,1915-03-08,The Birth of a Nation,5.9,579
8937,395,4.4799,2004-08-12,AVP: Alien vs. Predator,5.945,4865
8938,1022964,2.1269,2023-11-29,Candy Cane Lane,5.945,484
8939,749274,1.2594,2021-09-16,Cry Macho,5.944,1103
8940,785752,5.2877,2021-09-22,Intrusion,5.943,739
8941,563907,0.3488,2019-01-10,All You Need is Crime,5.942,472
8942,382517,1.711,2015-12-18,Open Season: Scared Silly,5.942,377
8943,354251,1.9375,2015-09-17,Southbound,5.942,657
8944,11011,14.2256,1994-12-19,Ri¢hie Ri¢h,5.942,2387
8945,10571,1.3771,2000-06-16,Boys and Girls,5.942,413
8946,452507,1.5815,2017-10-20,1922,5.941,2881
8947,245906,3.2751,2015-04-22,She's Funny That Way,5.941,703
8948,136835,6.2127,2014-09-10,No Good Deed,5.941,665
8949,13460,10.0589,2008-03-14,Doomsday,5.941,1366
8950,460458,10.064,2021-11-24,Resident Evil: Welcome to Raccoon City,5.94,2637
8951,12540,0.1031,2004-01-13,Bring It On Again,5.9,445
8952,11674,16.0325,1996-11-27,101 Dalmatians,5.94,3588
8953,9973,2.2795,2006-12-12,Air Buddies,5.94,348
8954,736500,1.1256,2022-02-16,Retirement Home,5.9,313
8955,565413,0.7982,2018-12-27,The King's Musketeers,5.939,400
8956,16113,1.9351,1986-02-14,The Delta Force,5.939,475
8957,11062,1.4759,1996-02-16,City Hall,5.9,309
8958,590869,0.3389,2020-01-09,Hammamet,5.938,410
8959,460648,1.7405,2017-12-18,Bleeding Steel,5.9,554
8960,169219,4.6934,2013-02-27,The Dyatlov Pass Incident,5.938,722
8961,99579,0.7142,2012-03-21,"Farewell, My Queen",5.938,320
8962,11429,5.1158,2003-04-04,Beyond Re-Animator,5.938,393
8963,4923,1.1583,1974-02-06,Zardoz,5.9,503
8964,2103,1.8217,2002-11-27,Solaris,5.938,1414
8965,495766,0.3988,2018-02-01,I'm Back,5.937,580
8966,460019,6.1116,2018-04-12,Truth or Dare,5.937,4181
8967,445954,1.5259,2017-10-27,Acts of Vengeance,5.9,598
8968,299687,6.886,2016-01-14,The 5th Wave,5.937,5949
8969,167032,5.2908,2013-10-08,Curse of Chucky,5.937,1679
8970,13477,4.158,2010-01-29,When in Rome,5.9,1260
8971,328720,0.5345,2015-03-11,Ma che bella sorpresa,5.935,418
8972,291870,3.645,2016-01-20,Dirty Grandpa,5.935,4543
8973,270487,11.4739,2016-02-05,"Hail, Caesar!",5.935,3956
8974,182560,1.8194,2015-04-08,Dark Places,5.935,1347
8975,11648,1.1503,2005-07-21,Must Love Dogs,5.935,486
8976,10136,2.7125,1986-12-12,The Golden Child,5.935,1155
8977,81796,2.6141,2012-04-12,Lockout,5.933,1951
8978,965791,1.3925,2023-10-18,A Difficult Year,5.933,308
8979,487083,1.2389,2019-08-29,Paradise Hills,5.9,577
8980,513409,0.9589,2019-11-01,Earthquake Bird,5.932,460
8981,39345,1.3524,1998-09-10,Casper Meets Wendy,5.932,411
8982,10985,2.2065,2002-05-10,The New Guy,5.932,639
8983,10488,1.3559,2008-04-03,Nim's Island,5.9,1171
8984,10145,2.5984,2004-09-24,The Forgotten,5.9,1211
8985,584962,1.1403,2019-09-20,Between Two Ferns: The Movie,5.931,930
8986,503619,26.4804,2018-08-10,The Package,5.931,1238
8987,151960,3.2397,2013-08-09,Planes,5.931,1793
8988,68728,6.6703,2013-03-07,Oz the Great and Powerful,5.931,6737
8989,829557,13.7424,2022-04-26,365 Days: This Day,5.93,1824
8990,13668,1.4185,2006-10-20,Catch and Release,5.93,599
8991,10357,3.442,1997-04-25,Volcano,5.93,1636
8992,9825,2.0805,1999-07-15,Lake Placid,5.93,1224
8993,9431,2.4842,1996-08-16,Bordello of Blood,5.93,407
8994,9072,10.481,2006-08-31,Little Man,5.93,1866
8995,334527,15.6039,2015-11-20,Criminal Activities,5.928,320
8996,9895,1.0987,2006-10-09,Man of the Year,5.9,489
8997,2636,3.2196,1994-10-07,The Specialist,5.928,1411
8998,10495,3.3933,1989-06-16,The Karate Kid Part III,5.927,1783
8999,1043565,1.6816,2022-12-16,Mindcage,5.926,407
9000,10495,3.3933,1989-06-16,The Karate Kid Part III,5.927,1783
9001,1043565,1.6816,2022-12-16,Mindcage,5.926,407
9002,340676,4.4409,2016-12-14,Personal Shopper,5.9,1295
9003,14140,1.1667,1977-06-24,Herbie Goes to Monte Carlo,5.926,341
9004,11152,2.0175,2008-04-02,The Ruins,5.926,1404
9005,526896,10.1777,2022-03-30,Morbius,5.924,4726
9006,523936,1.3668,2021-07-01,Meander,5.925,459
9007,501395,1.3503,2019-11-23,True History of the Kelly Gang,5.9,346
9008,98566,8.3594,2014-08-07,Teenage Mutant Ninja Turtles,5.925,7111
9009,27414,5.5744,1984-11-09,"Silent Night, Deadly Night",5.925,432
9010,13059,6.6275,2007-07-13,The Signal,5.925,327
9011,1970,8.7208,2004-10-22,The Grudge,5.925,3130
9012,458005,1.9517,2018-07-19,Zoe,5.9,438
9013,399019,4.3109,2017-06-23,The Beguiled,5.9,2215
9014,64639,13.724,2011-09-16,Straw Dogs,5.924,609
9015,52067,0.8125,2011-02-11,Cedar Rapids,5.924,454
9016,14648,0.7255,2004-02-11,Podium,5.9,458
9017,13006,8.101,1992-05-01,Split Second,5.924,347
9018,2018,2.5118,2001-01-26,The Wedding Planner,5.924,1798
9019,157099,0.8209,2014-03-14,Better Living Through Chemistry,5.923,310
9020,9406,2.5885,1997-05-29,An American Werewolf in Paris,5.922,745
9021,39386,0.5865,2004-10-06,The Corsican File,5.9,397
9022,39053,1.6547,2010-06-18,Cyrus,5.921,442
9023,18476,1.3337,2009-02-06,Horsemen,5.921,590
9024,16558,2.7656,2009-03-18,Duplicity,5.921,854
9025,12517,1.1769,2005-03-09,Calvaire,5.921,349
9026,11718,0.9527,1989-02-03,Who's Harry Crumb?,5.921,348
9027,7091,1.3887,1989-06-02,Vampire's Kiss,5.921,473
9028,1093231,2.1169,2024-05-08,Mother of the Bride,5.92,342
9029,1001311,3.4772,2024-06-04,Under Paris,5.92,1381
9030,32856,5.4,2010-02-10,Valentine's Day,5.9,3137
9031,800937,5.6274,2022-05-11,Senior Year,5.919,909
9032,45649,1.4743,2010-11-09,Rubber,5.919,1096
9033,38031,1.3307,2010-09-22,You Will Meet a Tall Dark Stranger,5.919,892
9034,10708,2.5138,2003-05-09,Daddy Day Care,5.919,2226
9035,846422,7.6143,2025-07-01,The Old Guard 2,5.918,895
9036,324542,14.6577,2017-01-12,Sleepless,5.918,1311
9037,301502,4.3821,2022-09-16,Blonde,5.918,1494
9038,297761,12.7454,2016-08-03,Suicide Squad,5.918,21913
9039,18823,5.7975,2010-03-26,Clash of the Titans,5.9,6594
9040,7548,1.6154,2004-09-16,The Libertine,5.918,475
9041,2022,2.9652,2002-06-28,Mr. Deeds,5.918,2467
9042,1483,1.7607,1991-06-05,Begotten,5.918,340
9043,258193,4.0247,2014-04-04,Alien Abduction,5.917,406
9044,74998,12.5169,2011-09-02,Seeking Justice,5.917,1064
9045,1008392,1.408,2023-06-15,The Blackening,5.916,385
9046,943930,2.1402,2023-03-24,Tin & Tina,5.916,449
9047,9923,11.7734,2005-10-14,Domino,5.916,1267
9048,11968,5.2624,2005-09-30,Into the Blue,5.915,1603
9049,10366,1.7145,1999-08-05,Universal Soldier: The Return,5.9,1320
9050,1062215,6.3942,2024-08-28,Afraid,5.914,480
9051,505707,1.6219,2019-09-06,Waiting for the Barbarians,5.914,402
9052,258489,5.1795,2016-06-29,The Legend of Tarzan,5.914,6443
9053,158907,0.7585,2013-01-18,Breathe In,5.914,327
9054,87516,7.4882,2013-11-14,Oldboy,5.9,2088
9055,62764,9.5994,2012-03-15,Mirror Mirror,5.914,3258
9056,9275,2.6551,2002-03-29,Death to Smoochy,5.9,424
9057,421473,12.4535,2019-06-20,Above Suspicion,5.913,305
9058,34069,0.9906,2009-09-24,Cargo,5.913,425
9059,9005,0.9195,2005-11-23,The Ice Harvest,5.913,326
9060,457962,0.9041,2017-06-09,Shimmer Lake,5.921,458
9061,346672,7.0877,2016-11-24,Underworld: Blood Wars,5.912,3886
9062,9073,1.3665,1995-07-19,Free Willy 2: The Adventure Home,5.912,617
9063,290555,1.1849,2014-08-28,Wolves,5.9,325
9064,146223,3.3877,2013-08-28,Closed Circuit,5.9,485
9065,53399,0.351,2010-09-10,The Solitude of Prime Numbers,5.911,393
9066,602734,3.4144,2021-05-12,Spiral: From the Book of Saw,5.91,2229
9067,306952,0.6094,2015-09-18,Naomi and Ely's No Kiss List,5.9,1073
9068,9907,7.6146,2006-08-04,Barnyard,5.9,1158
9069,1995,9.9956,2001-06-15,Lara Croft: Tomb Raider,5.91,6425
9070,1029235,3.086,2024-09-27,Azrael,5.909,396
9071,476764,1.1233,2018-11-06,The Front Runner,5.9,373
9072,146381,1.1774,2013-08-09,Justin and the Knights of Valour,5.909,328
9073,72571,2.6244,2011-10-19,Paranormal Activity 3,5.909,2340
9074,2084,2.3298,2001-09-06,Birthday Girl,5.909,427
9075,174675,1.0608,2013-04-25,The Machine,5.908,849
9076,36691,0.8471,2009-09-07,Solitary Man,5.9,341
9077,27740,3.7602,1987-09-11,A Return to Salem's Lot,5.908,312
9078,2310,7.4486,2007-11-05,Beowulf,5.908,3002
9079,1125311,10.6021,2024-03-06,Imaginary,5.907,669
9080,2310,7.4486,2007-11-05,Beowulf,5.908,3002
9081,1125311,10.6021,2024-03-06,Imaginary,5.907,669
9082,1030987,1.2378,2023-07-20,Sympathy for the Devil,5.907,318
9083,423949,0.817,2017-09-11,Unicorn Store,5.907,873
9084,284289,1.7154,2014-09-06,Beyond the Reach,5.907,396
9085,238603,0.9658,2014-06-14,Earth to Echo,5.907,608
9086,208763,1.4917,2014-01-30,Forbidden Empire,5.9,333
9087,10030,3.6624,2007-09-21,Good Luck Chuck,5.907,1616
9088,375588,4.9042,2018-11-03,Robin Hood,5.906,3106
9089,353569,13.0665,2017-03-03,Table 19,5.9,1006
9090,254473,2.0853,2014-04-22,Brick Mansions,5.904,1585
9091,2749,1.9371,2001-03-01,15 Minutes,5.906,785
9092,17134,1.5938,2009-03-19,12 Rounds,5.905,831
9093,9982,5.5447,2005-11-04,Chicken Little,5.905,4105
9094,7364,3.2683,2005-04-06,Sahara,5.905,1602
9095,890771,2.7109,2023-04-26,The Black Demon,5.904,684
9096,808023,1.8957,2021-04-30,The Virtuoso,5.904,423
9097,184125,1.4074,2013-06-30,Assault on Wall Street,5.904,498
9098,51994,1.0521,2011-11-25,The Deep Blue Sea,5.904,308
9099,39285,0.7963,2010-07-20,Beauty & the Briefcase,5.9,417
9100,9582,1.3124,2003-01-17,A Guy Thing,5.903,378
9101,501979,6.3415,2020-08-27,Bill & Ted Face the Music,5.9,1051
9102,439079,9.2693,2018-09-05,The Nun,5.902,7105
9103,311667,1.0399,2016-05-20,Manhattan Night,5.902,412
9104,249070,8.3947,2015-08-20,Hitman: Agent 47,5.902,3238
9105,10748,1.3412,2007-12-21,St Trinian's,5.9,487
9106,418437,1.9941,2017-03-06,Unforgettable,5.9,681
9107,9767,4.073,2006-06-01,The Break-Up,5.9,2793
9108,86828,13.5506,2015-02-13,Absolutely Anything,5.899,1599
9109,11309,1.5299,1990-09-14,Hardware,5.899,332
9110,11187,3.7321,1991-08-30,Child's Play 3,5.899,1713
9111,5137,1.735,2004-09-17,Sky Captain and the World of Tomorrow,5.899,1343
9112,1077280,1.9618,2023-02-22,Die Hart,5.898,502
9113,45772,3.8615,2011-01-13,Gnomeo & Juliet,5.898,2046
9114,446131,2.1427,2017-08-17,Madame,5.896,322
9115,362637,0.4415,2015-10-08,Opposites Attract,5.896,312
9116,22894,20.7614,2010-01-21,Legion,5.896,2819
9117,785516,5.2299,2021-10-20,Stuck Together,5.895,430
9118,479455,4.7508,2019-06-12,Men in Black: International,5.895,5266
9119,471507,3.1128,2018-12-25,Destroyer,5.895,778
9120,270302,1.0626,2014-09-19,The Riot Club,5.895,1011
9121,89492,3.0117,2012-12-20,This Is 40,5.894,2299
9122,22894,20.7614,2010-01-21,Legion,5.896,2819
9123,471507,3.1128,2018-12-25,Destroyer,5.895,778
9124,11065,1.7952,2001-08-31,O,5.9,301
9125,9030,1.8492,2008-02-01,The Eye,5.9,1130
9126,671039,1.48,2020-10-30,Rogue City,5.894,616
9127,515454,0.7371,2020-09-24,Come True,5.892,318
9128,49010,1.0091,2011-05-06,Hobo with a Shotgun,5.894,675
9129,48838,1.5047,2010-11-10,London Boulevard,5.9,800
9130,147868,0.4767,2012-12-22,The Worst Christmas of My Life,5.893,537
9131,14138,1.3026,2008-02-22,Black Water,5.89,378
9132,10640,2.6403,1976-07-14,Futureworld,5.9,351
9133,617505,3.3701,2020-10-07,Hubie Halloween,5.892,1751
9134,241843,2.3701,2014-10-10,Cooties,5.892,801
9135,14873,2.8993,2003-02-07,The Jungle Book 2,5.891,1184
9136,283445,2.6054,2015-08-19,Sinister 2,5.891,2260
9137,5,2.2654,1995-12-09,Four Rooms,5.9,2804
9138,805320,1.9872,2023-07-14,Bird Box Barcelona,5.89,808
9139,661791,1.5477,2022-01-28,The Grandmother,5.89,478
9140,974453,3.719,2024-10-31,Absolution,5.888,497
9141,505436,1.0897,2019-01-30,Serial (Bad) Weddings 2,5.9,1311
9142,340022,1.3487,2018-03-08,Gringo,5.887,788
9143,97020,13.2737,2014-01-30,RoboCop,5.887,5761
9144,20829,3.1907,2009-07-30,Funny People,5.887,1382
9145,895744,0.9255,2022-02-24,Studio 666,5.886,338
9146,9728,6.9326,1982-08-13,Friday the 13th Part III,5.886,1574
9147,9099,1.1174,1996-03-29,Sgt. Bilko,5.886,380
9148,522417,2.2892,2018-10-23,Scorpion King: Book of Souls,5.885,313
9149,383785,2.0599,2017-01-27,Kung Fu Yoga,5.9,421
9150,175574,2.5286,2013-10-30,Free Birds,5.885,840
9151,62838,3.008,2011-12-08,New Year's Eve,5.885,2209
9152,20414,0.2649,2008-03-07,"Grande, grosso e... Verdone",5.885,390
9153,16866,2.7303,2009-11-19,Planet 51,5.885,2125
9154,416234,6.3857,2018-02-02,Winchester,5.884,1805
9155,192145,1.4805,2014-06-20,Third Person,5.884,632
9156,2687,1.7981,1992-02-28,Memoirs of an Invisible Man,5.884,632
9157,968739,1.1143,2022-07-08,Dangerous Liaisons,5.883,316
9158,334536,5.2738,2017-03-31,The Blackcoat's Daughter,5.883,762
9159,133698,1.8434,2012-10-29,A Perfect Plan,5.883,653
9160,2687,1.7981,1992-02-28,Memoirs of an Invisible Man,5.884,632
9161,44833,17.3535,2012-04-11,Battleship,5.882,5846
9162,12139,2.6317,1993-06-09,Dennis the Menace,5.882,1563
9163,6723,15.615,1990-12-07,The Rookie,5.882,602
9164,740925,1.7854,2021-09-29,No One Gets Out Alive,5.881,713
9165,649087,0.6716,2021-02-11,Red Dot,5.881,728
9166,147441,13.6459,2014-12-03,Exodus: Gods and Kings,5.881,4783
9167,13389,2.0232,2008-09-11,Righteous Kill,5.9,1331
9168,1005776,0.901,2022-09-15,V/H/S/99,5.88,346
9169,974453,3.719,2024-10-31,Absolution,5.888,497
9170,679989,1.0254,2020-07-08,Simply Black,5.88,447
9171,461053,1.5338,2017-08-01,S.W.A.T.: Under Siege,5.88,396
9172,7978,16.3157,2010-02-10,The Wolfman,5.88,2144
9173,550201,0.6237,2018-09-27,The Pool,5.879,365
9174,38961,0.9716,2010-07-14,Tamara Drewe,5.879,474
9175,23514,1.6008,2011-10-13,The Rum Diary,5.879,1303
9176,413992,5.4374,2017-11-17,Sweet Virginia,5.878,329
9177,411873,3.6284,2017-06-30,The Little Hours,5.878,641
9178,346709,1.2922,2019-12-25,Line of Duty,5.9,351
9179,10280,3.1915,1996-10-25,Thinner,5.877,673
9180,34803,2.1393,2010-04-15,Death at a Funeral,5.876,1045
9181,12277,1.9688,2002-05-31,Undercover Brother,5.876,415
9182,10061,2.263,1996-08-09,Escape from L.A.,5.876,1562
9183,555974,1.7983,2020-02-20,Brahms: The Boy II,5.9,1287
9184,203665,0.4526,2013-07-15,Paris or Perish,5.9,308
9185,9312,17.5592,1995-08-18,Mortal Kombat,5.874,2466
9186,6439,3.1527,2005-01-06,Racing Stripes,5.9,650
9187,318,1.1689,2000-02-09,The Million Dollar Hotel,5.875,368
9188,431185,0.822,2018-10-25,He's Out There,5.9,330
9189,38541,1.3335,2012-01-13,The Divide,5.9,721
9190,27583,1.1425,2010-03-26,Greenberg,5.876,612
9191,9396,1.9501,1988-05-19,Crocodile Dundee II,5.874,1195
9192,8398,1.5657,2007-01-19,The Hitcher,5.874,970
9193,1257,1.3929,2007-02-02,Because I Said So,5.874,663
9194,52077,1.5418,2010-12-20,Nothing to Declare,5.873,1162
9195,306,4.2366,1994-05-24,Beverly Hills Cop III,5.873,2075
9196,438650,12.6312,2019-02-07,Cold Pursuit,5.872,2757
9197,216015,16.4143,2015-02-11,Fifty Shades of Grey,5.872,12274
9198,23172,2.7802,2010-01-15,The Spy Next Door,5.872,1386
9199,437626,1.6534,2019-04-12,Stockholm,5.871,420
9200,262543,2.8948,2014-10-09,Automata,5.871,1757
9201,84200,0.8717,2012-08-31,"For a Good Time, Call...",5.871,315
9202,11630,1.2697,1990-11-21,3 Men and a Little Lady,5.871,567
9203,235271,3.3953,2014-10-10,Addicted,5.87,436
9204,156717,3.0921,2013-01-04,Death Race: Inferno,5.87,819
9205,81005,5.0128,2013-02-27,Jack the Giant Slayer,5.868,5144
9206,45324,2.2707,2010-09-16,Casino Jack,5.9,317
9207,13690,2.6485,2008-09-24,Open Season 2,5.869,1280
9208,333674,2.5353,2015-06-12,Intruders,5.868,504
9209,50022,1.71,2018-04-19,Super Troopers 2,5.868,503
9210,14161,14.2824,2009-10-10,2012,5.868,12569
9211,11258,1.9318,1998-01-16,Hard Rain,5.868,771
9212,1884,1.0295,1984-12-21,The Ewok Adventure,5.9,408
9213,503,3.7089,2006-05-03,Poseidon,5.868,2258
9214,340945,1.6711,2016-09-22,USS Indianapolis: Men of Courage,5.867,648
9215,54540,1.5146,2011-02-01,Beverly Hills Chihuahua 2,5.867,409
9216,37707,13.1447,2010-06-03,Splice,5.867,2397
9217,11870,2.1114,2002-02-08,Big Fat Liar,5.866,870
9218,4942,2.0694,2008-03-24,Leatherheads,5.9,484
9219,238215,2.3541,2014-09-11,The Cobbler,5.9,1783
9220,13555,12.5205,1981-03-13,The Funhouse,5.864,418
9221,390584,13.5972,2016-10-21,King Cobra,5.863,480
9222,12596,1.0935,1999-04-23,Pushing Tin,5.863,431
9223,9070,1.9172,1995-06-30,Mighty Morphin Power Rangers: The Movie,5.9,754
9224,5375,2.1699,2007-11-09,Fred Claus,5.863,903
9225,418078,4.4322,2017-06-09,It Comes at Night,5.9,2572
9226,152259,2.1443,2013-01-03,Phantom,5.862,341
9227,13067,0.958,2007-04-20,In the Land of Women,5.9,518
9228,93828,1.0924,2013-03-15,Welcome to the Punch,5.861,687
9229,496704,1.3046,2018-05-01,Tremors: A Cold Day in Hell,5.9,447
9230,114478,1.5714,2012-08-28,Starship Troopers: Invasion,5.86,424
9231,36648,5.3155,2004-12-08,Blade: Trinity,5.86,4233
9232,485942,1.8848,2018-03-24,Batman Ninja,5.859,1057
9233,10131,5.4874,1988-08-19,A Nightmare on Elm Street 4: The Dream Master,5.859,1571
9234,3682,1.5269,1998-08-28,54,5.9,509
9235,1450,1.5181,2009-04-02,Blood: The Last Vampire,5.859,410
9236,772515,1.7327,2023-02-10,Huesera: The Bone Woman,5.858,373
9237,718840,1.0644,2020-07-18,A Nice Girl Like You,5.858,376
9238,41171,1.5174,2004-11-12,Noel,5.9,321
9239,8836,2.5325,2008-07-24,The X Files: I Want to Believe,5.857,1613
9240,8836,2.5325,2008-07-24,The X Files: I Want to Believe,5.857,1613
9241,862551,2.848,2022-08-26,Me Time,5.856,998
9242,615658,1.501,2021-06-09,Awake,5.856,1143
9243,377275,3.7612,2016-09-14,In Bed with Victoria,5.9,502
9244,72207,5.9753,2012-04-27,The Five-Year Engagement,5.855,1392
9245,28597,1.4018,1991-07-03,Problem Child 2,5.855,657
9246,12138,2.1248,2001-02-23,3000 Miles to Graceland,5.855,687
9247,12096,3.9659,2006-02-10,The Pink Panther,5.855,2076
9248,9988,2.6437,2006-08-25,Beerfest,5.855,589
9249,643550,2.7694,2020-10-13,Nocturne,5.9,511
9250,38321,10.6003,2011-05-05,Priest,5.854,2470
9251,11851,1.6727,1988-06-10,The Presidio,5.854,360
9252,970450,3.6327,2024-12-04,Werewolves,5.853,472
9253,419522,1.2011,2017-02-23,Ignorance Is Bliss,5.853,457
9254,4327,9.7579,2000-11-02,Charlie's Angels,5.853,4437
9255,811656,0.5596,2022-05-13,Monstrous,5.852,327
9256,509874,1.4075,2019-07-12,Lying and Stealing,5.9,369
9257,334394,0.5745,2015-12-31,Baskin,5.852,341
9258,206296,0.7323,2014-11-03,The Last Five Years,5.852,349
9259,157823,0.7659,2014-04-23,Night Moves,5.852,361
9260,109431,3.2576,2013-02-07,Identity Thief,5.852,3476
9261,49524,4.1143,2013-07-18,R.I.P.D.,5.852,4232
9262,10317,4.5065,2015-09-11,Our Brand Is Crisis,5.852,522
9263,462148,0.6659,2018-04-18,Love Addict,5.851,367
9264,79697,0.8791,2012-10-05,Butter,5.851,419
9265,27573,1.6358,2010-03-16,The Bounty Hunter,5.851,3006
9266,9413,2.8811,1997-08-01,Picture Perfect,5.851,447
9267,270010,5.7232,2016-04-22,A Hologram for the King,5.85,1207
9268,192149,0.7971,2014-05-16,The Two Faces of January,5.85,722
9269,48946,1.3949,2010-08-11,Chatroom,5.8,306
9270,11074,1.7098,1993-09-17,Striking Distance,5.85,875
9271,3512,2.8402,1995-07-13,Under Siege 2: Dark Territory,5.85,994
9272,1691,2.7177,2007-06-07,Hostel: Part II,5.849,2176
9273,315319,0.2206,2015-01-02,We Accept Miracles,5.848,434
9274,15019,1.1405,2007-05-11,I Could Never Be Your Woman,5.8,445
9275,11517,2.2438,1995-11-21,Money Train,5.848,840
9276,432618,0.811,2017-10-11,Coexist,5.847,416
9277,277547,1.5333,2014-09-26,Playing It Cool,5.847,802
9278,9957,2.011,2006-04-07,The Benchwarmers,5.847,920
9279,4442,3.4458,2005-08-26,The Brothers Grimm,5.847,2907
9280,768334,1.3217,2021-07-01,A Classic Horror Story,5.846,1028
9281,547388,0.5269,2019-02-27,New Biz in the Hood,5.846,338
9282,4442,3.4458,2005-08-26,The Brothers Grimm,5.847,2907
9283,291264,2.7686,2016-04-16,The Family Fang,5.8,338
9284,74777,1.6961,2011-03-03,Absentia,5.845,368
9285,24418,2.3275,2009-10-23,Cirque du Freak: The Vampire's Assistant,5.845,1154
9286,9678,2.8083,2000-11-10,Little Nicky,5.845,1943
9287,9482,9.9478,1995-06-30,Judge Dredd,5.845,2671
9288,664341,5.1644,2023-12-01,Eileen,5.844,368
9289,621707,0.6867,2020-07-01,The Vigil,5.844,421
9290,353979,8.1821,2016-09-24,Pet,5.844,716
9291,101173,1.7523,2011-02-14,Coriolanus,5.844,485
9292,9754,4.1562,2006-02-08,Firewall,5.844,1016
9293,780154,0.4947,2020-12-28,All My Friends Are Dead,5.842,383
9294,59965,6.0216,2011-09-22,Abduction,5.842,2993
9295,44982,2.404,2010-03-12,13,5.842,879
9296,87567,1.1466,2013-04-25,The Big Wedding,5.841,1211
9297,663866,1.0111,2021-06-11,Censor,5.84,445
9298,650783,1.4431,2020-11-12,The Comeback Trail,5.8,362
9299,429460,0.7958,2017-11-09,Muse,5.8,368
9300,25643,1.2082,2009-09-18,Love Happens,5.8,707
9301,10172,1.4609,2007-04-04,Are We Done Yet?,5.84,671
9302,500922,1.4114,2019-08-01,A Score to Settle,5.8,518
9303,440708,0.5225,2017-02-14,Mom or Dad?,5.839,645
9304,8849,23.7922,2004-10-22,Alfie,5.839,862
9305,2144,0.884,2001-04-19,One Night at McCool's,5.839,366
9306,675327,2.3755,2021-01-01,Shadow in the Cloud,5.838,1040
9307,393345,2.5113,2017-10-12,Cult of Chucky,5.838,1391
9308,244761,23.6712,2014-09-05,The Captive,5.838,1153
9309,1234731,48.8638,2025-12-24,Anaconda,5.837,702
9310,69778,0.8421,2011-09-02,A Good Old Fashioned Orgy,5.837,343
9311,521935,6.7244,2018-10-01,Cam,5.836,1561
9312,487702,0.7316,2017-12-05,F the Prom,5.836,417
9313,37414,1.5919,2010-02-19,The Killer Inside Me,5.836,614
9314,342878,2.6113,2015-06-24,One Wild Moment,5.835,1066
9315,77953,10.3828,2012-08-09,The Campaign,5.835,1844
9316,12569,0.9677,2009-09-03,Extract,5.8,663
9317,10379,1.4906,1991-04-19,Drop Dead Fred,5.835,392
9318,192134,0.9257,2013-11-14,Dom Hemingway,5.8,536
9319,25132,2.1873,2009-08-21,Shorts,5.8,308
9320,527400,1.6269,2020-11-12,Come Away,5.833,312
9321,342878,2.6113,2015-06-24,One Wild Moment,5.835,1066
9322,71679,0.8248,2012-09-12,Resident Evil: Retribution,5.833,4249
9323,28941,8.4454,1986-11-14,Chopping Mall,5.833,400
9324,9570,4.3339,1979-12-18,The Black Hole,5.833,535
9325,6877,1.9945,2006-03-10,Failure to Launch,5.833,1748
9326,14223,1.1766,2007-05-18,Wind Chill,5.832,516
9327,11806,14.4567,1992-04-03,Beethoven,5.832,2211
9328,570132,0.7891,2019-04-03,Battle of the Classes,5.831,311
9329,51620,3.5643,2010-11-12,Death Race 2,5.831,1178
9330,13056,5.8701,2008-12-05,Punisher: War Zone,5.832,1264
9331,7183,20.7156,2007-04-11,Perfect Stranger,5.831,1000
9332,6477,5.6527,2007-12-13,Alvin and the Chipmunks,5.832,4689
9333,9932,1.6136,2002-12-06,Analyze That,5.8,1353
9334,284537,0.6919,2015-05-01,Welcome to Me,5.829,330
9335,240916,1.3131,2014-01-17,Reasonable Doubt,5.829,584
9336,18457,1.151,2002-04-10,Dead Weight,5.829,397
9337,10768,6.8618,1981-03-20,The Final Conflict,5.8,623
9338,9980,4.3681,1986-07-13,Maximum Overdrive,5.8,843
9339,359412,10.4379,2016-07-01,Marauders,5.8,693
9340,174751,1.2828,2015-12-31,Jane Got a Gun,5.8,857
9341,14035,1.5246,1979-06-28,Meatballs,5.8,346
9342,13505,1.2885,2004-01-30,The Perfect Score,5.828,502
9343,539885,8.97,2020-07-02,Ava,5.827,2714
9344,58547,0.9027,2012-09-14,10 Years,5.827,578
9345,13998,0.8853,2007-11-16,Margot at the Wedding,5.827,312
9346,9824,2.091,1999-08-06,Mystery Men,5.827,893
9347,2099,4.7108,1986-06-06,Raw Deal,5.827,873
9348,996821,5.0972,2025-01-29,You're Cordially Invited,5.825,426
9349,255157,1.3458,2014-09-10,The Forger,5.825,397
9350,150202,1.3293,2013-02-01,The Haunting in Connecticut 2: Ghosts of Georgia,5.825,550
9351,57331,1.0681,2011-02-16,Largo Winch II,5.8,395
9352,17127,1.142,1998-04-17,The Object of My Affection,5.825,323
9353,107811,1.6488,2013-03-01,21 & Over,5.824,1583
9354,77987,1.5192,2013-05-30,Only God Forgives,5.824,2547
9355,23367,1.0499,2009-08-06,Bandslam,5.824,482
9356,15379,1.6068,1984-11-16,Missing in Action,5.824,539
9357,9384,2.2591,2004-03-05,Starsky & Hutch,5.824,2477
9358,807172,4.7193,2023-10-04,The Exorcist: Believer,5.8,1230
9359,502416,3.558,2019-05-29,Ma,5.8,2396
9360,9600,5.862,2000-05-31,Big Momma's House,5.822,2431
9361,8457,2.6969,2008-02-04,Drillbit Taylor,5.822,1082
9362,423087,0.9725,2017-10-12,6 Below: Miracle on the Mountain,5.821,386
9363,335791,0.8862,2016-09-09,When the Bough Breaks,5.821,430
9364,53172,0.9829,2010-01-14,Henry's Crime,5.821,376
9365,12193,13.5258,2008-11-26,Four Christmases,5.8,1240
9366,11451,4.1115,2005-06-19,Herbie Fully Loaded,5.821,2393
9367,10596,1.5455,2001-05-11,Replicant,5.821,514
9368,619979,10.3795,2022-03-17,Deep Water,5.82,1595
9369,250349,2.05,2014-04-30,Barbecue,5.821,734
9370,793723,2.7086,2021-03-05,Sentinelle,5.819,624
9371,843543,1.7794,2022-09-21,Meet Cute,5.817,304
9372,433627,2.02,2018-03-15,7 Days in Entebbe,5.817,439
9373,325133,2.4499,2016-05-04,Neighbors 2: Sorority Rising,5.817,4566
9374,10054,6.54,2001-03-18,Spy Kids,5.817,3657
9375,334538,1.2551,2016-06-03,Into the Forest,5.816,706
9376,996821,5.0972,2025-01-29,You're Cordially Invited,5.825,426
9377,517412,3.1793,2020-08-14,Tesla,5.816,364
9378,437311,0.7859,2017-04-07,Orbiter 9,5.815,313
9379,11856,1.6368,1990-08-10,Air America,5.815,641
9380,3513,3.3863,1998-12-03,Legionnaire,5.8,600
9381,790462,2.115,2024-01-19,I.S.S.,5.81,365
9382,323676,5.5538,2016-04-07,The Boss,5.814,1383
9383,57157,9.7358,2011-11-11,Young Adult,5.814,1335
9384,693113,1.473,2021-07-23,Midnight in the Switchgrass,5.813,473
9385,368940,10.1578,2016-02-04,Robinson Crusoe,5.8,353
9386,354861,1.3803,2017-12-21,Father Figures,5.813,666
9387,44943,3.441,2011-03-08,Battle: Los Angeles,5.813,3659
9388,38262,0.5062,1986-06-06,Department Store,5.813,313
9389,4248,17.9236,2001-07-04,Scary Movie 2,5.8,5021
9390,60049,0.6814,2007-10-09,Come tu mi vuoi,5.812,578
9391,11141,1.1744,2004-04-04,Laws of Attraction,5.812,447
9392,377264,13.7732,2016-09-01,Morgan,5.811,1572
9393,19904,2.5056,2009-10-16,The Stepfather,5.811,952
9394,34311,0.9856,1988-08-26,Sleepaway Camp II: Unhappy Campers,5.81,315
9395,9074,2.1014,2005-09-08,The Man,5.81,608
9396,380124,1.374,2016-10-21,Boo! A Madea Halloween,5.8,432
9397,73499,1.074,2011-10-27,The Double,5.8,704
9398,403119,3.4073,2017-05-25,47 Meters Down,5.806,2823
9399,214030,1.0446,2013-09-07,Fading Gigolo,5.808,611
9400,20606,4.8341,2009-06-11,Doghouse,5.808,387
9401,320316,0.4596,2015-01-29,Italiano medio,5.807,484
9402,299551,0.7575,2015-01-05,The Atticus Institute,5.807,352
9403,26953,1.5435,1989-10-12,Puppetmaster,5.807,381
9404,9341,9.0616,2003-03-28,The Core,5.807,2088
9405,461992,1.3654,2018-03-08,Hostile,5.8,399
9406,403119,3.4073,2017-05-25,47 Meters Down,5.806,2823
9407,87428,11.7611,2012-06-14,That's My Boy,5.806,2121
9408,61630,0.4285,2003-12-19,Suddenly Heaven,5.8,356
9409,182,1.203,2006-12-15,The Good German,5.806,340
9410,550385,0.9642,2018-11-01,Christmas with a View,5.805,318
9411,412546,2.194,2018-10-14,Antrum,5.805,344
9412,322240,6.9716,2016-08-03,Nine Lives,5.805,1125
9413,46261,1.4786,2010-11-06,Don't Be Afraid of the Dark,5.805,1116
9414,14211,1.6432,2007-05-18,Prey,5.8,402
9415,9981,1.6374,2005-05-13,Kicking & Screaming,5.805,674
9416,8869,2.7951,2002-07-17,Eight Legged Freaks,5.805,1324
9417,60281,1.2206,2013-02-22,To the Wonder,5.804,531
9418,9738,15.4874,2005-06-29,Fantastic Four,5.804,9867
9419,2565,1.3933,1990-03-09,Joe Versus the Volcano,5.804,572
9420,325848,0.3029,2015-04-29,The Parisian Bitch,5.803,485
9421,323368,1.1723,2017-12-22,Hangman,5.8,631
9422,256474,1.0488,2014-04-04,In the Blood,5.803,376
9423,11397,4.6568,2001-12-07,Not Another Teen Movie,5.803,2240
9424,52451,3.195,2011-08-31,The Three Musketeers,5.802,2745
9425,957452,8.3557,2024-08-21,The Crow,5.801,1218
9426,456165,0.9556,2018-02-28,Family Is Family,5.801,763
9427,12118,7.0295,1986-03-20,Police Academy 3: Back in Training,5.801,1336
9428,10877,2.78,2001-03-16,Exit Wounds,5.801,544
9429,429202,19.8784,2018-09-07,Vox Lux,5.799,522
9430,408266,1.3421,2017-08-25,Birth of the Dragon,5.799,323
9431,16164,2.3028,2008-11-13,Killshot,5.799,311
9432,10406,1.9383,1992-05-22,Encino Man,5.799,690
9433,13836,2.5084,2009-03-13,Race to Witch Mountain,5.8,1791
9434,10862,1.4868,2000-11-15,Bounce,5.798,406
9435,12123,2.0193,1996-08-02,Chain Reaction,5.797,1176
9436,1452,16.3221,2006-06-28,Superman Returns,5.797,4482
9437,50359,4.1689,2011-03-30,Hop,5.796,1366
9438,1196470,13.3228,2024-06-19,Survive,5.795,351
9439,615469,9.8165,2022-06-17,Spiderhead,5.795,1708
9440,1196470,13.3228,2024-06-19,Survive,5.795,351
9441,422715,0.6287,2017-01-19,The Bride,5.795,364
9442,184315,20.3592,2014-07-23,Hercules,5.795,4290
9443,1961,0.6325,2007-10-01,My Name Is Bruce,5.795,356
9444,1108566,4.1667,2024-09-25,Killer Heat,5.8,310
9445,19064,1.0235,1985-11-15,Once Bitten,5.794,355
9446,11962,1.2501,1996-07-26,Joe's Apartment,5.794,364
9447,305932,0.3839,2014-12-12,Expelled,5.793,452
9448,10829,1.8698,2001-10-02,Tremors 3: Back to Perfection,5.793,691
9449,10069,1.6916,2006-03-24,Stay Alive,5.8,810
9450,9491,16.9678,1990-03-16,Blue Steel,5.793,447
9451,412988,4.3495,2018-08-22,The Happytime Murders,5.792,1068
9452,76489,4.6587,2012-04-13,The Three Stooges,5.792,626
9453,10092,7.7847,2005-09-16,Cry_Wolf,5.792,583
9454,287084,0.8877,2014-10-16,The Town that Dreaded Sundown,5.791,511
9455,10861,1.366,1996-09-13,Maximum Risk,5.791,550
9456,862552,1.9241,2023-03-09,The Ritual Killer,5.79,347
9457,271718,4.6345,2015-07-17,Trainwreck,5.789,2693
9458,250546,5.3495,2014-10-01,Annabelle,5.789,6485
9459,72477,3.1641,2011-10-14,Texas Killing Fields,5.789,509
9460,1079485,3.9581,2024-03-26,Winnie-the-Pooh: Blood and Honey 2,5.788,458
9461,661930,0.6855,2021-04-09,The Swarm,5.788,503
9462,353491,6.2278,2017-08-03,The Dark Tower,5.788,5457
9463,271718,4.6345,2015-07-17,Trainwreck,5.788,2694
9464,81836,1.4217,2012-04-20,To Rome with Love,5.788,2069
9465,70706,0.7556,2013-01-22,Very Good Girls,5.8,452
9466,41436,2.7029,2010-10-20,Paranormal Activity 2,5.788,2600
9467,11908,2.1629,2006-04-27,Hatchet,5.787,704
9468,8676,2.6921,2008-02-07,Fool's Gold,5.787,1558
9469,82505,1.5948,2012-09-21,House at the End of the Street,5.8,1878
9470,42949,5.2591,2010-08-22,Arthur 3: The War of the Two Worlds,5.786,1591
9471,14869,8.5936,2009-08-03,G.I. Joe: The Rise of Cobra,5.786,4850
9472,12090,2.8253,2003-01-08,Just Married,5.786,1446
9473,30618,2.216,2010-09-01,Bunraku,5.785,346
9474,3489,2.7793,2007-02-14,88 Minutes,5.785,1160
9475,560204,3.1501,2020-05-05,Arkansas,5.783,341
9476,451877,1.3413,2018-09-14,I Think We're Alone Now,5.8,431
9477,119698,1.664,2012-08-09,The Dinosaur Project,5.782,324
9478,46221,5.7957,2011-05-19,The Tunnel,5.782,441
9479,19366,1.4205,2001-04-06,Josie and the Pussycats,5.782,362
9480,275601,0.9843,2015-07-10,Ricki and the Flash,5.781,738
9481,94380,1.4531,2012-04-12,Bad Ass,5.781,423
9482,56014,0.5964,2010-10-27,Men Vs Women,5.781,704
9483,10694,1.6238,1994-03-04,The Chase,5.781,379
9484,1717,1.3297,2006-09-10,All the King's Men,5.781,329
9485,595743,2.1472,2021-08-11,SAS: Red Notice,5.78,578
9486,311539,0.6029,2015-07-20,A Christmas Horror Story,5.78,370
9487,50671,2.0954,2011-02-10,The Resident,5.78,669
9488,13812,2.0791,2008-10-10,Quarantine,5.78,1336
9489,9424,4.913,1998-07-24,Disturbing Behavior,5.78,410
9490,11632,1.3086,2004-09-01,Vanity Fair,5.8,356
9491,357096,4.9569,2015-10-01,I Spit on Your Grave III: Vengeance Is Mine,5.8,1042
9492,9669,2.0222,1999-01-23,Ring 2,5.8,454
9493,1425045,5.9603,2025-07-02,Brick,5.777,678
9494,739413,3.664,2021-12-17,Mother/Android,5.777,822
9495,492621,0.8515,2016-09-30,The Midnight Man,5.8,439
9496,489929,5.7907,2018-08-02,Destination Wedding,5.777,817
9497,332704,1.0775,2015-07-25,Backtrack,5.777,393
9498,112454,2.8952,2014-11-13,Clown,5.777,1440
9499,13536,1.4448,2002-09-06,City by the Sea,5.8,376
9500,2087,11.4308,1994-02-11,The Getaway,5.777,381
9501,1408,3.822,1995-12-22,Cutthroat Island,5.777,603
9502,788752,2.4376,2022-11-18,Viking Wolf,5.776,362
9503,728949,6.2987,2024-12-06,Nightbitch,5.776,340
9504,24001,1.3018,2009-09-29,The Hills Run Red,5.8,333
9505,16000,2.1178,2008-02-11,Ben 10: Race Against Time,5.8,350
9506,489064,1.1788,2019-09-16,3 from Hell,5.775,532
9507,34636,4.9594,1990-10-25,The NeverEnding Story II: The Next Chapter,5.8,868
9508,11565,2.5634,2006-01-26,Big Momma's House 2,5.8,1676
9509,1375,15.3435,1990-11-16,Rocky V,5.775,3410
9510,18896,0.6035,2009-06-10,The French Kissers,5.774,461
9511,13207,7.6376,2009-02-11,Friday the 13th,5.774,2806
9512,557946,2.0417,2022-01-27,Last Looks,5.773,364
9513,123105,1.0019,2012-09-13,The Bay,5.773,845
9514,11519,1.934,1979-12-14,1941,5.8,669
9515,10733,1.1868,2004-04-07,The Alamo,5.773,355
9516,85038,0.7027,2012-01-18,Welcome to the North,5.772,1340
9517,39106,18.8213,1994-07-09,Dragon Ball Z: Bio-Broly,5.8,554
9518,10014,3.6804,1985-11-01,A Nightmare on Elm Street Part 2: Freddy's Revenge,5.772,2054
9519,13498,1.6618,2005-02-25,Man of the House,5.8,496
9520,9906,3.5226,2006-07-28,The Ant Bully,5.771,1452
9521,3603,1.2496,2006-09-10,Black Sheep,5.771,805
9522,355008,1.0969,2016-04-22,Special Correspondents,5.77,549
9523,11478,1.6176,2000-03-31,The Skulls,5.77,585
9524,271969,3.7297,2016-08-17,Ben-Hur,5.769,1762
9525,62206,1.5386,2011-08-11,30 Minutes or Less,5.8,1799
9526,433251,2.4908,2017-08-11,Naked,5.768,1317
9527,265010,0.7893,2014-10-10,The Canal,5.768,454
9528,129139,1.5764,2013-07-24,The To Do List,5.8,1078
9529,84105,1.0234,2012-01-13,Frenemies,5.768,440
9530,10996,2.0262,2002-07-19,Stuart Little 2,5.768,2521
9531,459202,4.0066,2017-10-20,Boo 2! A Madea Halloween,5.8,494
9532,347754,1.4194,2015-08-31,Curve,5.8,530
9533,333663,0.915,2016-10-07,War on Everyone,5.766,455
9534,257344,9.0546,2015-07-16,Pixels,5.766,7946
9535,41668,0.7894,1996-12-20,Fantozzi The Return,5.766,394
9536,9886,2.0491,1995-05-26,Johnny Mnemonic,5.766,1483
9537,159128,1.1685,2013-09-27,We Are What We Are,5.765,582
9538,40817,26.3722,2010-01-29,Kiss Me Again,5.765,383
9539,9809,2.2289,2006-11-17,Let's Go to Prison,5.765,321
9540,748167,2.1348,2024-09-12,Uglies,5.764,899
9541,339396,1.0305,2016-11-11,True Memoirs of an International Assassin,5.764,839
9542,72331,9.2888,2012-06-20,Abraham Lincoln: Vampire Hunter,5.765,3506
9543,45657,1.4891,2010-09-13,The Ward,5.8,1270
9544,11456,2.5021,2001-10-28,Domestic Disturbance,5.764,459
9545,8867,5.5636,1989-10-05,The Punisher,5.761,655
9546,2334,3.2002,2003-01-29,Taxi 3,5.764,1622
9547,582186,1.0983,2019-02-14,"Oh, Ramona!",5.763,419
9548,539537,3.6465,2020-02-12,Fantasy Island,5.8,2607
9549,265010,0.7893,2014-10-10,The Canal,5.768,454
9550,256569,0.9278,2016-10-14,Trespass Against Us,5.762,342
9551,234004,0.9959,2016-04-13,Ratchet & Clank,5.762,654
9552,16235,1.1747,1982-09-24,Amityville II: The Possession,5.8,395
9553,869,5.4533,2001-07-26,Planet of the Apes,5.762,4341
9554,276902,0.9442,2014-10-04,Cut Bank,5.761,347
9555,10805,1.6819,1983-07-11,Staying Alive,5.761,486
9556,1996,3.3174,2003-07-21,Lara Croft: Tomb Raider - The Cradle of Life,5.761,4447
9557,366668,1.5489,2019-06-10,Playmobil: The Movie,5.759,305
9558,266396,7.0775,2015-02-16,The Gunman,5.759,1010
9559,224141,4.8665,2014-12-24,Into the Woods,5.76,4380
9560,366668,1.5489,2019-06-10,Playmobil: The Movie,5.8,305
9561,45650,1.9005,2009-09-12,The Hole,5.759,751
9562,41513,5.5707,2011-07-29,The Smurfs,5.759,3956
9563,4597,1.1347,2009-12-04,Armored,5.759,687
9564,737568,3.6654,2020-10-01,The Doorman,5.8,451
9565,266396,7.0775,2015-02-16,The Gunman,5.758,1012
9566,57165,6.857,2012-03-28,Wrath of the Titans,5.758,4447
9567,56903,2.0681,2004-03-12,Three Steps Over Heaven,5.758,710
9568,17169,1.1663,1980-12-17,Any Which Way You Can,5.757,360
9569,10599,10.9972,2002-10-11,Pinocchio,5.757,784
9570,20068,0.3431,2005-03-18,The Manual of Love,5.756,328
9571,9095,1.0368,1996-02-23,Mary Reilly,5.756,338
9572,14289,1.7496,1997-09-05,Fire Down Below,5.755,387
9573,1683,2.7904,2007-04-04,The Reaping,5.755,881
9574,268920,3.7495,2015-05-08,Hot Pursuit,5.754,1705
9575,273169,0.5155,2014-06-04,French Women,5.753,384
9576,77931,7.0617,2013-07-30,The Smurfs 2,5.752,2346
9577,68179,1.5742,2013-02-14,Escape from Planet Earth,5.752,799
9578,10320,4.52,2005-03-10,The Ring Two,5.752,2410
9579,449459,4.9527,2019-01-04,The Vanishing,5.751,774
9580,449459,4.9527,2019-01-04,The Vanishing,5.751,774
9581,56906,2.2475,2011-01-28,Husk,5.8,363
9582,9966,2.1802,2007-02-02,The Messengers,5.75,852
9583,370567,1.9457,2018-03-15,Sherlock Gnomes,5.75,761
9584,223702,42.7857,2016-07-11,Sausage Party,5.75,7635
9585,10891,1.5755,2004-01-02,Tremors 4: The Legend Begins,5.75,504
9586,17335,2.9723,2009-02-26,Obsessed,5.749,688
9587,14098,1.7797,2008-07-22,100 Feet,5.749,337
9588,2122,1.6351,2004-04-07,The Whole Ten Yards,5.748,1017
9589,390051,9.5584,2017-02-28,Aftermath,5.746,953
9590,9038,2.2863,2007-10-05,The Heartbreak Kid,5.7,1719
9591,291328,1.6543,2016-11-23,Rules Don't Apply,5.7,492
9592,987686,8.2142,2024-06-27,A Family Affair,5.745,701
9593,986097,7.4662,2025-09-18,HIM,5.7,326
9594,376865,10.6363,2018-09-26,High Life,5.744,1201
9595,10040,2.4434,2005-03-11,Miss Congeniality 2: Armed and Fabulous,5.744,1947
9596,9683,1.9144,2001-08-24,Bubble Boy,5.744,616
9597,35626,0.9032,2008-11-04,Return to Sleepaway Camp,5.743,335
9598,10679,1.7449,2012-04-04,Iron Sky,5.745,1733
9599,270774,4.352,2016-07-21,Skiptrace,5.7,747
9600,157433,6.5332,2019-04-04,Pet Sematary,5.743,3375
9601,10035,2.066,2000-09-01,100 Girls,5.7,484
9602,382597,1.298,2017-02-01,R.A.I.D. Special Unit,5.742,935
9603,347945,1.1068,2015-07-22,Synchronicity,5.741,400
9604,26505,7.5807,2009-11-26,Arthur and the Revenge of Maltazard,5.741,1754
9605,13742,1.589,2006-02-01,Satan,5.741,378
9606,6499,1.0979,1997-03-27,Turbo: A Power Rangers Movie,5.741,307
9607,2124,1.848,1994-08-19,Color of Night,5.7,616
9608,567971,1.0942,2020-10-02,Vampires vs. the Bronx,5.74,313
9609,18176,1.0953,2008-01-17,Assassination of a High School President,5.74,321
9610,10823,14.2031,1984-03-09,Children of the Corn,5.7,1104
9611,628917,2.0642,2020-08-06,An American Pickle,5.738,566
9612,504585,0.7895,2019-11-01,Little Joe,5.738,313
9613,40969,1.1471,1980-10-03,Terror Train,5.738,303
9614,811631,2.8629,2022-03-25,Infinite Storm,5.737,346
9615,869291,6.3049,2024-02-16,Cuckoo,5.73,463
9616,622420,0.7793,2019-11-09,The Jack in the Box,5.7,468
9617,614911,4.1729,2020-12-10,The Midnight Sky,5.736,1980
9618,486103,0.4261,2018-03-01,My Big Gay Italian Wedding,5.736,316
9619,10771,3.5562,2002-09-27,The Tuxedo,5.736,2124
9620,172,3.275,1989-06-09,Star Trek V: The Final Frontier,5.735,1281
9621,276488,0.7857,2014-04-17,Let Us Prey,5.734,357
9622,171424,5.4773,2013-09-08,The Green Inferno,5.734,1561
9623,6641,0.8193,2006-09-09,Love and Other Disasters,5.734,344
9624,209189,1.2867,2013-09-14,Life of Crime,5.733,419
9625,11649,2.71,1987-08-07,Masters of the Universe,5.7,975
9626,772272,1.0274,2022-02-10,Tall Girl 2,5.732,398
9627,10053,2.2326,2006-02-03,When a Stranger Calls,5.732,1134
9628,1441,2.0638,2006-04-05,The Contract,5.732,538
9629,59115,0.9094,2011-06-16,Quarantine 2: Terminal,5.731,608
9630,52214,0.5174,2007-12-14,A Beautiful Wife,5.731,483
9631,869291,6.3049,2024-02-16,Cuckoo,5.73,463
9632,440597,1.2543,2017-07-07,Wish Upon,5.73,1450
9633,115348,1.9298,2013-08-14,Paranoia,5.73,902
9634,8920,5.9508,2004-06-10,Garfield,5.73,4199
9635,15983,4.4503,1985-09-27,Invasion U.S.A.,5.7,321
9636,9562,3.036,2003-11-26,Timeline,5.729,1147
9637,15681,0.8957,2009-02-06,Ex,5.7,464
9638,10723,4.2741,1996-09-06,Bulletproof,5.7,622
9639,9877,2.3443,1998-09-25,Urban Legend,5.727,1431
9640,9616,2.1308,2003-09-05,The Order,5.7,379
9641,469916,1.6454,2018-05-25,Downrange,5.7,335
9642,85735,0.6889,2011-12-10,Love Lasts Three Years,5.726,421
9643,1083433,7.5034,2025-07-16,I Know What You Did Last Summer,5.725,684
9644,15566,1.1355,2004-09-21,Surviving Christmas,5.725,579
9645,71672,4.6784,2011-10-17,Wrong Turn 4: Bloody Beginnings,5.724,1191
9646,10799,0.8069,2005-04-20,Empire of the Wolves,5.7,317
9647,312831,0.9619,2015-11-06,The Hallow,5.723,672
9648,306964,0.9883,2015-10-16,Tales of Halloween,5.723,527
9649,11067,1.4495,1994-03-30,Major League II,5.7,354
9650,492611,2.4173,2020-01-23,The Turning,5.7,1014
9651,413998,1.3753,2017-06-08,My Cousin Rachel,5.722,607
9652,38778,1.4666,2010-07-30,Dinner for Schmucks,5.722,1907
9653,36599,2.4288,1980-07-18,Prom Night,5.7,488
9654,4823,1.3681,1992-02-07,Final Analysis,5.7,306
9655,631060,1.8107,2021-04-29,Things Heard & Seen,5.721,1053
9656,14123,0.9575,2007-08-03,Bratz,5.721,463
9657,13476,2.2627,2004-01-23,Win a Date with Tad Hamilton!,5.721,508
9658,248574,10.4381,2015-04-23,Barely Lethal,5.7,1104
9659,85435,0.6533,2012-01-05,A Few Best Men,5.7,448
9660,8870,1.6455,2000-11-10,Red Planet,5.72,1131
9661,156547,7.2199,2013-01-03,Us in the U.S.,5.717,307
9662,10661,5.9094,2008-06-05,You Don't Mess with the Zohan,5.717,4006
9663,389053,2.1361,2016-05-27,The Do-Over,5.716,1581
9664,109513,1.276,2012-08-22,Hit & Run,5.716,568
9665,3050,3.8518,1998-06-26,Doctor Dolittle,5.716,3241
9666,844417,2.3564,2023-02-15,Marlowe,5.715,426
9667,487004,0.5682,2018-03-21,The Full House,5.7,314
9668,480105,3.3748,2019-08-15,47 Meters Down: Uncaged,5.715,1500
9669,304372,1.5584,2015-09-11,The Perfect Guy,5.715,339
9670,27726,2.5245,1982-09-08,Q,5.715,491
9671,11132,1.863,2004-02-17,Confessions of a Teenage Drama Queen,5.715,943
9672,70435,5.8522,2011-11-01,Haywire,5.714,1458
9673,2928,1.6087,1996-12-25,Michael,5.714,670
9674,499726,4.2659,2018-05-02,MILF,5.713,590
9675,463053,6.3829,2018-05-25,Ibiza,5.713,1183
9676,416051,0.9916,2017-11-01,Based on a True Story,5.713,515
9677,514277,1.0343,2018-08-22,Mara,5.7,413
9678,310126,0.4098,2014-12-11,"The Rich, the Pauper and the Butler",5.712,883
9679,385360,1.8824,2018-07-19,Billionaire Boys Club,5.711,505
9680,371608,2.4946,2018-03-07,The Strangers: Prey at Night,5.711,1472
9681,15159,1.8247,2009-02-06,The Pink Panther 2,5.711,1219
9682,1053544,1.4794,2023-09-15,The Abyss,5.71,302
9683,60747,2.9203,2012-03-15,Red Dawn,5.71,1713
9684,11472,1.2479,1995-07-12,Nine Months,5.71,694
9685,384682,3.4092,2016-11-25,Office Christmas Party,5.709,2187
9686,124459,3.2212,2013-03-14,The Incredible Burt Wonderstone,5.709,1502
9687,28665,1.0804,2009-09-23,Fame,5.709,375
9688,17941,2.1963,1998-03-06,Hush,5.709,322
9689,760873,1.5749,2021-08-26,The Colony,5.708,334
9690,336890,1.0761,2017-03-17,Goon: Last of the Enforcers,5.7,343
9691,167810,3.1929,2015-04-08,Lost River,5.708,636
9692,144789,0.8352,2013-03-08,I'm So Excited!,5.708,707
9693,10327,3.7304,2003-07-02,"Legally Blonde 2: Red, White & Blonde",5.708,1721
9694,86835,1.4456,2015-09-10,Knight of Cups,5.7,707
9695,13713,1.3577,2006-04-05,Jean-Philippe,5.707,323
9696,960258,1.3237,2022-05-13,Shark Bait,5.706,355
9697,94363,1.1034,2012-05-11,Hick,5.706,448
9698,9292,1.3709,1991-05-23,Hudson Hawk,5.706,1110
9699,2155,1.3829,2000-02-25,Reindeer Games,5.7,717
9700,852445,2.1195,2023-09-20,Acid,5.705,319
9701,41517,1.5133,2011-10-24,Ra.One,5.705,364
9702,48988,6.3771,2011-02-25,Hall Pass,5.704,2075
9703,8860,1.3736,1997-01-16,Metro,5.704,601
9704,20856,1.4525,2009-07-30,Aliens in the Attic,5.702,1042
9705,704673,4.8145,2024-06-20,Trigger Warning,5.7,561
9706,38358,1.6065,2010-08-27,The Last Exorcism,5.7,1095
9707,253161,1.0097,2015-06-04,Madame Bovary,5.7,417
9708,215379,0.7536,2014-06-28,Young Ones,5.699,324
9709,26263,1.625,1987-06-11,Death Wish 4: The Crackdown,5.699,336
9710,4954,1.3923,1994-12-08,Drop Zone,5.7,444
9711,332411,3.4655,2016-04-14,I Am Wrath,5.7,718
9712,10344,1.8487,1989-02-10,The Fly II,5.698,711
9713,55301,3.811,2011-12-14,Alvin and the Chipmunks: Chipwrecked,5.697,2327
9714,11467,1.152,2001-07-17,America's Sweethearts,5.697,879
9715,12120,2.944,1988-12-09,My Stepmother Is an Alien,5.696,563
9716,19698,0.8139,1983-06-24,Porky's II: The Next Day,5.695,346
9717,520725,1.1854,2020-02-12,The Lost Prince,5.694,366
9718,11547,16.5701,2003-08-15,Cabin Fever,5.694,1410
9719,11398,1.0622,2000-08-25,The Art of War,5.694,539
9720,23823,9.6331,2009-10-08,Wrong Turn 3: Left for Dead,5.693,1248
9721,10154,0.9583,1999-08-16,Mickey Blue Eyes,5.693,587
9722,485811,1.2502,2018-09-07,Redcon-1,5.7,328
9723,265208,21.1051,2015-01-14,Wild Card,5.692,1898
9724,18501,5.4871,2009-09-03,Gamer,5.692,2569
9725,559401,1.6384,2019-05-24,Sibyl,5.691,510
9726,205584,7.3044,2016-02-25,Gods of Egypt,5.691,4297
9727,23410,1.3308,2009-08-30,The Thaw,5.7,342
9728,1097549,9.5995,2024-12-25,Babygirl,5.689,1135
9729,193687,4.3958,2015-08-13,Z for Zachariah,5.689,976
9730,167575,1.7992,2013-06-14,Hatchet III,5.689,381
9731,1149504,5.4879,2025-08-21,Honey Don't!,5.688,322
9732,11637,2.2526,2005-01-20,Are We There Yet?,5.7,1036
9733,10756,2.1434,2003-11-26,The Haunted Mansion,5.7,2107
9734,1705,3.2407,1973-06-15,Battle for the Planet of the Apes,5.688,1026
9735,12192,1.2642,2008-04-11,Pathology,5.7,503
9736,6071,1.2227,1995-04-21,Kiss of Death,5.687,351
9737,429476,1.5096,2018-09-27,Hell Fest,5.686,871
9738,334074,7.2746,2015-05-21,Survivor,5.686,1064
9739,12620,6.5686,2008-08-22,The House Bunny,5.7,2001
9740,10169,0.8978,1990-08-24,Men at Work,5.686,414
9741,397422,3.9872,2017-06-15,Rough Night,5.684,2076
9742,437425,0.6777,2017-03-15,You Choose!,5.7,320
9743,430040,2.0929,2018-02-28,The Hurricane Heist,5.683,1063
9744,312669,0.8717,2016-04-27,Maggie's Plan,5.683,399
9745,54445,1.8848,2011-03-01,S.W.A.T.: Firefight,5.683,396
9746,475220,2.0231,2018-12-06,In Fabric,5.681,359
9747,49014,11.4024,2012-05-25,Cosmopolis,5.681,1319
9748,25137,1.1153,2009-02-05,Beyond a Reasonable Doubt,5.681,334
9749,9890,2.5176,2004-06-10,The Stepford Wives,5.681,1397
9750,760195,1.0733,2021-04-30,Separation,5.68,323
9751,9009,15.036,2005-07-08,Dark Water,5.68,1098
9752,10905,1.639,1985-07-18,The Man with One Red Shoe,5.678,300
9753,658777,0.7555,2020-09-02,Freaks - You're One of Us,5.677,372
9754,575322,1.8997,2022-01-06,Project Gemini,5.7,487
9755,16643,2.1287,2002-04-24,Life or Something Like It,5.675,603
9756,16314,2.2995,1992-08-07,3 Ninjas,5.675,461
9757,2800,2.2864,2005-12-22,Rumor Has It...,5.675,1232
9758,440762,1.5312,2019-10-15,Jay and Silent Bob Reboot,5.674,591
9759,139567,1.9904,2012-08-31,Fire with Fire,5.674,720
9760,111440,4.0112,2012-05-25,The Pact,5.674,521
9761,86834,17.8892,2014-03-07,Noah,5.674,6524
9762,1244944,4.9591,2025-03-27,The Woman in the Yard,5.674,391
9763,999722,1.3567,2022-10-07,Old People,5.672,329
9764,12594,2.8283,1999-03-12,Wishmaster 2: Evil Never Dies,5.672,314
9765,10878,1.6642,2001-02-09,Saving Silverman,5.672,583
9766,9623,1.3091,1996-02-02,The Juror,5.672,428
9767,541560,0.6009,2018-05-05,The Wind,5.671,357
9768,394830,1.7524,2017-04-27,The Crucifixion,5.7,529
9769,51170,1.7603,2010-10-21,Open Season 3,5.671,661
9770,9757,9.7708,2007-02-08,Norbit,5.671,2552
9771,1226406,4.6334,2025-02-06,Love Hurts,5.678,343
9772,1265063,3.8277,2025-10-09,After the Hunt,5.667,450
9773,18298,0.9177,2001-12-12,The Three Kings,5.7,345
9774,1249289,4.5769,2025-01-16,Alarum,5.664,384
9775,438,4.9532,2004-10-10,Cube Zero,5.664,1122
9776,230222,2.3457,2013-10-17,Tarzan,5.663,614
9777,9381,3.7939,2008-08-20,Babylon A.D.,5.663,2219
9778,469876,0.2686,2017-11-09,Addio fottuti musi verdi,5.66,396
9779,95516,1.5722,2012-03-08,Cleanskin,5.7,343
9780,336011,1.9087,2016-09-02,White Girl,5.659,476
9781,230222,2.3457,2013-10-17,Tarzan,5.659,616
9782,1534,4.4061,2007-01-11,Pathfinder,5.659,763
9783,101519,0.7055,2012-06-07,A Fantastic Fear of Everything,5.658,311
9784,77875,1.1156,2012-11-29,Playing for Keeps,5.658,718
9785,2959,1.8229,2007-07-04,License to Wed,5.7,903
9786,50037,3.442,2010-12-03,Beyond the Black Rainbow,5.7,391
9787,28510,1.5712,2010-02-23,Universal Soldier: Regeneration,5.7,477
9788,11569,1.2497,1992-09-11,Hellraiser III: Hell on Earth,5.657,826
9789,10603,3.0356,1997-07-15,George of the Jungle,5.657,2208
9790,10134,2.8994,1989-04-07,Cyborg,5.657,806
9791,441384,0.9762,2019-03-21,The Beach Bum,5.7,550
9792,383869,0.5513,2016-06-01,Back to Mom's,5.656,461
9793,231001,1.3367,2013-10-29,All Hallows' Eve,5.656,647
9794,118957,2.3501,2012-09-05,Bait,5.656,795
9795,5552,0.8996,2004-03-13,Immortal,5.656,438
9796,410554,1.0128,2017-07-21,First Kill,5.7,582
9797,346808,6.3833,2015-10-15,Momentum,5.655,569
9798,39451,16.0958,2010-12-21,Little Fockers,5.655,3405
9799,11066,2.0161,1992-06-30,Boomerang,5.7,611
9800,9574,3.9391,1997-11-26,Flubber,5.655,2518
9801,653601,2.6013,2020-01-27,Horse Girl,5.654,591
9802,23398,4.7243,2009-12-21,Alvin and the Chipmunks: The Squeakquel,5.654,3092
9803,9927,1.0639,2005-12-23,The Ringer,5.654,341
9804,9447,1.9952,1998-11-25,Babe: Pig in the City,5.653,1305
9805,826749,1.8012,2021-12-17,Fortress,5.652,364
9806,384798,1.8719,2016-05-13,Kill Command,5.652,630
9807,114606,1.2377,2012-08-31,Cockneys vs Zombies,5.652,447
9808,72559,5.1989,2013-03-27,G.I. Joe: Retaliation,5.652,5710
9809,10200,4.069,2008-12-10,The Day the Earth Stood Still,5.652,3674
9810,9488,3.8795,2002-08-07,Spy Kids 2: The Island of Lost Dreams,5.653,2318
9811,480414,3.8802,2019-04-17,The Curse of La Llorona,5.7,2624
9812,342474,0.8134,2015-07-31,Jenny's Wedding,5.65,432
9813,340584,0.8309,2016-11-04,Lavender,5.65,356
9814,336455,3.4762,2016-02-18,Viral,5.65,547
9815,929,6.5126,1998-05-20,Godzilla,5.65,4153
9816,714375,0.7727,2020-07-16,Fatal Affair,5.649,306
9817,490448,0.372,2018-09-15,Our Happy Holiday,5.649,400
9818,24271,1.3367,2009-05-09,The Maiden Heist,5.649,370
9819,806,7.9477,2006-06-06,The Omen,5.649,1168
9820,152790,0.9937,2014-05-23,The Angriest Man in Brooklyn,5.6,540
9821,429471,1.8083,2019-03-15,Captive State,5.647,1230
9822,13596,1.9751,2008-09-19,My Best Friend's Girl,5.647,791
9823,604563,1.3941,2021-08-04,OSS 117: From Africa with Love,5.646,851
9824,12662,2.3399,1986-04-02,Psycho III,5.646,421
9825,8277,4.5877,2007-12-19,American Pie Presents: Beta House,5.646,1985
9826,958196,9.6769,2023-03-09,Inside,5.645,505
9827,624808,1.0511,2020-04-10,Love Wedding Repeat,5.645,715
9828,484437,1.39,2019-03-01,The Hole in the Ground,5.645,735
9829,253344,1.6289,2015-07-16,Some Kind of Beautiful,5.645,602
9830,301372,4.5936,2017-04-28,Voice from the Stone,5.6,492
9831,16337,5.5579,1986-08-22,The Texas Chainsaw Massacre 2,5.6,993
9832,8202,6.6175,2005-11-30,Æon Flux,5.643,2405
9833,50135,1.0391,2010-10-07,Animals United,5.6,339
9834,9622,1.8383,1997-01-17,Beverly Hills Ninja,5.642,830
9835,400710,3.0311,2017-09-28,Flatliners,5.641,2364
9836,49849,7.1123,2011-07-29,Cowboys & Aliens,5.641,5326
9837,23730,1.103,1984-08-31,C.H.U.D.,5.64,303
9838,11056,0.9227,2002-10-11,Darkness,5.64,422
9839,9849,1.158,1999-02-11,My Favorite Martian,5.64,339
9840,9327,2.8822,1996-06-28,The Nutty Professor,5.64,3066
9841,146238,9.3462,2013-09-24,Runner Runner,5.639,1303
9842,18480,2.7542,2009-07-08,Brüno,5.639,1871
9843,7341,1.0239,1999-03-12,The Rage: Carrie 2,5.637,452
9844,252680,1.1599,2014-03-25,Moms' Night Out,5.636,305
9845,146375,0.9233,2012-12-15,On the Other Side of the Tracks,5.636,698
9846,10163,1.8766,1992-03-05,The Lawnmower Man,5.636,827
9847,22825,6.7086,2009-10-29,The Box,5.635,1858
9848,13260,10.9873,2008-02-28,Semi-Pro,5.635,858
9849,531499,2.4231,2020-08-07,The Tax Collector,5.6,515
9850,414191,0.5511,2018-07-27,Our House,5.634,354
9851,354282,1.3306,2016-02-17,Science Fiction Volume One: The Osiris Child,5.627,523
9852,12518,0.9856,1992-08-28,Honeymoon in Vegas,5.633,315
9853,692969,2.9086,2020-10-22,Cadaver,5.631,677
9854,19173,2.9902,2008-10-17,Diary of a Nymphomaniac,5.631,359
9855,14239,2.2574,1992-07-10,Cool World,5.632,787
9856,1010600,4.2422,2024-05-15,The Strangers: Chapter 1,5.634,691
9857,345914,1.5593,2017-06-29,The House,5.63,963
9858,231474,1.1384,2013-10-25,The Hunters,5.6,353
9859,1979,7.0948,2007-06-13,Fantastic Four: Rise of the Silver Surfer,5.63,8305
9860,384521,6.8778,2018-02-04,The Cloverfield Paradox,5.629,3500
9861,6171,3.0992,2003-03-21,Dreamcatcher,5.629,1878
9862,866413,1.8952,2023-01-20,You People,5.628,756
9863,434555,3.8173,2018-11-29,The Possession of Hannah Grace,5.628,1466
9864,346910,12.6357,2018-09-05,The Predator,5.628,5051
9865,804616,1.5593,2024-03-22,Something in the Water,5.6,302
9866,542917,1.0251,2019-10-25,Twin Murders: The Silence of the White City,5.627,339
9867,302150,2.9559,2017-06-08,The Hunter's Prayer,5.627,426
9868,271185,1.1258,2014-04-19,Ask Me Anything,5.6,422
9869,49787,1.5943,2010-05-15,The Reef,5.627,595
9870,106747,14.5543,2013-09-12,Machete Kills,5.623,2007
9871,9676,2.3017,2006-09-15,The Black Dahlia,5.623,1187
9872,70074,2.0483,2012-11-14,Bullet to the Head,5.622,1348
9873,11888,2.7147,2002-01-18,Snow Dogs,5.622,769
9874,254302,13.846,2015-11-22,High-Rise,5.618,1234
9875,10956,2.2999,2001-04-10,Joe Dirt,5.6,786
9876,1819,1.4501,2006-07-13,"You, Me and Dupree",5.62,1413
9877,748853,0.7696,2021-04-16,In the Earth,5.619,385
9878,237756,0.8606,2015-04-10,Kill Me Three Times,5.619,569
9879,10762,2.0176,2004-08-20,Without a Paddle,5.619,694
9880,5146,1.0295,2003-05-23,The In-Laws,5.6,304
9881,19912,6.5131,2009-08-26,The Final Destination,5.617,3826
9882,17047,1.1508,2004-03-12,Agent Cody Banks 2: Destination London,5.614,668
9883,9513,2.8094,2006-06-15,Garfield: A Tail of Two Kitties,5.616,2322
9884,420950,0.8079,2017-02-08,Alone,5.614,520
9885,11377,1.6868,1999-10-29,House on Haunted Hill,5.6,944
9886,9703,1.9658,2007-04-19,The Last Legion,5.6,838
9887,83770,2.9776,2012-05-22,On the Road,5.612,891
9888,52449,4.0437,2011-05-16,Bad Teacher,5.61,4898
9889,11804,1.4156,2005-01-07,White Noise,5.611,855
9890,6058,1.1652,1998-07-10,The Patriot,5.611,397
9891,291272,0.5326,2015-06-05,We Are Still Here,5.61,519
9892,144336,4.6885,2014-03-28,Sabotage,5.61,1502
9893,10206,4.3171,1992-07-24,Buffy the Vampire Slayer,5.61,893
9894,82687,1.6202,2012-12-19,The Guilt Trip,5.609,755
9895,412105,1.1485,2017-06-19,You Get Me,5.608,1712
9896,659986,0.888,2020-08-27,The Owners,5.607,435
9897,354287,6.5362,2017-05-26,War Machine,5.607,1212
9898,244516,0.2813,2013-12-19,Indovina chi viene a Natale?,5.607,369
9899,185341,1.6724,2014-10-31,[REC]⁴ Apocalypse,5.608,1246
9900,457943,4.084,2018-10-31,Slaughterhouse Rulez,5.605,491
9901,195269,0.952,2013-06-01,12 Rounds 2: Reloaded,5.605,301
9902,10610,3.0676,2003-08-15,The Medallion,5.605,1171
9903,9794,3.3004,2006-10-06,Employee of the Month,5.605,688
9904,11812,4.4617,2002-04-12,The Sweetest Thing,5.604,1159
9905,9954,2.554,2006-09-07,The Covenant,5.6,1079
9906,500916,3.3116,2019-12-27,Primal,5.6,418
9907,1212142,2.3105,2025-02-04,Kinda Pregnant,5.601,307
9908,1091181,5.9584,2024-10-22,Family Pack,5.601,527
9909,207769,23.2002,2013-11-06,Banshee Chapter,5.601,302
9910,144340,1.3549,2013-03-21,Admission,5.601,643
9911,2335,2.5432,2007-02-10,Taxi 4,5.601,1321
9912,73936,0.9141,2011-10-14,Retreat,5.6,325
9913,9586,1.4744,1990-12-21,The Bonfire of the Vanities,5.6,525
9914,1010826,0.9431,2023-08-25,Killer Book Club,5.599,309
9915,6519,3.2127,2005-08-05,The Dukes of Hazzard,5.6,1278
9916,718444,1.4276,2020-08-20,Rogue,5.598,726
9917,2900,1.5827,1999-08-27,The Astronaut's Wife,5.598,973
9918,1105407,2.3751,2024-04-12,Damaged,5.597,341
9919,458109,1.2321,2018-04-06,Spinning Man,5.6,474
9920,84165,0.6024,2012-03-28,2 Days in New York,5.597,304
9921,118289,9.073,2013-09-19,Diana,5.596,503
9922,9969,2.032,2006-11-22,Deck the Halls,5.596,788
9923,365177,8.0841,2024-08-07,Borderlands,5.597,1417
9924,22787,2.0052,2009-09-09,Whiteout,5.595,825
9925,26198,6.0162,1983-12-16,The Keep,5.594,302
9926,20483,0.8264,2004-02-06,Catch That Kid,5.594,316
9927,164251,1.487,2014-10-12,Serena,5.593,1059
9928,40805,4.0153,2011-01-12,The Green Hornet,5.593,3428
9929,10329,14.5345,1995-06-09,Congo,5.593,962
9930,890656,1.0303,2022-02-18,Fistful of Vengeance,5.6,327
9931,479040,1.6415,2018-01-12,Acts of Violence,5.6,436
9932,80035,2.8969,2012-07-26,The Watch,5.592,2436
9933,9334,6.3503,2002-04-18,The Scorpion King,5.592,3323
9934,7839,1.418,2006-09-09,Wedding Daze,5.6,397
9935,373314,7.143,2016-02-05,Misconduct,5.6,599
9936,136911,1.0876,2012-10-20,The Factory,5.6,302
9937,1250,7.5684,2007-01-15,Ghost Rider,5.59,6353
9938,842934,2.1018,2022-11-16,Poker Face,5.589,406
9939,306523,0.3289,2014-11-27,Ogni maledetto Natale,5.589,327
9940,1214509,5.4263,2024-05-31,In a Violent Nature,5.588,512
9941,1212142,2.3105,2025-02-04,Kinda Pregnant,5.601,307
9942,602211,4.4659,2020-10-19,Fatman,5.587,942
9943,419472,4.6903,2017-01-22,The Polka King,5.587,317
9944,36298,0.3423,2010-01-05,"Me, Them and Lara",5.587,309
9945,18885,1.2434,1994-02-25,3 Ninjas Kick Back,5.587,315
9946,286567,1.5287,2016-10-14,Max Steel,5.586,837
9947,11037,1.6661,1986-01-17,Iron Eagle,5.586,324
9948,7233,2.2303,2005-07-01,Rebound,5.586,349
9949,2698,13.1924,2007-06-09,Evan Almighty,5.586,4503
9950,219318,1.171,2013-10-02,The Volcano,5.587,676
9951,46837,1.9288,2010-10-06,Kaboom,5.585,355
9952,14361,1.075,1992-09-18,Captain Ron,5.585,319
9953,74461,1.0051,2014-01-21,Knights of Badassdom,5.584,437
9954,13803,3.7791,2008-10-09,Amusement,5.6,378
9955,10375,14.9739,2002-01-04,D-Tox,5.6,697
9956,68684,5.6323,2012-04-06,Detention,5.582,410
9957,57431,5.1236,2011-12-09,The Sitter,5.582,998
9958,10802,5.9056,1995-09-22,Showgirls,5.582,1352
9959,382511,2.2819,2016-09-28,Penny Pincher!,5.582,949
9960,300665,11.9145,2017-09-14,Leatherface,5.581,1415
9961,1975,2.047,2006-10-12,The Grudge 2,5.581,1101
9962,1096342,2.6206,2024-01-24,Beautiful Wedding,5.58,307
9963,10727,2.0168,2003-01-24,Darkness Falls,5.579,644
9964,13572,2.7603,2004-02-27,Twisted,5.578,592
9965,1927,16.5058,2003-06-19,Hulk,5.578,6185
9966,744594,1.4445,2022-11-25,White Noise,5.577,782
9967,456740,4.3168,2019-04-10,Hellboy,5.577,3653
9968,195590,22.498,2016-06-10,Collide,5.577,631
9969,20737,3.3714,1997-08-01,Air Bud,5.6,504
9970,241257,2.3829,2015-10-01,Regression,5.576,1866
9971,14435,2.1294,2009-01-16,My Bloody Valentine,5.576,1291
9972,13767,4.8479,2006-11-02,The Santa Clause 3: The Escape Clause,5.576,1155
9973,288171,0.5313,2016-02-02,Blue Mountain State: The Rise of Thadland,5.6,314
9974,82679,1.6477,2012-10-24,Fun Size,5.6,445
9975,14175,1.975,2005-03-25,Valiant,5.6,951
9976,174316,0.6414,2013-11-06,A Case of You,5.6,317
9977,346671,1.5241,2017-08-08,Little Evil,5.572,974
9978,100042,5.6175,2014-11-12,Dumb and Dumber To,5.573,3369
9979,27475,4.323,1982-09-10,The Slumber Party Massacre,5.6,389
9980,1125510,4.9406,2024-09-27,The Platform 2,5.57,1378
9981,42441,0.5149,1999-10-01,Tifosi,5.6,348
9982,2210,1.6433,1988-09-08,Earth Girls Are Easy,5.57,400
9983,9793,5.432,2007-03-22,The Hills Have Eyes 2,5.569,1579
9984,397415,2.3285,2017-03-16,Vengeance: A Love Story,5.6,331
9985,41515,1.5242,2010-12-17,Yogi Bear,5.565,929
9986,14365,2.9298,2002-05-10,Killing Me Softly,5.566,355
9987,823461,0.8127,2021-06-23,Good on Paper,5.565,331
9988,10050,1.1235,2001-03-08,Get Over It,5.6,302
9989,9022,1.3526,2006-09-09,All the Boys Love Mandy Lane,5.565,697
9990,485504,0.9668,2017-12-08,El Camino Christmas,5.564,337
9991,369776,1.41,2016-02-03,The Tuche Family: The American Dream,5.564,1010
9992,401371,7.0552,2018-02-23,Mute,5.563,1133
9993,9776,1.1428,2003-03-28,Head of State,5.563,311
9994,10984,13.6119,2001-02-02,Valentine,5.562,592
9995,364116,1.2773,2016-02-25,The Other Side of the Door,5.561,881
9996,830764,2.5088,2023-09-23,Pet Sematary: Bloodlines,5.56,417
9997,13025,1.7385,2007-05-26,Diary of the Dead,5.56,860
9998,12705,1.4741,1980-08-15,Smokey and the Bandit II,5.56,308
9999,12521,13.789,1989-03-23,Shocker,5.56,456
10000,122857,1.4725,2012-10-04,Universal Soldier: Day of Reckoning,5.6,474
10001,11811,2.3922,1993-01-08,Leprechaun,5.6,843
10002,13401,1.2745,2008-02-29,The Accidental Husband,5.6,581
10003,12618,1.507,1999-10-08,Random Hearts,5.558,413
10004,10075,1.7094,2007-01-26,Blood and Chocolate,5.558,326
10005,101179,1.7806,2012-08-05,Truth or Dare,5.557,410
10006,54054,2.0446,2012-01-26,One for the Money,5.555,999
10007,368031,2.1427,2016-01-07,Friend Request,5.554,1306
10008,38322,1.9275,2011-02-16,"Big Mommas: Like Father, Like Son",5.6,1287
10009,11523,1.1838,2003-03-21,View from the Top,5.6,593
10010,9879,4.6057,1996-06-28,Striptease,5.554,1157
10011,9697,1.9054,2006-07-19,Lady in the Water,5.6,1459
10012,15671,2.0975,2008-07-13,Picture This,5.553,321
10013,22949,2.0712,2009-11-24,Old Dogs,5.552,775
10014,19899,6.9402,2009-09-19,Couples Retreat,5.552,2066
10015,19556,1.6463,2009-03-13,Miss March,5.558,379
10016,421792,1.171,2018-08-01,Down a Dark Hall,5.551,717
10017,301846,1.0257,2015-10-01,Howl,5.551,554
10018,255798,0.7744,2014-09-04,Burying the Ex,5.551,513
10019,867,4.2568,1993-05-21,Sliver,5.551,781
10020,335788,1.2151,2017-08-21,Renegades,5.5,359
10021,76649,6.6321,2014-02-18,Pompeii,5.55,3352
10022,16300,1.8214,2001-02-16,Down to Earth,5.55,422
10023,11045,3.4605,2004-10-06,Taxi,5.55,1147
10024,1665,0.8946,2005-06-12,Last Days,5.55,400
10025,587496,21.5361,2020-07-23,The Rental,5.55,971
10026,525657,0.9733,2019-06-14,Daughter of the Wolf,5.549,336
10027,134366,1.8743,2012-10-12,Grave Encounters 2,5.549,993
10028,23742,5.0358,2010-02-26,Cop Out,5.549,1602
10029,10438,1.5344,1993-12-14,Beethoven's 2nd,5.5,1048
10030,83,1.6506,2004-08-06,Open Water,5.549,1117
10031,520360,1.6604,2018-09-04,King of Thieves,5.545,452
10032,49012,1.6651,2011-04-08,Arthur,5.548,779
10033,26688,11.278,2009-09-09,Sorority Row,5.548,607
10034,61012,7.5459,2012-10-10,Silent Hill: Revelation 3D,5.546,1815
10035,5851,2.4485,2002-03-14,Showtime,5.547,1053
10036,973912,0.7872,2024-02-07,Cocorico,5.5,313
10037,277355,5.1945,2015-02-26,Everly,5.546,573
10038,174321,1.8266,2013-05-16,The English Teacher,5.545,370
10039,10885,4.2228,2008-03-21,Shutter,5.545,804
10040,36355,2.8502,1996-05-17,Flipper,5.544,343
10041,9904,3.0383,2006-04-06,The Wild,5.5,1115
10042,523139,2.1934,2019-09-20,In the Tall Grass,5.543,2364
10043,582607,0.7228,2019-05-03,See You Yesterday,5.542,553
10044,339530,1.1961,2015-10-06,Tremors 5: Bloodlines,5.5,448
10045,180296,4.329,2014-06-27,They Came Together,5.542,438
10046,43919,1.3934,2010-10-01,Hatchet II,5.543,399
10047,277685,2.4931,2014-10-22,Unfriended,5.54,3492
10048,19918,1.9165,2009-01-16,Spread,5.54,924
10049,6589,2.1654,2007-08-03,Underdog,5.5,747
10050,602654,2.8857,2020-10-29,Horizon Line,5.539,411
10051,10923,2.4365,2003-03-14,Agent Cody Banks,5.538,1147
10052,82390,1.3039,2012-09-14,The Paperboy,5.538,798
10053,8080,1.5183,2004-08-27,Suspect Zero,5.538,343
10054,13043,2.039,2006-04-26,Camping,5.537,887
10055,703745,1.3598,2020-08-25,Deep Blue Sea 3,5.536,345
10056,11335,3.1489,1980-12-12,Popeye,5.5,681
10057,560144,4.7306,2020-10-25,Skylines,5.534,590
10058,575479,1.7012,2019-08-28,An Easy Girl,5.533,370
10059,313943,3.1779,2017-07-01,Revolt,5.5,390
10060,77663,2.0594,2013-07-12,Killing Season,5.533,1021
10061,27,8.4522,2004-07-16,9 Songs,5.533,566
10062,8859,2.1993,2000-12-15,"Dude, Where's My Car?",5.532,2031
10063,399173,4.4272,2016-06-08,The Assignment,5.531,549
10064,97430,1.6727,2012-11-02,The Man with the Iron Fists,5.531,1191
10065,10008,1.3536,2005-05-05,An American Haunting,5.531,524
10066,9568,2.813,1996-06-07,The Dentist,5.531,327
10067,340103,0.9512,2016-11-11,The Monster,5.53,593
10068,399131,1.6669,2018-04-20,Dude,5.529,757
10069,612152,14.9493,2019-07-18,Secret Obsession,5.5,1159
10070,475430,7.4221,2020-05-29,Artemis Fowl,5.526,1717
10071,339988,6.1536,2017-04-27,The Circle,5.526,4554
10072,47327,3.6289,2011-02-24,Drive Angry,5.524,1991
10073,13160,1.0601,2008-02-01,Over Her Dead Body,5.525,480
10074,23437,3.5209,2010-04-30,A Nightmare on Elm Street,5.523,2869
10075,23047,3.7826,2011-01-07,Season of the Witch,5.522,2606
10076,13761,1.9186,1998-08-04,Pocahontas II: Journey to a New World,5.522,1425
10077,10197,1.5648,2009-12-03,Nine,5.522,624
10078,339547,2.4088,2016-01-22,Jeruzalem,5.521,634
10079,150117,1.1526,2013-02-08,I Give It a Year,5.521,785
10080,150117,1.1526,2013-02-08,I Give It a Year,5.521,785
10081,469721,6.7128,2017-11-24,The Cured,5.5,397
10082,385332,6.1654,2018-05-10,Terminal,5.52,862
10083,467673,0.6716,2018-06-27,Budapest,5.519,467
10084,25678,1.2632,1987-05-01,American Ninja 2: The Confrontation,5.519,313
10085,314385,1.5416,2015-11-12,By the Sea,5.518,617
10086,282035,4.9332,2017-06-06,The Mummy,5.518,7546
10087,210860,13.6228,2015-01-21,Mortdecai,5.5,2735
10088,444902,1.469,2017-05-24,Dirty Dancing,5.517,449
10089,433630,1.1439,2017-06-30,Inconceivable,5.517,362
10090,287948,3.1317,2015-09-02,The Transporter Refueled,5.517,1580
10091,68737,8.6032,2014-12-12,Seventh Son,5.517,2617
10092,222936,2.2601,2015-05-29,Aloha,5.515,2131
10093,201088,6.8826,2015-01-13,Blackhat,5.516,2155
10094,1161048,1.0413,2023-10-13,The Conference,5.514,396
10095,70578,2.9251,2011-10-13,Trespass,5.514,1201
10096,3132,3.4398,2002-06-07,Bad Company,5.514,846
10097,420245,1.6625,2017-01-12,Don't Knock Twice,5.513,779
10098,124470,1.3786,2014-03-17,Exists,5.513,381
10099,46441,1.1541,2010-10-18,Mirrors 2,5.513,430
10100,411144,1.0908,2019-05-17,We Have Always Lived in the Castle,5.512,324
10101,77234,1.2715,2013-04-18,The Numbers Station,5.5,585
10102,17350,1.4009,2005-03-30,The Brice Man,5.513,1266
10103,10587,5.2203,1987-04-02,Police Academy 4: Citizens on Patrol,5.512,1251
10104,1735,5.0512,2008-07-01,The Mummy: Tomb of the Dragon Emperor,5.512,4732
10105,957304,2.2626,2024-02-22,Drive-Away Dolls,5.514,550
10106,613377,1.1686,2020-10-14,30 Days Max,5.515,399
10107,246403,5.0345,2014-09-19,Tusk,5.511,1569
10108,12121,0.9803,1993-01-06,Made in America,5.5,385
10109,466622,0.9708,2020-01-31,The Rhythm Section,5.508,650
10110,89008,4.7196,2011-09-09,The Oranges,5.508,506
10111,442064,13.8869,2018-01-12,Proud Mary,5.507,526
10112,16258,5.203,2009-01-09,The Butterfly Effect 3: Revelations,5.507,605
10113,613911,4.1849,2021-02-05,Bliss,5.5,663
10114,343173,2.9287,2015-06-15,The Rezort,5.506,402
10115,10342,0.9835,1999-08-11,Teaching Mrs. Tingle,5.506,362
10116,10988,1.1353,1996-03-22,Diabolique,5.5,311
10117,10481,2.6424,2000-10-07,102 Dalmatians,5.5,1453
10118,58444,0.4947,2011-02-04,Women Vs Men,5.5,635
10119,11817,4.164,2003-03-28,Bulletproof Monk,5.5,981
10120,11817,4.164,2003-03-28,Bulletproof Monk,5.5,981
10121,11249,8.3458,2004-11-12,Seed of Chucky,5.504,1731
10122,9271,2.5033,1995-08-04,Virtuosity,5.504,591
10123,1072342,4.2807,2024-01-03,Night Swim,5.503,823
10124,9531,9.7341,1983-06-17,Superman III,5.503,1842
10125,262338,6.3462,2014-08-12,Good People,5.5,485
10126,244566,0.9553,2014-08-15,Life After Beth,5.498,717
10127,11237,3.1264,2004-08-25,Anacondas: The Hunt for the Blood Orchid,5.498,1083
10128,10546,1.9089,1996-08-29,The Crow: City of Angels,5.498,591
10129,248507,1.6093,2014-02-26,Superchondriac,5.497,1117
10130,8275,4.8186,2006-12-13,American Pie Presents: The Naked Mile,5.497,2154
10131,7840,3.4958,2008-03-04,"10,000 BC",5.497,3126
10132,97434,7.341,2012-04-25,Gambit,5.495,714
10133,1242434,7.9733,2025-08-14,Highest 2 Lowest,5.5,434
10134,18009,1.3649,1994-04-08,Leprechaun 2,5.494,362
10135,850018,0.9137,2022-03-11,Windfall,5.493,470
10136,50647,2.0532,2012-02-23,Wanderlust,5.493,1314
10137,1499,2.237,1993-03-17,Teenage Mutant Ninja Turtles III,5.5,892
10138,348537,0.4675,2015-11-20,Spanish Affair 2,5.492,424
10139,532710,9.9423,2022-05-12,Firestarter,5.5,795
10140,265016,3.0171,2014-10-17,Extraterrestrial,5.491,549
10141,230179,2.2037,2014-09-05,Big Game,5.491,1216
10142,9471,3.7256,2003-06-25,Charlie's Angels: Full Throttle,5.49,3234
10143,63207,1.1964,2011-09-12,Intruders,5.489,548
10144,513083,2.2875,2019-05-08,Wine Country,5.488,526
10145,4257,12.7149,2006-04-12,Scary Movie 4,5.487,3503
10146,52124,0.5135,2009-12-17,Me & Marilyn,5.486,414
10147,127493,14.4464,2012-09-06,Stolen,5.485,1097
10148,326,5.8044,2006-08-17,Snakes on a Plane,5.485,1932
10149,9842,1.3261,2006-09-29,School for Scoundrels,5.483,378
10150,19585,4.2821,2009-07-24,G-Force,5.481,1980
10151,11607,1.2087,1989-01-13,DeepStar Six,5.481,340
10152,10281,3.3283,1988-05-13,Friday the 13th Part VII - The New Blood,5.481,1181
10153,419700,1.2335,2017-04-14,Sandy Wexler,5.48,586
10154,76617,6.7906,2013-01-03,Texas Chainsaw 3D,5.481,1788
10155,13564,1.3165,2007-10-03,Return to House on Haunted Hill,5.48,320
10156,437,1.8433,2002-04-15,Cube 2: Hypercube,5.5,1569
10157,615678,1.5503,2021-04-09,Thunder Force,5.5,1315
10158,330947,4.4747,2017-03-17,Song to Song,5.5,909
10159,43931,0.9025,2010-10-08,My Soul to Take,5.5,547
10160,450179,0.7686,2017-05-10,Problemos,5.478,433
10161,345067,0.3537,2015-06-18,Torno indietro e cambio vita,5.478,320
10162,553141,0.7823,2019-04-05,The Head Hunter,5.477,329
10163,86868,1.0848,2012-01-31,Would I Lie to You? 3,5.475,345
10164,10906,2.3964,1992-08-28,Pet Sematary II,5.477,591
10165,11618,3.8328,1999-07-23,The Haunting,5.476,1493
10166,266639,0.815,2015-10-22,Jem and the Holograms,5.475,398
10167,9796,3.2596,2006-12-01,Turistas,5.475,875
10168,23023,2.0749,2010-01-14,Tooth Fairy,5.474,2079
10169,9592,1.3561,2006-07-10,Open Water 2: Adrift,5.474,710
10170,13493,0.9704,2008-03-07,College Road Trip,5.473,405
10171,9067,10.2073,1995-03-31,Tank Girl,5.5,560
10172,54309,0.6633,2007-02-14,The Night Before the Exams Today,5.472,686
10173,125509,11.1539,2012-10-18,Wrong Turn 5: Bloodlines,5.471,1020
10174,9356,1.4932,1990-12-14,Look Who's Talking Too,5.471,1459
10175,465109,1.3325,2018-04-27,The Week Of,5.47,843
10176,253310,1.2929,2014-07-02,Premature,5.469,473
10177,14034,5.4808,2001-05-31,What's the Worst That Could Happen?,5.469,320
10178,2752,1.1523,2002-03-01,40 Days and 40 Nights,5.469,1191
10179,8274,4.3207,2005-11-23,American Pie Presents: Band Camp,5.468,2194
10180,87368,5.7234,2011-06-13,17 Girls,5.5,325
10181,75198,0.9787,2011-10-05,Welcome Aboard,5.466,539
10182,9456,1.3957,2000-01-23,The Crow: Salvation,5.466,399
10183,8274,4.3207,2005-11-23,American Pie Presents: Band Camp,5.466,2196
10184,2752,1.1523,2002-03-01,40 Days and 40 Nights,5.466,1193
10185,456750,3.258,2018-03-23,"Game Over, Man!",5.465,958
10186,4551,2.515,2005-03-04,Be Cool,5.464,956
10187,286873,1.3441,2014-10-23,Northmen: A Viking Saga,5.462,359
10188,9612,2.7993,1993-07-23,Coneheads,5.462,1006
10189,239573,1.2731,2015-03-05,Unfinished Business,5.5,855
10190,10007,2.1984,2006-05-19,See No Evil,5.461,693
10191,1063422,1.7813,2023-02-17,The Strays,5.459,398
10192,10063,2.0915,2006-05-17,The Breed,5.5,413
10193,615177,1.0832,2020-04-03,Coffee & Kareem,5.5,433
10194,375327,0.8401,2017-09-22,Submergence,5.5,312
10195,76757,10.114,2015-02-04,Jupiter Ascending,5.456,7022
10196,414,7.0397,1995-06-16,Batman Forever,5.454,5504
10197,452832,2.7244,2019-01-24,Serenity,5.453,1608
10198,241258,1.5467,2016-12-01,Incarnate,5.453,594
10199,75622,3.9762,2011-11-23,Rampart,5.452,393
10200,1641,1.2059,1999-03-12,Forces of Nature,5.452,588
10201,286873,1.3441,2014-10-23,Northmen: A Viking Saga,5.462,359
10202,9278,2.1125,1992-01-17,Freejack,5.451,349
10203,581644,10.3948,2021-06-03,The Misfits,5.45,497
10204,10824,0.8172,1995-03-17,Candyman: Farewell to the Flesh,5.45,409
10205,104755,1.0493,2013-04-18,The Lords of Salem,5.448,914
10206,395841,3.9968,2018-09-22,Hold the Dark,5.446,1028
10207,14560,2.3186,2009-01-15,Paul Blart: Mall Cop,5.446,2680
10208,12657,6.0187,2004-05-28,Soul Plane,5.446,489
10209,284564,1.7248,2016-09-15,31,5.4,848
10210,454283,1.5923,2018-06-01,Action Point,5.4,358
10211,401905,11.6611,2018-05-12,Fahrenheit 451,5.444,923
10212,362826,1.845,2018-04-13,Wildling,5.4,384
10213,178809,10.4483,2013-04-12,The Colony,5.444,1222
10214,9042,2.3123,2005-08-26,The Cave,5.444,1004
10215,488113,0.8916,2017-12-14,Christmas Wedding Planner,5.4,424
10216,1977,1.7312,2009-05-12,The Grudge 3,5.442,650
10217,447665,2.5123,2018-01-26,Kickboxer: Retaliation,5.439,319
10218,18162,4.8809,2009-06-05,Land of the Lost,5.4,1405
10219,50217,1.0237,2011-01-28,From Prada to Nada,5.4,330
